form	count	english candidates	example
imundície	68	uncleanness (0.58), filthiness (0.53), unclean (0.11), fornication (0.10)	1 Néfi 15:27 — And I said unto them that the water which my father saw was filthiness; and so much was his mind swallowed up in other things that he beheld not the f
assolação	68	desolation (0.32), desolate (0.28), waste (0.15), dragons (0.09)	2 Crônicas 29:8 — Wherefore the wrath of the LORD was upon Judah and Jerusalem, and he hath delivered them to trouble, to astonishment, and to hissing, as ye see with y
derramamento	61	shedding (0.55), bloodshed (0.53), bloodsheds (0.13), wars (0.11)	1 Samuel 25:26 — Now therefore, my lord, as the LORD liveth, and as thy soul liveth, seeing the LORD hath withholden thee from coming to shed blood, and from avenging 
bode	56	goat (0.55), kid (0.53), goats (0.38), continual (0.20)	Daniel 8:5 — And as I was considering, behold, an he goat came from the west on the face of the whole earth, and touched not the ground: and the goat had a notable
antiguidade	53	old (0.15), ancient (0.13), seer (0.07), renown (0.06)	2 Pedro 3:5 — For this they willingly are ignorant of, that by the word of God the heavens were of old, and the earth standing out of the water and in the water:
libações	34	offerings (0.24), bullocks (0.21), rams (0.18), lambs (0.17)	1 Crônicas 29:21 — And they sacrificed sacrifices unto the LORD, and offered burnt offerings unto the LORD, on the morrow after that day, even a thousand bullocks, a tho
iníquo	34	wicked (0.11), ethem (0.11), transgressor (0.09), liar (0.07)	1 Coríntios 5:13 — But them that are without God judgeth. Therefore put away from among yourselves that wicked person.
libação	31	continual (0.27), hin (0.24), savour (0.17), goat (0.16)	2 Reis 16:13 — And he burnt his burnt offering and his meat offering, and poured his drink offering, and sprinkled the blood of his peace offerings, upon the altar.
longanimidade	30	longsuffering (0.50), suffering (0.41), long-suffering (0.24), patience (0.18)	1 Néfi 19:9 — And the world, because of their iniquity, shall judge him to be a thing of naught; wherefore they scourge him, and he suffereth it; and they smite him
intermédio	28	ordain (0.08), imparteth (0.07), select (0.07), remission (0.07)	2 Néfi 2:6 — Wherefore, redemption cometh in and through the Holy Messiah; for he is full of grace and truth.
exceção	24	settled (0.11), save (0.08), billings (0.08), dispose (0.08)	1 Reis 15:22 — Then king Asa made a proclamation throughout all Judah; none was exempted: and they took away the stones of Ramah, and the timber thereof, wherewith B
acepção	24	persons (0.43), respect (0.40), respecter (0.34), partial (0.13)	1 Pedro 1:17 — And if ye call on the Father, who without respect of persons judgeth according to every man's work, pass the time of your sojourning here in fear:
grandiosas	21	reveal (0.12), boasts (0.10), sets (0.10), consistently (0.10)	1 Néfi 15:3 — For he truly spake many great things unto them, which were hard to be understood, save a man should inquire of the Lord; and they being hard in their 
retaguarda	21	rear (0.52), rereward (0.48), rearward (0.27), blowing (0.17)	1 Samuel 29:2 — And the lords of the Philistines passed on by hundreds, and by thousands: but David and his men passed on in the rereward with Achish.
estultícia	21	foolishness (0.42), folly (0.41), fools (0.18), madness (0.14)	Eclesiastes 2:13 — Then I saw that wisdom excelleth folly, as far as light excelleth darkness.
desígnios	20	purposes (0.29), designs (0.27), design (0.17), intents (0.14)	1 Coríntios 4:5 — Therefore judge nothing before the time, until the Lord come, who both will bring to light the hidden things of darkness, and will make manifest the c
ombreiras	19	shoulderpieces (0.36), posts (0.31), lintel (0.27), ephod (0.20)	1 Reis 6:31 — And for the entering of the oracle he made doors of olive tree: the lintel and side posts were a fifth part of the wall.
consagração	19	dedication (0.50), consecration (0.45), sheriffs (0.20), dedicating (0.20)	2 Crônicas 7:9 — And in the eighth day they made a solemn assembly: for they kept the dedication of the altar seven days, and the feast seven days.
dízimo	18	tithing (0.36), tithe (0.32), tithed (0.30), mint (0.21)	1 Samuel 8:17 — He will take the tenth of your sheep: and ye shall be his servants.
iníqua	18	combination (0.15), perverse (0.13), plunderers (0.11), traps (0.10)	2 Néfi 10:3 — Wherefore, as I said unto you, it must needs be expedient that Christ—for in the last night the angel spake unto me that this should be his name—shoul
tribuno	18	roman (0.26), castle (0.22), captain (0.22), centurions (0.19)	Atos 21:31 — And as they went about to kill him, tidings came unto the chief captain of the band, that all Jerusalem was in an uproar.
entanto	16	wrestling (0.12), ringlets (0.12), hicks (0.12), dungeons (0.11)	1 Néfi 11:17 — And I said unto him: I know that he loveth his children; nevertheless, I do not know the meaning of all things.
gaditas	15	gadites (0.97), reubenites (0.77), manassites (0.22), arnon (0.16)	1 Crônicas 5:18 — The sons of Reuben, and the Gadites, and half the tribe of Manasseh, of valiant men, men able to bear buckler and sword, and to shoot with bow, and sk
sidônios	14	zidonians (0.64), sidonians (0.56), ashtoreth (0.38), milcom (0.38)	1 Crônicas 22:4 — Also cedar trees in abundance: for the Zidonians and they of Tyre brought much cedar wood to David.
concupiscência	14	lust (0.46), concupiscence (0.38), jarrings (0.14), mortify (0.13)	1 João 2:16 — For all that is in the world, the lust of the flesh, and the lust of the eyes, and the pride of life, is not of the Father, but is of the world.
feitiçarias	14	sorceries (0.60), witchcrafts (0.56), witchcraft (0.35), enchantments (0.26)	2 Crônicas 33:6 — And he caused his children to pass through the fire in the valley of the son of Hinnom: also he observed times, and used enchantments, and used witchc
diariamente	14	daily (0.25), receiving (0.23), flocking (0.13), unwearied (0.13)	3 Néfi 7:18 — And it came to pass that they were angry with him, even because he had greater power than they, for it were not possible that they could disbelieve hi
alarido	14	shouting (0.33), alarm (0.27), flat (0.25), rabbah (0.17)	Amós 1:14 — But I will kindle a fire in the wall of Rabbah, and it shall devour the palaces thereof, with shouting in the day of battle, with a tempest in the day
queimadura	13	blasting (0.40), mildew (0.40), stomacher (0.33), girding (0.31)	2 Crônicas 6:28 — If there be dearth in the land, if there be pestilence, if there be blasting, or mildew, locusts, or caterpillers; if their enemies besiege them in th
iníquas	13	obstruction (0.14), light-mindedness (0.14), conten (0.14), combi (0.13)	2 Pedro 2:8 — (For that righteous man dwelling among them, in seeing and hearing, vexed his righteous soul from day to day with their unlawful deeds;)
ismaelitas	13	ishmaelites (0.76), lemuelites (0.63), ishmeelites (0.47), jacobites (0.22)	4 Néfi 1:38 — And it came to pass that they who rejected the gospel were called Lamanites, and Lemuelites, and Ishmaelites; and they did not dwindle in unbelief, bu
nazireado	13	separation (0.50), nazarite (0.42), kernels (0.18), consecration (0.17)	Números 6:4 — All the days of his separation shall he eat nothing that is made of the vine tree, from the kernels even to the husk.
apoderou	12	astonishing (0.14), pursuit (0.13), designed (0.13), scarcely (0.13)	1 Samuel 10:10 — And when they came thither to the hill, behold, a company of prophets met him; and the Spirit of God came upon him, and he prophesied among them.
desígnio	12	crowning (0.15), traffickers (0.15), design (0.15), usurp (0.13)	2 Néfi 20:7 — Howbeit he meaneth not so, neither doth his heart think so; but in his heart it is to destroy and cut off nations not a few.
nonagésimo	12	ninetieth (0.36), ninety (0.33), infest (0.18), disbelieve (0.14)	3 Néfi 1:1 — Now it came to pass that the ninety and first year had passed away and it was six hundred years from the time that Lehi left Jerusalem; and it was in 
sofrimento	12	bleed (0.15), slight (0.15), eventually (0.15), terminate (0.15)	Alma 14:10 — And when Amulek saw the pains of the women and children who were consuming in the fire, he also was pained; and he said unto Alma: How can we witness 
aquém	11	tatnai (0.29), shethar-boznai (0.29), copy (0.19), asnappar (0.18)	1 Crônicas 26:30 — And of the Hebronites, Hashabiah and his brethren, men of valour, a thousand and seven hundred, were officers among them of Israel on this side Jordan
veracidade	11	typifying (0.17), mormonism (0.17), escutcheon (0.17), illinois (0.17)	2 Néfi 11:4 — Behold, my soul delighteth in proving unto my people the truth  of the coming of Christ; for, for this end hath the law of Moses  been given; and all 
flamejante	11	flaming (0.57), cherubim (0.53), placed (0.19), eden (0.16)	2 Néfi 24:29 — Rejoice not thou, whole Palestina, because the rod of him that smote thee is broken; for out of the serpent's root shall come forth a cockatrice, and 
bordadura	11	overlay (0.27), silk (0.25), broidered (0.21), crown (0.19)	Êxodo 25:11 — And thou shalt overlay it with pure gold, within and without shalt thou overlay it, and shalt make upon it a crown of gold round about.
redenho	11	caul (0.96), kidneys (0.92), liver (0.88), flanks (0.59)	Êxodo 29:13 — And thou shalt take all the fat that covereth the inwards, and the caul that is above the liver, and the two kidneys, and the fat that is upon them, a
resplandecente	11	arrayed (0.17), gorgeous (0.17), shining (0.16), glistering (0.15)	Isaías 18:4 — For so the LORD said unto me, I will take my rest, and I will consider in my dwelling place like a clear heat upon herbs, and like a cloud of dew in t
vigília	10	rowing (0.20), watch (0.18), toiling (0.18), newly (0.17)	1 Samuel 11:11 — And it was so on the morrow, that Saul put the people in three companies; and they came into the midst of the host in the morning watch, and slew the 
manada	10	swine (0.50), herd (0.47), steep (0.43), violently (0.32)	Amós 6:4 — That lie upon beds of ivory, and stretch themselves upon their couches, and eat the lambs out of the flock, and the calves out of the midst of the sta
pragana	10	chaff (0.39), stubble (0.32), threshingfloors (0.17), rolling (0.17)	Daniel 2:35 — Then was the iron, the clay, the brass, the silver, and the gold, broken to pieces together, and became like the chaff of the summer threshingfloors; 
quereteus	9	cherethites (0.89), pelethites (0.88), mule (0.25), benaiah (0.20)	1 Crônicas 18:17 — And Benaiah the son of Jehoiada was over the Cherethites and the Pelethites; and the sons of David were chief about the king.
encarregado	9	billings (0.20), dispose (0.20), nowhere (0.17), excepting (0.17)	1 Coríntios 9:17 — For if I do this thing willingly, I have a reward: but if against my will, a dispensation of the gospel is committed unto me.
apressuradamente	9	tatnai (0.15), shethar-boznai (0.15), treasurers (0.15), prospereth (0.14)	1 Néfi 20:3 — Behold, I have declared the former things from the beginning; and they went forth out of my mouth, and I showed them. I did show them suddenly.
escarlata	9	pearls (0.30), scarlet (0.30), decked (0.27), thread (0.25)	2 Samuel 1:24 — Ye daughters of Israel, weep over Saul, who clothed you in scarlet, with other delights, who put on ornaments of gold upon your apparel.
vestuário	9	raiment (0.21), enliven (0.20), orchards (0.18), needest (0.17)	Doutrina e Convênios 24:18 — And thou shalt take no purse nor scrip, neither staves, neither two coats, for the church shall give unto thee in the very hour what thou needest for 
vestidura	9	swaddlingband (0.20), averse (0.20), clad (0.18), winefat (0.18)	Doutrina e Convênios 133:51 — And I have trampled them in my fury, and I did tread upon them in mine anger, and their blood have I sprinkled upon my garments, and stained all my ra
botija	8	cruse (0.59), barrel (0.55), meal (0.30), cracknels (0.22)	1 Reis 14:3 — And take with thee ten loaves, and cracknels, and a cruse of honey, and go to him: he shall tell thee what shall become of the child.
impuro	8	violated (0.22), heaping (0.22), difference (0.20), event (0.18)	1 Néfi 10:21 — Wherefore, if ye have sought to do wickedly in the days of your probation, then ye are found unclean before the judgment– seat of God; and no unclean 
grandioso	8	bleed (0.22), ocean (0.22), galley (0.22), gallant (0.22)	2 Néfi 3:24 — And there shall rise up one mighty among them, who shall do much good, both in word and in deed, being an instrument in the hands of God, with exceedi
sarna	8	blains (0.44), scab (0.40), boil (0.26), itch (0.25)	2 Néfi 13:17 — Therefore the Lord will smite with a scab the crown of the head of the daughters of Zion, and the Lord will discover their secret parts.
basilisco	8	asp (0.55), cockatrice (0.55), cockatrice' (0.40), serpent's (0.36)	2 Néfi 21:8 — And the suckling child shall play on the hole of the asp, and the weaned child shall put his hand on the cockatrice's den.
serôdia	8	mowings (0.25), moderately (0.25), shooting (0.22), growth (0.22)	Amós 7:1 — Thus hath the Lord GOD shewed unto me; and, behold, he formed grasshoppers in the beginning of the shooting up of the latter growth; and, lo, it was t
luminária	8	lamps (0.21), snuffdishes (0.20), spice (0.17), anointing (0.16)	Êxodo 35:8 — And oil for the light, and spices for anointing oil, and for the sweet incense,
peleteus	7	pelethites (1.00), cherethites (0.88), mule (0.29), gittites (0.22)	1 Crônicas 18:17 — And Benaiah the son of Jehoiada was over the Cherethites and the Pelethites; and the sons of David were chief about the king.
desembainhada	7	drawn (0.33), glittering (0.31), accusations (0.25), cling (0.25)	1 Crônicas 21:16 — And David lifted up his eyes, and saw the angel of the LORD stand between the earth and the heaven, having a drawn sword in his hand stretched out ove
magnificência	7	majesty (0.26), chaldees' (0.22), detestable (0.14), ornament (0.13)	1 Crônicas 29:11 — Thine, O LORD, is the greatness, and the power, and the glory, and the victory, and the majesty: for all that is in the heaven and in the earth is thi
fornicadores	7	idolaters (0.67), whoremongers (0.67), fornicators (0.60), sorcerers (0.27)	1 Coríntios 5:9 — I wrote unto you in an epistle not to company with fornicators:
pulgão	7	caterpiller (0.67), caterpillers (0.55), locust (0.50), palmerworm (0.40)	1 Reis 8:37 — If there be in the land famine, if there be pestilence, blasting, mildew, locust, or if there be caterpiller; if their enemy besiege them in the land 
paço	7	arieh (0.25), achmetha (0.25), palace (0.25), certified (0.22)	1 Reis 16:18 — And it came to pass, when Zimri saw that the city was taken, that he went into the palace of the king's house, and burnt the king's house over him wit
impura	7	dregs (0.15), everywhere (0.15), meridian (0.15), consigned (0.13)	1 Néfi 15:34 — But behold, I say unto you, the kingdom of God is not filthy, and there cannot any unclean thing enter into the kingdom of God; wherefore there must n
irrepreensível	7	blameless (0.25), wrinkle (0.25), vigilant (0.22), faultless (0.22)	1 Timóteo 3:2 — A bishop then must be blameless, the husband of one wife, vigilant, sober, of good behaviour, given to hospitality, apt to teach;
iguarias	7	countenances (0.31), fatter (0.25), cupbearers (0.22), nourishing (0.22)	2 Crônicas 9:4 — And the meat of his table, and the sitting of his servants, and the attendance of his ministers, and their apparel; his cupbearers also, and their app
descrença	7	treated (0.18), miraculous (0.18), unbelief (0.18), unavoidably (0.15)	3 Néfi 1:18 — For they knew that the prophets had testified of these things for many years, and that the sign which had been given was already at hand; and they beg
tenebroso	7	controllest (0.25), subjectest (0.25), benighted (0.25), sheol (0.25)	Alma 26:3 — Behold, I answer for you; for our brethren, the Lamanites, were in darkness, yea, even in the darkest abyss, but behold, how many of them are brought 
gumes	7	sharper (0.86), two-edged (0.83), marrow (0.67), joints (0.63)	Doutrina e Convênios 6:2 — Behold, I am God; give heed unto my word , which is quick and powerful, sharper than a two-edged sword, to the dividing asunder of both joints and mar
tenra	7	blade (0.29), fetcht (0.25), tender (0.20), comeliness (0.15)	Doutrina e Convênios 86:4 — But behold, in the last days , even now while the Lord is beginning to bring forth the word, and the blade is springing up and is yet tender—
montês	7	deer (0.25), pygarg (0.25), chamois (0.25), snuffeth (0.25)	Deuteronômio 14:5 — The hart, and the roebuck, and the fallow deer, and the wild goat, and the pygarg, and the wild ox, and the chamois.
tenros	7	overdrive (0.29), begins (0.29), eyed (0.25), decay (0.22)	Gênesis 29:17 — Leah was tender eyed; but Rachel was beautiful and well favoured.
inchação	7	reddish (0.33), scab (0.29), inflammation (0.25), rising (0.22)	Levítico 13:2 — When a man shall have in the skin of his flesh a rising, a scab, or bright spot, and it be in the skin of his flesh like the plague of leprosy; then h
tenro	6	magnifical (0.29), crop (0.25), twigs (0.25), tender (0.20)	1 Crônicas 22:5 — And David said, Solomon my son is young and tender, and the house that is to be builded for the LORD must be exceeding magnifical, of fame and of glor
crente	6	believer (0.29), unbeliever (0.29), faithless (0.22), relieve (0.18)	1 Coríntios 9:5 — Have we not power to lead about a sister, a wife, as well as other apostles, and as the brethren of the Lord, and Cephas?
incorruptível	6	corruptible (0.57), incorruptible (0.50), fadeth (0.31), uncorruptible (0.29)	1 Coríntios 9:25 — And every man that striveth for the mastery is temperate in all things. Now they do it to obtain a corruptible crown; but we an incorruptible.
ósculo	6	kiss (0.43), greet (0.38), gavest (0.05), salute (0.05)	1 Coríntios 16:20 — All the brethren greet you. Greet ye one another with an holy kiss.
vigílias	6	watchings (0.50), watches (0.50), fastings (0.36), imprisonments (0.29)	2 Coríntios 6:5 — In stripes, in imprisonments, in tumults, in labours, in watchings, in fastings;
vestiduras	6	harhas (0.40), asahiah (0.33), huldah (0.33), tikvah (0.33)	2 Reis 22:14 — So Hilkiah the priest, and Ahikam, and Achbor, and Shaphan, and Asahiah, went unto Huldah the prophetess, the wife of Shallum the son of Tikvah, the s
mortandade	6	infest (0.25), minnith (0.25), firebrands (0.20), wasteth (0.18)	3 Néfi 1:27 — And it came to pass that the ninety and third year did also pass away in peace, save it were for the Gadianton robbers, who dwelt upon the mountains, 
narração	6	prejudice (0.29), excite (0.29), excited (0.25), shorter (0.22)	3 Néfi 5:9 — But behold there are records which do contain all the proceedings of this people; and a shorter but true account was given by Nephi.
lemuelitas	6	lemuelites (1.00), ishmaelites (0.86), jacobites (0.36), josephites (0.36)	4 Néfi 1:38 — And it came to pass that they who rejected the gospel were called Lamanites, and Lemuelites, and Ishmaelites; and they did not dwindle in unbelief, bu
temerariamente	6	pronouncing (0.33), presumed (0.33), rashly (0.29), disallowed (0.20)	Atos 19:36 — Seeing then that these things cannot be spoken against, ye ought to be quiet, and to do nothing rashly.
rebeldia	6	consisted (0.22), personally (0.22), dreamer (0.20), rebellion (0.15)	Alma 3:6 — And the skins of the Lamanites were dark, according to the mark which was set upon their fathers, which was a curse upon them because of their transgr
sátrapas	6	lieutenants (0.60), sheriffs (0.50), deputies (0.44), treasurers (0.40)	Daniel 3:2 — Then Nebuchadnezzar the king sent to gather together the princes, the governors, and the captains, the judges, the treasurers, the counsellors, the sh
apocalipse?r	6	—	Doutrina e Convênios 77:8 — Q. What are we to understand by the four angels , spoken of in the 7th chapter and 1st verse of Revelation? A. We are to understand that they are four
temporã	6	moderately (0.33), reserveth (0.29), firstripe (0.22), baal-peor (0.20)	Deuteronômio 11:14 — That I will give you the rain of your land in his due season, the first rain and the latter rain, that thou mayest gather in thy corn, and thy wine, a
sangrenta	6	agosh (0.25), shared (0.24), fresh (0.15), lib (0.11)	Éter 13:27 — And it came to pass that Coriantumr was exceedingly angry with Shared, and he went against him with his armies to battle; and they did meet in great a
romã	6	bell (0.67), pomegranate (0.67), hem (0.33), locks (0.21)	Êxodo 28:34 — A golden bell and a pomegranate, a golden bell and a pomegranate, upon the hem of the robe round about.
ha	6	aha (0.55), replenished (0.22), profaned (0.12), tyrus (0.09)	Ezequiel 25:3 — And say unto the Ammonites, Hear the word of the Lord GOD; Thus saith the Lord GOD; Because thou saidst, Aha, against my sanctuary, when it was profan
endemoniado	6	legion (0.22), befell (0.18), possessed (0.14), dumb (0.08)	João 10:21 — Others said, These are not the words of him that hath a devil. Can a devil open the eyes of the blind?
confiante	6	secure (0.32), laish (0.29), magistrate (0.22), careless (0.18)	Juízes 18:7 — Then the five men departed, and came to Laish, and saw the people that were therein, how they dwelt careless, after the manner of the Zidonians, quiet
efá	5	abida (0.57), eldaah (0.57), epher (0.44), keturah (0.44)	1 Crônicas 1:33 — And the sons of Midian; Ephah, and Epher, and Henoch, and Abida, and Eldaah. All these are the sons of Keturah.
tecoíta	5	ikkesh (0.75), tekoite (0.75), ira (0.55), tekoah (0.50)	1 Crônicas 11:28 — Ira the son of Ikkesh the Tekoite, Abiezer the Antothite,
anatotita	5	antothite (0.57), abiezer (0.50), shemaah (0.33), gibeathite (0.33)	1 Crônicas 11:28 — Ira the son of Ikkesh the Tekoite, Abiezer the Antothite,
rotura	5	seweth (0.33), stomacher (0.29), girding (0.25), breach (0.15)	1 Crônicas 15:13 — For because ye did it not at the first, the LORD our God made a breach upon us, for that we sought him not after the due order.
ignomínia	5	makers (0.33), ignominy (0.33), skirts (0.15), dishonour (0.13)	1 Coríntios 15:43 — It is sown in dishonour; it is raised in glory: it is sown in weakness; it is raised in power:
especiaria	5	dropping (0.25), smelling (0.25), lilies (0.24), cinnamon (0.22)	1 Reis 10:10 — And she gave the king an hundred and twenty talents of gold, and of spices very great store, and precious stones: there came no more such abundance of
derredor	5	vigilant (0.33), dug (0.29), highness (0.25), fortifications (0.15)	1 Pedro 5:8 — Be sober, be vigilant; because your adversary the devil, as a roaring lion, walketh about, seeking whom he may devour:
saqueadores	5	spoilers (0.33), plunderers (0.33), bellow (0.33), shual (0.29)	1 Samuel 13:17 — And the spoilers came out of the camp of the Philistines in three companies: one company turned unto the way that leadeth to Ophrah, unto the land of 
incursões	5	invaded (0.40), gezrites (0.33), invasion (0.33), road (0.29)	1 Samuel 27:8 — And David and his men went up, and invaded the Geshurites, and the Gezrites, and the Amalekites: for those nations were of old the inhabitants of the 
sempiterno	5	gulf (0.17), honoured (0.14), fleeth (0.13), retained (0.09)	1 Timóteo 6:16 — Who only hath immortality, dwelling in the light which no man can approach unto; whom no man hath seen, nor can see: to whom be honour and power everl
néscio	5	glorying (0.22), commended (0.18), bible (0.15), fool (0.14)	2 Coríntios 12:6 — For though I would desire to glory, I shall not be a fool; for I will say the truth: but now I forbear, lest any man should think of me above that whi
cenáculo	5	furnished (0.36), upper (0.30), zelotes (0.29), bartholomew (0.22)	2 Reis 23:12 — And the altars that were on the top of the upper chamber of Ahaz, which the kings of Judah had made, and the altars which Manasseh had made in the two
pífaro	5	flute (0.89), sackbut (0.89), dulcimer (0.75), cornet (0.67)	2 Néfi 15:12 — And the harp, and the viol, the tabret, and pipe, and wine are in their feasts; but they regard not the work of the Lord, neither consider the operati
longínquas	5	furthermost (0.33), associate (0.29), plowshares (0.25), zemnarihah (0.22)	2 Néfi 15:26 — And he will lift up an ensign to the nations from far, and will hiss unto them from the end of the earth; and behold, they shall come with speed swift
serafins	5	seraphim (0.57), seraphims (0.57), flew (0.50), coal (0.40)	2 Néfi 16:2 — Above it stood the seraphim; each one had six wings; with twain he covered his face, and with twain he covered his feet, and with twain he did fly.
ajuntamento	5	pavilions (0.25), ponds (0.25), skies (0.20), pools (0.17)	2 Samuel 22:12 — And he made darkness pavilions round about him, dark waters, and thick clouds of the skies.
til	5	tittle (1.00), jot (0.89), faults (0.15), easier (0.14)	3 Néfi 1:25 — But it came to pass that they soon became converted, and were convinced of the error which they were in, for it was made known unto them that the law 
jacobitas	5	jacobites (1.00), josephites (1.00), believers (0.36), lemuelites (0.36)	4 Néfi 1:36 — And it came to pass that in this year there arose a people who were called the Nephites, and they were true believers in Christ; and among them there 
josefitas	5	jacobites (1.00), josephites (1.00), believers (0.36), lemuelites (0.36)	4 Néfi 1:36 — And it came to pass that in this year there arose a people who were called the Nephites, and they were true believers in Christ; and among them there 
bebedouro	5	swiftness (0.33), trough (0.33), lamanitish (0.29), flattered (0.25)	Alma 17:26 — And after he had been in the service of the king three days, as he was with the Lamanitish servants going forth with their flocks to the place of wate
invés	5	vouching (0.40), heaping (0.40), covenanting (0.33), idleness (0.17)	Alma 24:18 — And this they did, it being in their view a testimony to God, and also to men, that they never would use weapons again for the shedding of man's blood
apoderaram	5	intrigue (0.29), mastery (0.25), absence (0.17), travaileth (0.17)	Alma 53:8 — And now it came to pass that the armies of the Lamanites, on the west sea, south, while in the absence of Moroni on account of some intrigue amongst t
tenebrosos	5	blackening (0.33), shudder (0.33), aghast (0.33), pale (0.20)	Doutrina e Convênios 123:10 — Which dark and blackening deeds are enough to make hell itself shudder , and to stand aghast and pale, and the hands of the very devil to tremble and 
néscios	5	sottish (0.33), covenantbreakers (0.33), implacable (0.33), unmerciful (0.33)	Efésios 5:15 — See then that ye walk circumspectly, not as fools, but as wise,
perizeu	5	perizzites (0.35), hittites (0.30), hivites (0.29), rephaims (0.29)	Êxodo 3:8 — And I am come down to deliver them out of the hand of the Egyptians, and to bring them up out of that land unto a good land and a large, unto a land f
engastadas	5	inclosings (0.57), ouches (0.46), beryl (0.46), onyx (0.35)	Êxodo 28:11 — With the work of an engraver in stone, like the engravings of a signet, shalt thou engrave the two stones with the names of the children of Israel: th
topázio	5	topaz (1.00), sardius (0.89), carbuncle (0.75), settings (0.33)	Êxodo 28:17 — And thou shalt set in it settings of stones, even four rows of stones: the first row shall be a sardius, a topaz, and a carbuncle: this shall be the f
filhote	5	roe (0.46), hart (0.43), feedingplace (0.33), bether (0.33)	Isaías 31:4 — For thus hath the LORD spoken unto me, Like as the lion and the young lion roaring on his prey, when a multitude of shepherds is called forth against 
suíta	5	bildad (1.00), shuhite (1.00), zophar (0.44), naamathite (0.44)	Jó 2:11 — Now when Job's three friends heard of all this evil that was come upon him, they came every one from his own place; Eliphaz the Temanite, and Bildad t
sitim	5	harlot's (0.29), shittim (0.27), lodged (0.15), beor (0.13)	Joel 3:18 — And it shall come to pass in that day, that the mountains shall drop down new wine, and the hills shall flow with milk, and all the rivers of Judah sh
varapaus	5	staves (0.20), thief (0.16), swords (0.16), judas (0.11)	Lucas 22:52 — Then Jesus said unto the chief priests, and captains of the temple, and the elders, which were come to him, Be ye come out, as against a thief, with s
endemoniados	5	gergesenes (0.33), lunatick (0.29), torments (0.25), tombs (0.18)	Marcos 1:32 — And at even, when the sun did set, they brought unto him all that were diseased, and them that were possessed with devils.
irascível	5	appeaseth (0.33), furious (0.33), wrathful (0.29), friendship (0.29)	Provérbios 15:18 — A wrathful man stirreth up strife: but he that is slow to anger appeaseth strife.
meribe-baal	4	merib-baal (1.00), micah (0.14), jonathan (0.04), begat (0.02)	1 Crônicas 8:34 — And the son of Jonathan was Merib-baal; and Merib-baal begat Micah.
itrita	4	ithrite (1.00), gareb (0.80), ira (0.50)	1 Crônicas 11:40 — Ira the Ithrite, Gareb the Ithrite,
baal-perazim	4	baal-perazim (1.00), breaking (0.09), breach (0.08), smote (0.02)	1 Crônicas 14:11 — So they came up to Baal-perazim; and David smote them there. Then David said, God hath broken in upon mine enemies by mine hand like the breaking fort
coscorões	4	fried (0.67), wafers (0.67), cakes (0.31), baked (0.25)	1 Crônicas 23:29 — Both for the shewbread, and for the fine flour for meat offering, and for the unleavened cakes, and for that which is baked in the pan, and for that w
recâmaras	4	parlours (0.40), arcturus (0.33), pleiades (0.33), orion (0.29)	1 Crônicas 28:11 — Then David gave to Solomon his son the pattern of the porch, and of the houses thereof, and of the treasuries thereof, and of the upper chambers there
beberrão	4	drunkard (0.67), glutton (0.67), railer (0.40), drowsiness (0.40)	1 Coríntios 5:11 — But now I have written unto you not to keep company, if any man that is called a brother be a fornicator, or covetous, or an idolater, or a railer, or
indecente	4	shorn (0.20), shaven (0.17), bill (0.17), divorcement (0.17)	1 Coríntios 11:6 — For if the woman be not covered, let her also be shorn: but if it be a shame for a woman to be shorn or shaven, let her be covered.
grandiosa	4	hurled (0.40), inso (0.33), construct (0.25), manifesteth (0.22)	1 Néfi 17:19 — And now it came to pass that I, Nephi, was exceedingly sorrowful because of the hardness of their hearts; and now when they saw that I began to be sor
extraordinariamente	4	brilliant (0.40), wrist (0.33), ankles (0.33), exquisite (0.29)	1 Néfi 18:24 — And it came to pass that we did begin to till the earth, and we began to plant seeds; yea, we did put all our seeds into the earth, which we had broug
malfeitor	4	busybody (0.40), malefactor (0.40), doer (0.33), evildoer (0.29)	1 Pedro 4:15 — But let none of you suffer as a murderer, or as a thief, or as an evildoer, or as a busybody in other men's matters.
sacerdotal	4	crouch (0.40), decketh (0.40), adorneth (0.40), priestcrafts (0.20)	1 Samuel 2:36 — And it shall come to pass, that every one that is left in thine house shall come and crouch to him for a piece of silver and a morsel of bread, and sh
penhascos	4	thickets (0.40), enflaming (0.40), bowmen (0.40), ragged (0.33)	1 Samuel 13:6 — When the men of Israel saw that they were in a strait, (for the people were distressed,) then the people did hide themselves in caves, and in thickets
tamborins	4	tabrets (0.44), timbrels (0.44), dances (0.40), players (0.33)	1 Samuel 18:6 — And it came to pass as they came, when David was returned from the slaughter of the Philistine, that the women came out of all cities of Israel, singi
líbios	4	lubims (0.67), libyans (0.67), ethiopians (0.50), sukkiims (0.40)	2 Crônicas 12:3 — With twelve hundred chariots, and threescore thousand horsemen: and the people were without number that came with him out of Egypt; the Lubims, the Su
atribulados	4	fightings (0.33), enduring (0.29), perplexed (0.22), despair (0.20)	2 Coríntios 1:6 — And whether we be afflicted, it is for your consolation and salvation, which is effectual in the enduring of the same sufferings which we also suffer:
recâmara	4	jehosheba (0.40), bedchamber (0.40), locked (0.33), closet (0.25)	2 Reis 11:2 — But Jehosheba, the daughter of king Joram, sister of Ahaziah, took Joash the son of Ahaziah, and stole him from among the king's sons which were slain
impureza	4	enjoyment (0.33), greediness (0.29), ledge (0.25), slothfulness (0.22)	2 Néfi 9:14 — Wherefore, we shall have a perfect know ledge of all our guilt, and our uncleanness, and our nakedness; and the righteous shall have a perfect knowled
bem-amado	4	well-beloved (0.50), brigham (0.33), dear (0.14), required (0.05)	2 Néfi 15:1 — And then will I sing to my well–beloved a song of my beloved, touching his vineyard. My well–beloved hath a vineyard in a very fruitful hill.
tamboril	4	tabret (0.44), timbrel (0.44), viol (0.29), operation (0.25)	2 Néfi 15:12 — And the harp, and the viol, the tabret, and pipe, and wine are in their feasts; but they regard not the work of the Lord, neither consider the operati
pederneira	4	horses' (0.57), flint (0.50), flinty (0.40), hoofs (0.33)	2 Néfi 15:28 — Whose arrows shall be sharp, and all their bows bent, and their horses' hoofs shall be counted like flint, and their wheels like a whirlwind, their ro
tição	4	brand (0.40), torch (0.40), firebrand (0.33), firebrands (0.25)	2 Néfi 17:4 — And say unto him: Take heed, and be quiet; fear not, neither be faint– hearted for the two tails of these smoking firebrands, for the fierce anger of 
tenebrosa	4	coloring (0.40), prosecutions (0.40), pretensions (0.40), blackest (0.40)	2 Néfi 30:17 — There is nothing which is secret save it shall be revealed; there is no work of darkness save it shall be made manifest in the light; and there is not
mulo	4	mule (0.44), rode (0.12), oak (0.12), boughs (0.11)	2 Samuel 13:29 — And the servants of Absalom did unto Amnon as Absalom had commanded. Then all the king's sons arose, and every man gat him up upon his mule, and fled.
vau	4	ferry (0.40), ford (0.40), womenservants (0.29), absalom's (0.22)	2 Samuel 17:20 — And when Absalom's servants came to the woman to the house, they said, Where is Ahimaaz and Jonathan? And the woman said unto them, They be gone over 
jota	4	jot (1.00), tittle (0.89), faults (0.17), whit (0.11)	3 Néfi 1:25 — But it came to pass that they soon became converted, and were convinced of the error which they were in, for it was made known unto them that the law 
residência	4	residence (0.80), locate (0.40), neighborhood (0.29), resides (0.20)	Abraão 1:1 — In the land of the Chaldeans , at the residence of my fathers, I, Abraham , saw that it was needful for me to obtain another place of residence ;
razoável	4	abstinence (0.40), reasonable (0.33), pamphylia (0.22), crete (0.22)	Atos 6:2 — Then the twelve called the multitude of the disciples unto them, and said, It is not reason that we should leave the word of God, and serve tables.
efésios	4	ephesians (1.00), diana (0.75), townclerk (0.50), worshipper (0.40)	Atos 19:28 — And when they heard these sayings, they were full of wrath, and cried out, saying, Great is Diana of the Ephesians.
tribunos	4	festus' (0.40), estates (0.33), bernice (0.29), birthday (0.29)	Atos 25:23 — And on the morrow, when Agrippa was come, and Bernice, with great pomp, and was entered into the place of hearing, with the chief captains, and princi
pastagens	4	feedingplace (0.40), cottages (0.40), whelp (0.29), folds (0.22)	Alma 17:39 — And when he had driven them afar off, he returned and they watered their flocks and returned them to the pasture of the king, and then went in unto th
devassidão	4	refined (0.17), leading (0.15), whoredoms (0.14), causing (0.13)	Alma 30:18 — And thus he did preach unto them, leading away the hearts of many, causing them to lift up their heads in their wickedness, yea, leading away many wom
estrépito	4	stamping (0.40), rumbling (0.40), feebleness (0.40), rattling (0.40)	Amós 5:23 — Take thou away from me the noise of thy songs; for I will not hear the melody of thy viols.
grandiosamente	4	continents (0.50), compose (0.50), documents (0.50), publishing (0.25)	Daniel 7:8 — I considered the horns, and, behold, there came up among them another little horn, before whom there were three of the first horns plucked up by the r
broquel	4	manfully (0.40), buckler (0.38), handling (0.33), bucklers (0.20)	Doutrina e Convênios 35:14 — And their arm shall be my arm, and I will be their shield and their buckler; and I will gird up their loins, and they shall fight manfully for me; and
incrédulo	4	whoremonger (0.33), sorcerer (0.29), upbraided (0.29), faithless (0.25)	Doutrina e Convênios 38:14 — But now I tell it unto you, and ye are blessed, not because of your iniquity, neither your hearts of unbelief; for verily some of you are guilty befor
mercantil	4	mercantile (1.00), establishment (0.60), ashery (0.50), situated (0.40)	Doutrina e Convênios 104:39 — And again, let my servant Newel K. Whitney have appointed unto him the houses and lot where he now resides, and the lot and building on which the merc
west	4	twenty-sixth (0.40), building-spot (0.40), april (0.22), marks (0.20)	Doutrina e Convênios 115:7 — Let the city, Far West, be a holy and consecrated land unto me; and it shall be called most holy, for the ground upon which thou standest is holy .
comilão	4	glutton (0.67), gluttonous (0.67), winebibber (0.67), drunkard (0.44)	Deuteronômio 21:20 — And they shall say unto the elders of his city, This our son is stubborn and rebellious, he will not obey our voice; he is a glutton, and a drunkard.
ombreira	4	post (0.43), aul (0.40), thresholds (0.33), threshold (0.24)	Êxodo 21:6 — Then his master shall bring him unto the judges; he shall also bring him to the door, or unto the door post; and his master shall bore his ear through
aríetes	4	battering (0.80), fort (0.40), engines (0.40), axes (0.20)	Ezequiel 4:2 — And lay siege against it, and build a fort against it, and cast a mount against it; set the camp also against it, and set battering rams against it ro
meujael	4	methusael (1.00), irad (0.80), mehujael (0.67), mahujael (0.67)	Gênesis 4:18 — And unto Enoch was born Irad: and Irad begat Mehujael: and Mehujael begat Methusael: and Methusael begat Lamech.
metusael	4	methusael (1.00), irad (0.80), mehujael (0.67), mahujael (0.67)	Gênesis 4:18 — And unto Enoch was born Irad: and Irad begat Mehujael: and Mehujael begat Methusael: and Methusael begat Lamech.
om	4	asenath (0.86), poti-pherah (0.86), zaphnath-paaneah (0.40), peleth (0.33)	Gênesis 41:45 — And Pharaoh called Joseph's name Zaphnath-paaneah; and he gave him to wife Asenath the daughter of Poti-pherah priest of On. And Joseph went out over 
agoureiros	4	stargazers (0.40), monthly (0.40), prognosticators (0.40), enchanters (0.40)	Isaías 2:6 — Therefore thou hast forsaken thy people the house of Jacob, because they be replenished from the east, and are soothsayers like the Philistines, and t
endro	4	cummin (1.00), fitches (0.67), anise (0.50), omitted (0.50)	Isaías 28:25 — When he hath made plain the face thereof, doth he not cast abroad the fitches, and scatter the cummin, and cast in the principal wheat and the appoint
canseira	4	stoopeth (0.40), loaden (0.40), snuffed (0.33), bel (0.29)	Isaías 46:1 — Bel boweth down, Nebo stoopeth, their idols were upon the beasts, and upon the cattle: your carriages were heavy loaden; they are a burden to the wear
espinheiro	4	bramble (0.67), brier (0.33), myrtle (0.22), thorn (0.20)	Isaías 55:13 — Instead of the thorn shall come up the fir tree, and instead of the brier shall come up the myrtle tree: and it shall be to the LORD for a name, for a
naamatita	4	zophar (1.00), naamathite (1.00), bildad (0.44), shuhite (0.44)	Jó 2:11 — Now when Job's three friends heard of all this evil that was come upon him, they came every one from his own place; Eliphaz the Temanite, and Bildad t
noa	4	mahlah (1.00), hoglah (1.00), zelophehad (0.62), milcah (0.53)	Josué 17:3 — But Zelophehad, the son of Hepher, the son of Gilead, the son of Machir, the son of Manasseh, had no sons, but daughters: and these are the names of h
anthon	4	pocket (1.00), professor (0.80), anthon (0.80), celebrated (0.67)	Joseph Smith—História 1:64 — “I went to the city of New York, and presented the characters which had been translated, with the translation thereof, to Professor Charles Anthon, a 
cusã-risataim	4	chushan-rishathaim (1.00), mesopotamia (0.44), hot (0.06), prevailed (0.05)	Juízes 3:8 — Therefore the anger of the LORD was hot against Israel, and he sold them into the hand of Chushan-rishathaim king of Mesopotamia: and the children of 
matate	4	matthat (1.00), janna (0.67), jose (0.67), jorim (0.67)	Lucas 3:24 — Which was the son of Matthat, which was the son of Levi, which was the son of Melchi, which was the son of Janna, which was the son of Joseph,
melqui	4	melchi (1.00), janna (0.67), addi (0.67), cosam (0.67)	Lucas 3:24 — Which was the son of Matthat, which was the son of Levi, which was the son of Melchi, which was the son of Janna, which was the son of Joseph,
matatias	4	mattathias (1.00), naum (0.67), esli (0.67), nagge (0.67)	Lucas 3:25 — Which was the son of Mattathias, which was the son of Amos, which was the son of Naum, which was the son of Esli, which was the son of Nagge,
salatiel	4	zorobabel (0.80), salathiel (0.80), rhesa (0.67), neri (0.67)	Lucas 3:27 — Which was the son of Joanna, which was the son of Rhesa, which was the son of Zorobabel, which was the son of Salathiel, which was the son of Neri,
ceifeiros	4	labourers (0.33), reapers (0.31), barn (0.25), bundles (0.22)	Mateus 9:37 — Then saith he unto his disciples, The harvest truly is plenteous, but the labourers are few;
amaldiçoante	4	rot (0.44), swell (0.36), thigh (0.17), causeth (0.14)	Números 5:22 — And this water that causeth the curse shall go into thy bowels, to make thy belly to swell, and thy thigh to rot: And the woman shall say, Amen, amen.
jetur	3	jetur (1.00), naphish (0.80), kedemah (0.80), nephish (0.50)	1 Crônicas 1:31 — Jetur, Naphish, and Kedemah. These are the sons of Ishmael.
jecamias	3	jekamiah (0.67), malchiram (0.67), shenazar (0.67), jecamiah (0.67)	1 Crônicas 2:41 — And Shallum begat Jekamiah, and Jekamiah begat Elishama.
naará	3	naarah (1.00), ahuzam (0.67), temeni (0.67), haahashtari (0.67)	1 Crônicas 4:5 — And Ashur the father of Tekoa had two wives, Helah and Naarah.
hagarenos	3	hagarites (1.00), nephish (0.50), nodab (0.50), jetur (0.33)	1 Crônicas 5:10 — And in the days of Saul they made war with the Hagarites, who fell by their hand: and they dwelt in their tents throughout all the east land of Gilead
janai	3	shapham (0.67), jaanai (0.67), janna (0.67), matthat (0.50)	1 Crônicas 5:12 — Joel the chief, and Shapham the next, and Jaanai, and Shaphat in Bashan.
jaflete	3	japhlet (1.00), hotham (0.67), pasach (0.67), bimhal (0.67)	1 Crônicas 7:32 — And Heber begat Japhlet, and Shomer, and Hotham, and Shua their sister.
abiúde	3	addar (0.67), abihud (0.67), abiud (0.67), azor (0.50)	1 Crônicas 8:3 — And the sons of Bela were, Addar, and Gera, and Abihud,
pelonita	3	pelonite (1.00), helez (0.57), shammoth (0.50), harorite (0.50)	1 Crônicas 11:27 — Shammoth the Harorite, Helez the Pelonite,
maarai	3	maharai (1.00), netophathite (0.60), heled (0.50), zalmon (0.40)	1 Crônicas 11:30 — Maharai the Netophathite, Heled the son of Baanah the Netophathite,
beraca	3	berachah (1.00), shemaah (0.67), gibeathite (0.67), jeziel (0.67)	1 Crônicas 12:3 — The chief was Ahiezer, then Joash, the sons of Shemaah the Gibeathite; and Jeziel, and Pelet, the sons of Azmaveth; and Berachah, and Jehu the Antothi
tírios	3	ware (0.22), masons (0.20), zidonians (0.17), carpenters (0.17)	1 Crônicas 22:4 — Also cedar trees in abundance: for the Zidonians and they of Tyre brought much cedar wood to David.
subael	3	shubael (1.00), jehdeiah (0.50), amram (0.13), thirteenth (0.11)	1 Crônicas 24:20 — And the rest of the sons of Levi were these: Of the sons of Amram; Shubael: of the sons of Shubael; Jehdeiah.
izaritas	3	izharites (1.00), shelomoth (0.50), amramites (0.40), uzzielites (0.40)	1 Crônicas 24:22 — Of the Izharites; Shelomoth: of the sons of Shelomoth; Jahath.
gersonita	3	gershonite (1.00), jehieli (0.50), laadan (0.29), jehiel (0.11)	1 Crônicas 26:21 — As concerning the sons of Laadan; the sons of the Gershonite Laadan, chief fathers, even of Laadan the Gershonite, were Jehieli.
simeonitas	3	simeonites (1.00), salu (0.50), midianitish (0.33), israelite (0.29)	1 Crônicas 27:16 — Furthermore over the tribes of Israel: the ruler of the Reubenites was Eliezer the son of Zichri: of the Simeonites, Shephatiah the son of Maachah:
fornicador	3	fornicator (0.80), idolater (0.80), railer (0.50), whoremonger (0.40)	1 Coríntios 5:11 — But now I have written unto you not to keep company, if any man that is called a brother be a fornicator, or covetous, or an idolater, or a railer, or
decente	3	distraction (0.50), professing (0.29), comely (0.19), uncovered (0.10)	1 Coríntios 7:35 — And this I speak for your own profit; not that I may cast a snare upon you, but for that which is comely, and that ye may attend upon the Lord without
contencioso	3	contentious (0.50), brawler (0.50), striker (0.40), greedy (0.22)	1 Coríntios 11:16 — But if any man seem to be contentious, we have no such custom, neither the churches of God.
intérprete	3	interpreter (0.86), uprightness (0.09), silence (0.05), messenger (0.04)	1 Coríntios 14:28 — But if there be no interpreter, let him keep silence in the church; and let him speak to himself, and to God.
incorruptíveis	3	incorruptible (0.67), moldering (0.40), twinkling (0.25), paradise (0.15)	1 Coríntios 15:52 — In a moment, in the twinkling of an eye, at the last trump: for the trumpet shall sound, and the dead shall be raised incorruptible, and we shall be c
incorruptibilidade	3	incorruption (0.43), corruptible (0.36), mortal (0.24), immortality (0.24)	1 Coríntios 15:53 — For this corruptible must put on incorruption, and this mortal must put on immortality.
afetuosamente	3	newborn (0.50), sincere (0.29), priscilla (0.25), aquila (0.22)	1 Coríntios 16:19 — The churches of Asia salute you. Aquila and Priscilla salute you much in the Lord, with the church that is in their house.
zaretã	3	zartanah (0.50), zarthan (0.50), zaretan (0.50), baana (0.40)	1 Reis 4:12 — Baana the son of Ahilud; to him pertained Taanach and Megiddo, and all Beth-shean, which is by Zartanah beneath Jezreel, from Beth-shean to Abel-mehol
ginetes	3	dromedaries (0.67), ahasuerus' (0.50), mules (0.27), horseback (0.25)	1 Reis 4:28 — Barley also and straw for the horses and dromedaries brought they unto the place where the officers were, every man according to his charge.
almugue	3	almug (1.00), navy (0.33), ophir (0.13), psalteries (0.13)	1 Reis 10:11 — And the navy also of Hiram, that brought gold from Ophir, brought in from Ophir great plenty of almug trees, and precious stones.
aserá	3	jezebel's (0.50), kidron (0.31), idol (0.22), grove (0.20)	1 Reis 15:13 — And also Maachah his mother, even her he removed from being queen, because she had made an idol in a grove; and Asa destroyed her idol, and burnt it b
tibni	3	tibni (1.00), ginath (1.00), omri (0.22), prevailed (0.05)	1 Reis 16:21 — Then were the people of Israel divided into two parts: half of the people followed Tibni the son of Ginath, to make him king; and half followed Omri.
traze-mo	3	savoury (0.22), cake (0.13), touch (0.03), elijah (0.03)	1 Reis 17:13 — And Elijah said unto her, Fear not; go and do as thou hast said: but make me thereof a little cake first, and bring it unto me, and after make for the
silvestre	3	camel's (0.67), irreantum (0.50), leathern (0.40), locusts (0.21)	1 Néfi 17:5 — And we did come to the land which we called Bountiful, because of its much fruit and also wild honey; and all these things were prepared of the Lord t
cevadouro	3	stall (0.75), calves (0.25), healing (0.16), grow (0.05)	1 Néfi 22:24 — And the time cometh speedily that the righteous must be led up as calves of the stall, and the Holy One of Israel must reign in dominion, and might, a
aspersão	3	sprinkling (0.86), foreknowledge (0.29), sanctification (0.18), mediator (0.15)	1 Pedro 1:2 — Elect according to the foreknowledge of God the Father, through sanctification of the Spirit, unto obedience and sprinkling of the blood of Jesus Chri
compassivos	3	courteous (0.50), lance (0.50), pitiful (0.33), considering (0.18)	1 Pedro 3:8 — Finally, be ye all of one mind, having compassion one of another, love as brethren, be pitiful, be courteous:
glutonarias	3	revellings (0.80), banquetings (0.50), rioting (0.50), chambering (0.50)	1 Pedro 4:3 — For the time past of our life may suffice us to have wrought the will of the Gentiles, when we walked in lasciviousness, lusts, excess of wine, revell
penina	3	peninnah (1.00), hannah (0.15), portions (0.11), elkanah (0.09)	1 Samuel 1:2 — And he had two wives; the name of the one was Hannah, and the name of the other Peninnah: and Peninnah had children, but Hannah had no children.
romãzeira	3	pomegranate (0.55), migron (0.33), barn (0.29), languisheth (0.20)	1 Samuel 14:2 — And Saul tarried in the uttermost part of Gibeah under a pomegranate tree which is in Migron: and the people that were with him were about six hundred
concidadãos	3	fellowcitizens (0.50), countrymen (0.40), foreigners (0.40), citizens (0.33)	1 Tessalonicenses 2:14 — For ye, brethren, became followers of the churches of God which in Judaea are in Christ Jesus: for ye also have suffered like things of your own count
rogamo-vos	3	feebleminded (0.50), unruly (0.29), admonish (0.20), patient (0.08)	1 Tessalonicenses 5:12 — And we beseech you, brethren, to know them which labour among you, and are over you in the Lord, and admonish you;
familia	3	piety (0.50), nephews (0.40), infidel (0.40), specially (0.22)	1 Timóteo 5:4 — But if any widow have children or nephews, let them learn first to shew piety at home, and to requite their parents: for that is good and acceptable b
sândalo	3	algum (0.67), terraces (0.50), lign (0.50), river's (0.29)	2 Crônicas 9:10 — And the servants also of Huram, and the servants of Solomon, which brought gold from Ophir, brought algum trees and precious stones.
vinhateiros	3	vinedressers (0.57), dressers (0.50), husbandry (0.40), husbandmen (0.27)	2 Crônicas 26:10 — Also he built towers in the desert, and digged many wells: for he had much cattle, both in the low country, and in the plains: husbandmen also, and vi
macedônios	3	forwardness (0.40), unprepared (0.40), theatre (0.40), gaius (0.25)	2 Coríntios 9:2 — For I know the forwardness of your mind, for which I boast of you to them of Macedonia, that Achaia was ready a year ago; and your zeal hath provoked 
dotã	3	dothan (1.00), spy (0.13), fetch (0.06), hence (0.04)	2 Reis 6:13 — And he said, Go and spy where he is, that I may send and fetch him. And it was told him, saying, Behold, he is in Dothan.
frondosas	3	willows (0.25), myrtle (0.22), booths (0.20), pine (0.18)	2 Reis 17:10 — And they set them up images and groves in every high hill, and under every green tree:
imensurável	3	bases (0.24), bulls (0.17), weight (0.11), marry (0.07)	2 Reis 25:16 — The two pillars, one sea, and the bases which Solomon had made for the house of the LORD; the brass of all these vessels was without weight.
trêmulo	3	parent (0.33), traveler (0.33), limbs (0.25), silent (0.17)	2 Néfi 1:14 — Awake! and arise from the dust, and hear the words of a trembling parent, whose limbs ye must soon lay down in the cold and silent grave, from whence 
eloquente	3	eloquent (0.86), orator (0.67), artificer (0.57), alexandria (0.33)	2 Néfi 13:3 — The captain of fifty, and the honorable man, and the counselor, and the cunning artificer, and the eloquent orator.
calvície	3	stomacher (0.80), girding (0.67), baldness (0.46), stink (0.27)	2 Néfi 13:24 — And it shall come to pass, instead of sweet smell there shall be stink; and instead of a girdle, a rent; and instead of well set hair,  baldness; and 
emaranhados	3	thickets (0.67), forests (0.36), briers (0.19), lifting (0.19)	2 Néfi 19:18 — For wickedness burneth as the fire; it shall devour the briers and thorns, and shall kindle in the thickets of the forests, and they shall mount up li
excelso	3	lowly (0.13), mention (0.12), doings (0.05), exalted (0.05)	2 Néfi 22:4 — And in that day shall ye say: Praise the Lord, call upon his name, declare his doings among the people, make mention that his name is exalted.
lagoas	3	besom (0.80), pools (0.60), bittern (0.57), sweep (0.44)	2 Néfi 24:23 — I will also make it a possession for the bittern, and pools of water; and I will sweep it with the besom of destruction, saith the Lord of Hosts.
libertinagem	3	doms (0.50), quarrelings (0.50), murderings (0.40), plunderings (0.29)	2 Néfi 26:32 — And again, the Lord God hath commanded that men should not murder; that they should not lie; that they should not steal; that they should not take the
inabalável	3	unshaken (0.86), strugglings (0.33), relying (0.25), merits (0.22)	2 Néfi 31:19 — And now, my beloved brethren, after ye have gotten into this strait and narrow path, I would ask if all is done? Behold, I say unto you, Nay; for ye h
toí	3	toi (1.00), hadadezer (0.40), joram (0.08), hamath (0.06)	2 Samuel 8:9 — When Toi king of Hamath heard that David had smitten all the host of Hadadezer,
tebes	3	thebez (1.00), jerubbesheth (0.67), millstone (0.17), uriah (0.08)	2 Samuel 11:21 — Who smote Abimelech the son of Jerubbesheth? did not a woman cast a piece of a millstone upon him from the wall, that he died in Thebez? why went ye n
brandura	3	gentleness (0.50), persuasion (0.40), mildness (0.33), long-suffering (0.29)	2 Samuel 22:36 — Thou hast also given me the shield of thy salvation: and thy gentleness hath made me great.
iniquamente	3	retaining (0.29), ethem (0.25), dissented (0.18), wrongs (0.14)	2 Samuel 24:17 — And David spake unto the LORD when he saw the angel that smote the people, and said, Lo, I have sinned, and I have done wickedly: but these sheep, wha
presunçosos	3	boasters (0.80), backbiters (0.50), inventors (0.50), blasphemers (0.40)	2 Timóteo 3:2 — For men shall be lovers of their own selves, covetous, boasters, proud, blasphemers, disobedient to parents, unthankful, unholy,
erasto	3	erastus (0.86), miletum (0.50), quartus (0.50), trophimus (0.33)	2 Timóteo 4:20 — Erastus abode at Corinth: but Trophimus have I left at Miletum sick.
indomável	3	unconquerable (0.80), zoramite (0.40), wrongs (0.14), proved (0.09)	3 Néfi 3:4 — And I, knowing of their unconquerable spirit, having proved them in the field of battle, and knowing of their everlasting hatred towards you because o
uníssono	3	preserving (0.17), watchmen (0.15), praising (0.12), falling (0.07)	3 Néfi 4:31 — And it came to pass that they did break forth, all as one, in singing, and praising their God for the great thing which he had done for them, in prese
intrepidamente	3	boldly (0.22), testifying (0.17), inspired (0.15), zenos (0.13)	3 Néfi 6:20 — And there began to be men inspired from heaven and sent forth, standing among the people in all the land, preaching and testifying boldly of the sins 
padecimentos	3	acquainted (0.33), esteemed (0.18), testifying (0.17), inspired (0.15)	3 Néfi 6:20 — And there began to be men inspired from heaven and sent forth, standing among the people in all the land, preaching and testifying boldly of the sins 
mamom	3	mammon (0.67), masters (0.22), despise (0.12), either (0.09)	3 Néfi 13:24 — No man can serve two masters; for either he will hate the one and love the other, or else he will hold to the one and despise the other. Ye cannot ser
dar-se-vos-á	3	knock (0.32), opened (0.03), find (0.03), ask (0.03)	3 Néfi 14:7 — Ask, and it shall be given unto you; seek, and ye shall find; knock, and it shall be opened unto you.
imprudente	3	unfaithful (0.50), unwise (0.40), treasurer (0.18), steward (0.15)	3 Néfi 14:26 — And every one that heareth these sayings of mine and doeth them not shall be likened unto a foolish man, who built his house upon the sand—
pergaminho	3	scroll (0.67), wrapt (0.50), elements (0.33), fervent (0.29)	3 Néfi 26:3 — And he did expound all things, even from the beginning until  the time that he should come in his glory—yea, even all things which should come upon th
inexprimíveis	3	unspeak (0.50), helpeth (0.29), unspeakable (0.22), groanings (0.20)	3 Néfi 26:18 — And many of them saw and heard unspeak– able things, which are not lawful to be written.
transfiguração	3	transfiguration (0.86), immortal (0.11), mortal (0.08), elias (0.05)	3 Néfi 28:17 — And now, whether they were mortal or immortal, from the day of their transfiguration, I know not;
caldeu	3	chaldean (1.00), magician (0.50), astrologer (0.50), egyptus (0.40)	Abraão 1:23 — The land of Egypt being first discovered by a woman, who was the daughter of Ham, and the daughter of Egyptus, which in the Chaldean signifies Egypt, 
alada	3	winged (0.86), whales (0.67), flieth (0.25), moveth (0.22)	Abraão 4:21 — And the Gods prepared the waters that they might bring forth great whales , and every living creature that moveth, which the waters were to bring fort
refrigério	3	refreshing (0.80), blotted (0.10), converted (0.04), faint (0.04)	Atos 3:19 — Repent ye therefore, and be converted, that your sins may be blotted out, when the times of refreshing shall come from the presence of the Lord;
curtidor	3	tanner (1.00), lodgeth (0.50), oughtest (0.29), joppa (0.25)	Atos 9:43 — And it came to pass, that he tarried many days in Joppa with one Simon a tanner.
quadrúpedes	3	fourfooted (1.00), uncorruptible (0.50), corruptible (0.18), creeping (0.16)	Atos 10:12 — Wherein were all manner of fourfooted beasts of the earth, and wild beasts, and creeping things, and fowls of the air.
cláudio	3	claudius (1.00), lately (0.50), agabus (0.40), signified (0.40)	Atos 11:28 — And there stood up one of them named Agabus, and signified by the Spirit that there should be great dearth throughout all the world: which came to pas
motim	3	inherent (0.50), inalienable (0.50), unbecoming (0.50), calculated (0.50)	Atos 14:5 — And when there was an assault made both of the Gentiles, and also of the Jews with their rulers, to use them despitefully, and to stone them,
carcereiro	3	jailor (0.50), awaking (0.50), charging (0.40), keeper (0.15)	Atos 16:23 — And when they had laid many stripes upon them, they cast them into prison, charging the jailor to keep them safely:
sentenciados	3	uncondemned (0.40), prisoner (0.24), romans (0.22), sighing (0.20)	Atos 16:37 — But Paul said unto them, They have beaten us openly uncondemned, being Romans, and have cast us into prison; and now do they thrust us out privily? na
amnor	3	amnor (1.00), zeram (0.50), limher (0.50), ezrom (0.40)	Alma 2:22 — Now those whom he had sent out to watch the camp of the Amlicites were called Zeram, and Amnor, and Manti, and Limher; these were they who went out wi
remorso	3	remorse (1.00), tribunal (0.50), defiance (0.33), affixed (0.22)	Alma 5:18 — Or otherwise, can ye imagine yourselves brought before the tribunal of God with your souls filled with guilt and remorse, having a remembrance of all 
meia-idade	3	warriors (0.50), middle-aged (0.50), middle (0.17), aged (0.12)	Alma 5:49 — And now I say unto you that this is the order after which I am called, yea, to preach unto my beloved brethren, yea, and every one that dwelleth in th
aminádi	3	aminadi (1.00), giddonah (0.40), interpreted (0.11), descendant (0.11)	Alma 10:2 — I am Amulek; I am the son of Giddonah, who was the son of Ishmael, who was a descendant of Aminadi; and it was the same Aminadi who interpreted the wr
seon	3	seon (1.00), shum (0.57), senine (0.44), limnah (0.40)	Alma 11:5 — Now the reckoning is thus—a senine of gold, a seon of gold, a shum of gold, and a limnah of gold.
clavas	3	clubs (1.00), upwards (0.50), surrendered (0.40), invent (0.40)	Alma 17:36 — But Ammon stood forth and began to cast stones at them with his sling; yea, with mighty power he did sling stones amongst them; and thus he slew a cer
faze-mo	3	struck (0.09), foundations (0.05), perceived (0.05), wast (0.03)	Alma 22:18 — O God, Aaron hath told me that there is a God; and if there is a God, and if thou art God, wilt thou make thyself known unto me, and I will give away 
inúmeros	3	merits (0.22), clods (0.22), protect (0.15), innumerable (0.12)	Alma 24:10 — And I also thank my God, yea, my great God, that he hath granted unto us that we might repent of these things, and also that he hath forgiven us of th
cimitarra	3	cimeter (1.00), aggravating (0.50), distressing (0.50), bloodthirsty (0.33)	Alma 27:29 — Therefore, they would suffer death in the most aggravating and distressing manner which could be inflicted by their brethren, before they would take t
inúmeras	3	numberless (0.50), travels (0.40), methought (0.40), afforded (0.40)	Alma 30:32 — Now Alma said unto him: Thou knowest that we do not glut ourselves upon the labors of this people; for behold I have labored even from the commencemen
onida	3	onidah (1.00), favor (0.09), supposing (0.09), poverty (0.07)	Alma 32:4 — Now, as Alma was teaching and speaking unto the people upon the hill Onidah, there came a great multitude unto him, who were those of whom we have bee
imprescindível	3	requisite (0.67), proper (0.13), restored (0.07), restoration (0.07)	Alma 41:2 — I say unto thee, my son, that the plan of restoration is requisite with the justice of God; for it is requisite that all things should be restored to 
probatório	3	probationary (0.86), preparatory (0.44), sensual (0.18), devilish (0.18)	Alma 42:4 — And thus we see, that there was a time granted unto man to repent, yea, a probationary time, a time to repent and serve God.
sepultamento	3	burial (0.35), ointment (0.07), buried (0.03), suppose (0.03)	Alma 45:19 — Behold, this we know, that he was a righteous man; and the saying went abroad in the church that he was taken up by the Spirit, or buried by the hand 
encarregada	3	embassy (0.33), antipas (0.29), lehonti (0.20), disciple (0.06)	Alma 47:10 — And it came to pass that when it was night he sent a secret embassy into the mount Antipas, desiring that the leader of those who were upon the mount,
impenitentes	3	impenitent (0.67), indolence (0.50), unrepentant (0.50), information (0.40)	Alma 47:36 — Now these dissenters, having the same instruction and the same information of the Nephites, yea, having been instructed in the same knowledge of the L
tão-somente	3	abinadi (0.06), defend (0.05), mormon (0.04), exceeding (0.04)	Alma 54:13 — Behold, I am in my anger, and also my people; ye have sought to murder us, and we have only sought to defend ourselves. But behold, if ye seek to dest
governador-chefe	3	grieves (0.67), pahoran (0.12), governor (0.05), epistle (0.04)	Alma 61:1 — Behold, now it came to pass that soon after Moroni had sent his epistle unto the chief governor, he received an epistle from Pahoran, the chief govern
sete-estrelo	3	orion (1.00), pleiades (0.80), influences (0.50), arcturus (0.40)	Amós 5:8 — Seek him that maketh the seven stars and Orion, and turneth the shadow of death into the morning, and maketh the day dark with night: that calleth for
imersão	3	immersion (1.00), confer (0.29), principles (0.14), holds (0.12)	Regras de Fé 1:4 — We believe that the first principles and ordinances of the Gospel are: first, Faith in the Lord Jesus Christ; second, Repentance ; third, Baptism by i
esmiuça	3	subdueth (0.33), bruise (0.33), hammer (0.22), breaketh (0.17)	Daniel 2:40 — And the fourth kingdom shall be strong as iron: forasmuch as iron breaketh in pieces and subdueth all things: and as iron that breaketh all these, sha
mene	3	mene (1.00), upharsin (0.67), tekel (0.50), interpretation (0.04)	Daniel 5:25 — And this is the writing that was written, MENE, MENE, TEKEL, UPHARSIN.
édito	3	haman's (0.33), persians (0.25), vashti (0.15), royal (0.13)	Daniel 6:7 — All the presidents of the kingdom, the governors, and the princes, the counsellors, and the captains, have consulted together to establish a royal sta
desatada	3	convincing (0.14), mission (0.11), exhortation (0.10), loosed (0.10)	Doutrina e Convênios 11:21 — Seek not to declare my word, but first seek to obtain my word , and then shall your tongue be loosed; then, if you desire, you shall have my Spirit an
onipotência	3	smallest (0.29), punishments (0.25), withdrew (0.11), tasted (0.11)	Doutrina e Convênios 19:14 — And it is by my almighty power that you have received them;
surgimento	3	classed (0.50), reminded (0.50), century (0.50), scathe (0.50)	Doutrina e Convênios 20:1 — The rise of the Church of Christ in these last days, being one thousand eight hundred and thirty years since the coming of our Lord and Savior Jesus C
tipografia	3	printing (0.50), independence (0.40), joining (0.25), resides (0.20)	Doutrina e Convênios 58:37 — And it is wisdom also that there should be lands purchased in Independence, for the place of the storehouse, and also for the house of the printing .
segui-lo-ão	3	deadly (0.15), poison (0.11), sendeth (0.08), administer (0.05)	Doutrina e Convênios 63:48 — He that sendeth up treasures unto the land of Zion shall receive an inheritance in this world, and his works shall follow him, and also a reward in th
relatório	3	transmit (0.50), statement (0.33), accompanying (0.33), copy (0.14)	Doutrina e Convênios 70:4 — And an account of this stewardship will I require of them in the day of judgment.
selamento	3	sealing (0.67), foreshadowing (0.50), forty-four (0.33), patriarch (0.25)	Doutrina e Convênios 77:11 — Q. What are we to understand by sealing the one hundred and forty-four thousand, out of all the tribes of Israel—twelve thousand out of every tribe? A
obtenção	3	destruct (0.50), tion (0.40), earthly (0.31), murderous (0.29)	Doutrina e Convênios 78:5 — That you may be equal in the bonds of heavenly things, yea, and earthly things also, for the obtaining of heavenly things.
renovação	3	renewing (1.00), magnifying (0.50), conformed (0.40), regeneration (0.40)	Doutrina e Convênios 84:33 — For whoso is faithful unto the obtaining these two priesthoods of which I have spoken, and the magnifying their calling, are sanctified by the Spirit 
lava-pés	3	washing (0.27), presiding (0.15), instituted (0.13), administered (0.10)	Doutrina e Convênios 88:139 — And he shall be received by the ordinance of the washing of feet, for unto this end was the ordinance of the washing of feet instituted.
levítico	3	levitical (0.86), aaronic (0.44), priesthoods (0.33), including (0.33)	Doutrina e Convênios 107:1 — There are, in the church, two priesthoods , namely, the Melchizedek and Aaronic , including the Levitical Priesthood.
nicolaítas	3	nicolaitans (0.80), nicolaitane (0.50), littleness (0.50), adam-ondi-ahman (0.25)	Doutrina e Convênios 117:11 — Let my servant Newel K. Whitney be ashamed of the Nicolaitane band and of all their secret abominations , and of all his littleness of soul before me,
abluções	3	washings (1.00), anointings (0.50), memorials (0.50), conversations (0.50)	Doutrina e Convênios 124:37 — And again, verily I say unto you, how shall your washings be acceptable unto me, except ye perform them in a house which you have built to my name?
alojamento	3	boarding (0.33), lodging (0.20), priests' (0.17), lodged (0.08)	Doutrina e Convênios 124:56 — And now I say unto you, as pertaining to my boarding house which I have commanded you to build for the boarding of strangers, let it be built unto my 
emins	3	emims (1.00), ashteroth (0.50), karnaim (0.50), zuzims (0.50)	Deuteronômio 2:10 — The Emims dwelt therein in times past, a people great, and many, and tall, as the Anakims;
vespões	3	hornet (0.80), hornets (0.50), hivite (0.17), drave (0.13)	Deuteronômio 7:20 — Moreover the LORD thy God will send the hornet among them, until they that are left, and hide themselves from thee, be destroyed.
romãzeiras	3	nuts (0.40), flourished (0.40), loves (0.33), pomegranates (0.30)	Deuteronômio 8:8 — A land of wheat, and barley, and vines, and fig trees, and pomegranates; a land of oil olive, and honey;
gavião	3	hawk (1.00), cuckow (0.80), owl (0.36), fly (0.06)	Deuteronômio 14:15 — And the owl, and the night hawk, and the cuckow, and the hawk after his kind,
malefício	3	bribes (0.33), lewdness (0.11), concubine (0.08), folly (0.04)	Deuteronômio 17:5 — Then shalt thou bring forth that man or that woman, which have committed that wicked thing, unto thy gates, even that man or that woman, and shalt sto
contumaz	3	stubborn (0.67), glutton (0.40), drunkard (0.25), aright (0.20)	Deuteronômio 21:18 — If a man have a stubborn and rebellious son, which will not obey the voice of his father, or the voice of his mother, and that, when they have chasten
bebedice	3	inflame (0.40), drunkenness (0.31), imagination (0.11), nobles (0.06)	Deuteronômio 29:19 — And it come to pass, when he heareth the words of this curse, that he bless himself in his heart, saying, I shall have peace, though I walk in the ima
reluzente	3	whet (0.29), thyatira (0.29), glittering (0.22), furnace (0.05)	Deuteronômio 32:41 — If I whet my glittering sword, and mine hand take hold on judgment; I will render vengeance to mine enemies, and will reward them that hate me.
doidice	3	madness (0.33), applied (0.25), folly (0.13), jacob's (0.09)	Eclesiastes 2:12 — And I turned myself to behold wisdom, and madness, and folly: for what can the man do that cometh after the king? even that which hath been already do
beneplácito	3	predestinated (0.40), adoption (0.25), purposed (0.08), pleasure (0.07)	Efésios 1:5 — Having predestinated us unto the adoption of children by Jesus Christ to himself, according to the good pleasure of his will,
submersos	3	encom (0.50), tight (0.40), dish (0.22), tempests (0.20)	Éter 2:25 — And behold, I prepare you against these things; for ye cannot cross this great deep save I prepare you against the waves of the sea, and the winds whi
reedificada	3	hananeel (0.29), dwellingplaces (0.25), jacob's (0.09), heap (0.05)	Éter 13:5 — And he spake also concerning the house of Israel, and the Jerusalem from whence Lehi should come—after it should be destroyed it should be built up ag
bebedouros	3	troughs (0.80), gutters (0.80), pilled (0.40), whensoever (0.33)	Êxodo 2:16 — Now the priest of Midian had seven daughters: and they came and drew water, and filled the troughs to water their father's flock.
sárdio	3	sardius (0.86), topaz (0.75), carbuncle (0.67), settings (0.50)	Êxodo 28:17 — And thou shalt set in it settings of stones, even four rows of stones: the first row shall be a sardius, a topaz, and a carbuncle: this shall be the f
carbúnculo	3	carbuncle (1.00), sardius (0.86), topaz (0.75), settings (0.50)	Êxodo 28:17 — And thou shalt set in it settings of stones, even four rows of stones: the first row shall be a sardius, a topaz, and a carbuncle: this shall be the f
coscorão	3	wafer (1.00), oiled (0.80), cake (0.40), loaf (0.33)	Êxodo 29:23 — And one loaf of bread, and one cake of oiled bread, and one wafer out of the basket of the unleavened bread that is before the LORD:
cássia	3	cassia (1.00), calamus (0.33), aloes (0.25), fairs (0.22)	Êxodo 30:24 — And of cassia five hundred shekels, after the shekel of the sanctuary, and of oil olive an hin:
tecelão	3	weaver (0.80), pining (0.50), shuttle (0.50), embroiderer (0.40)	Êxodo 35:35 — Them hath he filled with wisdom of heart, to work all manner of work, of the engraver, and of the cunning workman, and of the embroiderer, in blue, an
turbante	3	tire (0.50), tires (0.33), breeches (0.25), bonnets (0.20)	Êxodo 39:28 — And a mitre of fine linen, and goodly bonnets of fine linen, and linen breeches of fine twined linen,
turbação	3	lothed (0.33), sounding (0.15), vexation (0.11), dwellest (0.08)	Ezequiel 7:7 — The morning is come unto thee, O thou that dwellest in the land: the time is come, the day of trouble is near, and not the sounding again of the mount
canteiros	3	plantation (0.50), furrows (0.36), feathers (0.20), bend (0.18)	Ezequiel 17:7 — There was also another great eagle with great wings and many feathers: and, behold, this vine did bend her roots toward him, and shot forth her branch
revés	3	overturn (0.67), whose (0.00), right (0.00), until (0.00)	Ezequiel 21:27 — I will overturn, overturn, overturn, it: and it shall be no more, until he come whose right it is; and I will give it him.
caminhante	3	travelleth (0.80), cassia (0.33), calamus (0.33), fairs (0.22)	Ezequiel 27:19 — Dan also and Javan going to and fro occupied in thy fairs: bright iron, cassia, and calamus, were in thy market.
batentes	3	apiece (0.22), leaves (0.11), turning (0.07), doors (0.03)	Ezequiel 41:24 — And the doors had two leaves apiece, two turning leaves; two leaves for the one door, and two leaves for the other door.
afarsaquitas	3	apharsachites (0.80), tatnai (0.57), shethar-boznai (0.57), dinaites (0.50)	Esdras 4:9 — Then wrote Rehum the chancellor, and Shimshai the scribe, and the rest of their companions; the Dinaites, the Apharsathchites, the Tarpelites, the Aph
matatá	3	mattathah (0.67), jeremai (0.67), melea (0.67), menan (0.67)	Esdras 10:33 — Of the sons of Hashum; Mattenai, Mattathah, Zabad, Eliphelet, Jeremai, Manasseh, and Shimei.
bdélio	3	bdellium (1.00), coriander (0.40), onyx (0.27), colour (0.13)	Gênesis 2:12 — And the gold of that land is good: there is bdellium and the onyx stone.
goim	3	amraphel (0.80), ellasar (0.80), tidal (0.80), chedorlaomer (0.50)	Gênesis 14:1 — And it came to pass in the days of Amraphel king of Shinar, Arioch king of Ellasar, Chedorlaomer king of Elam, and Tidal king of nations;
cutelo	3	knife (0.67), concubine (0.08), coasts (0.04), divided (0.02)	Gênesis 22:6 — And Abraham took the wood of the burnt offering, and laid it upon Isaac his son; and he took the fire in his hand, and a knife; and they went both of 
traze-mos	3	main (0.33), wither (0.12), grieveth (0.11), fetch (0.06)	Gênesis 27:13 — And his mother said unto him, Upon me be thy curse, my son: only obey my voice, and go fetch me them.
carcereiro-mor	3	keeper (0.22), doer (0.18), joseph's (0.08), prison (0.04)	Gênesis 39:21 — But the LORD was with Joseph, and shewed him mercy, and gave him favour in the sight of the keeper of the prison.
salvamento	3	woundedst (0.67), discovering (0.67), wentest (0.13), principal (0.11)	Habacuque 3:13 — Thou wentest forth for the salvation of thy people, even for salvation with thine anointed; thou woundedst the head out of the house of the wicked, by
vitupério	3	afresh (0.50), esteeming (0.40), renew (0.22), crucify (0.10)	Hebreus 6:6 — If they shall fall away, to renew them again unto repentance; seeing they crucify to themselves the Son of God afresh, and put him to an open shame.
espargida	3	purifieth (0.40), sprinkling (0.29), sanctifieth (0.25), defileth (0.18)	Hebreus 9:13 — For if the blood of bulls and of goats, and the ashes of an heifer sprinkling the unclean, sanctifieth to the purifying of the flesh:
expectação	3	expectation (0.22), perisheth (0.12), fearful (0.11), unjust (0.08)	Hebreus 10:27 — But a certain fearful looking for of judgment and fiery indignation, which shall devour the adversaries.
circunspectamente	3	circumspectly (0.86), regulate (0.40), baptizing (0.11), eighty (0.10)	Helamã 15:5 — And I would that ye should behold that the more part of them are in the path of their duty, and they do walk circumspectly before God, and they do obs
desposar-te-ei	3	betroth (0.80), lovingkindness (0.07), faithfulness (0.06), mercies (0.03)	Oseias 2:19 — And I will betroth thee unto me for ever; yea, I will betroth thee unto me in righteousness, and in judgment, and in lovingkindness, and in mercies.
olmeiro	3	poplars (0.50), elms (0.50), shittah (0.50), cypress (0.50)	Oseias 4:13 — They sacrifice upon the tops of the mountains, and burn incense upon the hills, under oaks and poplars and elms, because the shadow thereof is good: t
lavandeiro	3	fuller's (0.57), shear-jashub (0.50), conduit (0.44), fuller (0.29)	Isaías 7:3 — Then said the LORD unto Isaiah, Go forth now to meet Ahaz, thou, and Shear-jashub thy son, at the end of the conduit of the upper pool in the highway 
paços	3	kings' (0.50), spider (0.50), gorgeously (0.40), apparelled (0.40)	Isaías 23:13 — Behold the land of the Chaldeans; this people was not, till the Assyrian founded it for them that dwell in the wilderness: they set up the towers ther
quebradura	3	healeth (0.29), sevenfold (0.22), tooth (0.22), breach (0.17)	Isaías 30:26 — Moreover the light of the moon shall be as the light of the sun, and the light of the sun shall be sevenfold, as the light of seven days, in the day t
caminhantes	3	wayfaring (0.44), tema (0.25), troops (0.22), lodging (0.20)	Isaías 35:8 — And an highway shall be there, and a way, and it shall be called The way of holiness; the unclean shall not pass over it; but it shall be for those: t
sabeus	3	sabeans (0.86), merchandise (0.08), ethiopia (0.08), stature (0.08)	Isaías 45:14 — Thus saith the LORD, The labour of Egypt, and merchandise of Ethiopia and of the Sabeans, men of stature, shall come over unto thee, and they shall be
serém	3	sherem (1.00), convert (0.29), blasphemy (0.13), pervert (0.11)	Jacó 7:1 — And now it came to pass after some years had passed away, there came a man among the people of Nephi, whose name was Sherem.
sequidão	3	drought (0.46), moisture (0.33), deserts (0.18), pits (0.18)	Jeremias 2:6 — Neither said they, Where is the LORD that brought us up out of the land of Egypt, that led us through the wilderness, through a land of deserts and of
mortífera	3	deadly (0.31), serpents (0.16), peaceably (0.13), recover (0.12)	Jeremias 9:8 — Their tongue is as an arrow shot out; it speaketh deceit: one speaketh peaceably to his neighbour with his mouth, but in heart he layeth his wait.
temporãos	3	firstripe (0.57), grapegleanings (0.50), naughty (0.33), eater (0.33)	Jeremias 24:2 — One basket had very good figs, even like the figs that are first ripe: and the other basket had very naughty figs, which could not be eaten, they were
neelamita	3	nehelamite (1.00), shemaiah (0.14), rebellion (0.06), punish (0.05)	Jeremias 29:24 — Thus shalt thou also speak to Shemaiah the Nehelamite, saying,
nergal-sarezer	3	nergal-sharezer (1.00), rab-saris (1.00), rab-mag (1.00), samgar-nebo (0.67)	Jeremias 39:3 — And all the princes of the king of Babylon came in, and sat in the middle gate, even Nergal-sharezer, Samgar-nebo, Sarsechim, Rab-saris, Nergal-sharez
transbordante	3	overrunning (0.50), wellspring (0.40), overflowing (0.13), flowing (0.13)	Jeremias 47:2 — Thus saith the LORD; Behold, waters rise up out of the north, and shall be an overflowing flood, and shall overflow the land, and all that is therein;
apoderam	3	stealeth (0.29), delights (0.22), violent (0.15), terrors (0.11)	Jó 27:20 — Terrors take hold on him as waters, a tempest stealeth him away in the night.
samaritano	3	samaritan (1.00), journeyed (0.04), giving (0.04), compassion (0.03)	João 8:48 — Then answered the Jews, and said unto him, Say we not well that thou art a Samaritan, and hast a devil?
gesureus	3	maachathites (1.00), geshurites (0.86), salcah (0.80), hermon (0.25)	Josué 12:5 — And reigned in mount Hermon, and in Salcah, and in all Bashan, unto the border of the Geshurites and the Maachathites, and half Gilead, the border of 
maacateus	3	maachathites (1.00), geshurites (0.86), salcah (0.80), hermon (0.25)	Josué 12:5 — And reigned in mount Hermon, and in Salcah, and in all Bashan, unto the border of the Geshurites and the Maachathites, and half Gilead, the border of 
bete-anate	3	beth-anath (1.00), migdal-el (0.67), horem (0.67), nineteen (0.33)	Josué 19:38 — And Iron, and Migdal-el, Horem, and Beth-anath, and Beth-shemesh; nineteen cities with their villages.
ontário	3	ontario (1.00), windsor (0.67), vermont (0.67), thereabouts (0.67)	Joseph Smith—História 1:3 — I was born in the year of our Lord one thousand eight hundred and five, on the twenty-third day of December, in the town of Sharon, Windsor county, St
lucy	3	lucy (1.00), harrison (1.00), sophronia (1.00), mack (0.67)	Joseph Smith—História 1:4 — His family consisting of eleven souls, namely, my father, Joseph Smith; my mother , Lucy Smith (whose name, previous to her marriage, was Mack, daught
abiezritas	3	abiezrites (0.80), jehovah-shalom (0.50), ophrah (0.36), abiezer (0.20)	Juízes 6:24 — Then Gideon built an altar there unto the LORD, and called it Jehovah-shalom: unto this day it is yet in Ophrah of the Abiezrites.
nobá	3	nobah (1.00), jogbehah (0.50), kenath (0.50), secure (0.13)	Juízes 8:11 — And Gideon went up by the way of them that dwelt in tents on the east of Nobah and Jogbehah, and smote the host: for the host was secure.
possantemente	3	ashkelon (0.18), riddle (0.17), flax (0.15), mightily (0.13)	Juízes 14:6 — And the Spirit of the LORD came mightily upon him, and he rent him as he would have rent a kid, and he had nothing in his hand: but he told not his fa
naum	3	naum (0.67), esli (0.67), nagge (0.67), nahum (0.67)	Lucas 3:25 — Which was the son of Mattathias, which was the son of Amos, which was the son of Naum, which was the son of Esli, which was the son of Nagge,
gadarenos	3	gadarenes (1.00), arrived (0.10), besought (0.04), country (0.03)	Lucas 8:26 — And they arrived at the country of the Gadarenes, which is over against Galilee.
despenhadeiro	3	steep (0.75), violently (0.46), choked (0.44), swine (0.27)	Lucas 8:33 — Then went the devils out of the man, and entered into the swine: and the herd ran violently down a steep place into the lake, and were choked.
herodianos	3	herodians (1.00), carest (0.33), regardest (0.29), teachest (0.22)	Marcos 3:6 — And the Pharisees went forth, and straightway took counsel with the Herodians against him, how they might destroy him.
lamá	3	sabachthani (0.80), lama (0.67), eloi (0.50), lamah (0.50)	Marcos 15:34 — And at the ninth hour Jesus cried with a loud voice, saying, Eloi, Eloi, lama sabachthani? which is, being interpreted, My God, my God, why hast thou 
maã	3	mahan (1.00), gloried (0.50), irad (0.40), administered (0.10)	Moisés 5:31 — And Cain said: Truly I am Mahan, the master of this great secret , that I may murder and get gain . Wherefore Cain was called Master Mahan , and he gl
injustiçados	3	wronged (0.57), crossing (0.50), crossed (0.29), ferocious (0.25)	Mosias 10:12 — They were a wild, and ferocious, and a blood– thirsty people, believing in the tradition of their fathers, which is this—Believing that they were driv
infortúnios	3	prophesieth (0.15), furnace (0.05), prophesied (0.02), garment (0.02)	Mosias 12:9 — And it came to pass that they were angry with him; and they took him and carried him bound before the king, and said unto the king: Behold, we have br
horonita	3	horonite (1.00), sanballat (0.46), ammonite (0.33), geshem (0.33)	Neemias 2:10 — When Sanballat the Horonite, and Tobiah the servant, the Ammonite, heard of it, it grieved them exceedingly that there was come a man to seek the welf
mesezabeel	3	meshezabeel (1.00), baana (0.40), jaddua (0.33), koz (0.29)	Neemias 3:4 — And next unto them repaired Meremoth the son of Urijah, the son of Koz. And next unto them repaired Meshullam the son of Berechiah, the son of Mesheza
buni	3	bunni (1.00), chenani (0.50), azgad (0.29), hashub (0.29)	Neemias 9:4 — Then stood up upon the stairs, of the Levites, Jeshua, and Bani, Kadmiel, Shebaniah, Bunni, Sherebiah, Bani, and Chenani, and cried with a loud voice 
itiel	3	ithiel (1.00), joed (0.67), agur (0.67), jakeh (0.67)	Neemias 11:7 — And these are the sons of Benjamin; Sallu the son of Meshullam, the son of Joed, the son of Pedaiah, the son of Kolaiah, the son of Maaseiah, the son 
memorativa	3	woman's (0.20), memorial (0.17), handful (0.17), meal (0.13)	Números 5:15 — Then shall the man bring his wife unto the priest, and he shall bring her offering for her, the tenth part of an ephah of barley meal; he shall pour n
enaque	3	anak (0.55), sheshai (0.33), ahiman (0.29), walled (0.29)	Números 13:22 — And they ascended by the south, and came unto Hebron; where Ahiman, Sheshai, and Talmai, the children of Anak, were. (Now Hebron was built seven years
recôndito	3	pavilion (0.44), covert (0.15), secretly (0.08), strife (0.04)	Salmos 27:5 — For in the time of trouble he shall hide me in his pavilion: in the secret of his tabernacle shall he hide me; he shall set me up upon a rock.
ocaso	3	seasons (0.08), rising (0.08), praised (0.06), going (0.05)	Salmos 50:1 — The mighty God, even the LORD, hath spoken, and called the earth from the rising of the sun unto the going down thereof.
tamborim	3	timbrel (0.75), organs (0.50), stringed (0.33), dance (0.24)	Salmos 81:2 — Take a psalm, and bring hither the timbrel, the pleasant harp with the psaltery.
gratuito	3	abounded (0.25), justification (0.25), offences (0.22), offence (0.10)	Romanos 5:15 — But not as the offence, so also is the free gift. For if through the offence of one many be dead, much more the grace of God, and the gift by grace, w
corço	3	roe (0.55), hart (0.50), bether (0.50), lattice (0.33)	Cantares de Salomão 2:9 — My beloved is like a roe or a young hart: behold, he standeth behind our wall, he looketh forth at the windows, shewing himself through the lattice.
maalaleel	2	kenan (0.67), athaiah (0.67), jered (0.50), perez (0.40)	1 Crônicas 1:2 — Kenan, Mahalaleel, Jered,
madai	2	madai (1.00), tiras (1.00), magog (0.57), gomer (0.50)	1 Crônicas 1:5 — The sons of Japheth; Gomer, and Magog, and Madai, and Javan, and Tubal, and Meshech, and Tiras.
rifate	2	riphath (1.00), togarmah (0.67), ashkenaz (0.67), gomer (0.50)	1 Crônicas 1:6 — And the sons of Gomer; Ashchenaz, and Riphath, and Togarmah.
dodanim	2	kittim (1.00), dodanim (1.00), elishah (0.80), javan (0.44)	1 Crônicas 1:7 — And the sons of Javan; Elishah, and Tarshish, Kittim, and Dodanim.
sabtá	2	sabtecha (1.00), raamah (0.80), seba (0.67), sabta (0.67)	1 Crônicas 1:9 — And the sons of Cush; Seba, and Havilah, and Sabta, and Raamah, and Sabtecha. And the sons of Raamah; Sheba, and Dedan.
sabtecá	2	sabtecha (1.00), raamah (0.80), seba (0.67), sabta (0.67)	1 Crônicas 1:9 — And the sons of Cush; Seba, and Havilah, and Sabta, and Raamah, and Sabtecha. And the sons of Raamah; Sheba, and Dedan.
hul	2	hul (1.00), gether (1.00), mash (0.67), lud (0.33)	1 Crônicas 1:17 — The sons of Shem; Elam, and Asshur, and Arphaxad, and Lud, and Aram, and Uz, and Hul, and Gether, and Meshech.
selefe	2	almodad (1.00), sheleph (1.00), hazarmaveth (1.00), jerah (1.00)	1 Crônicas 1:20 — And Joktan begat Almodad, and Sheleph, and Hazarmaveth, and Jerah,
hazarmavé	2	almodad (1.00), sheleph (1.00), hazarmaveth (1.00), jerah (1.00)	1 Crônicas 1:20 — And Joktan begat Almodad, and Sheleph, and Hazarmaveth, and Jerah,
jerá	2	almodad (1.00), sheleph (1.00), hazarmaveth (1.00), jerah (1.00)	1 Crônicas 1:20 — And Joktan begat Almodad, and Sheleph, and Hazarmaveth, and Jerah,
dicla	2	uzal (1.00), diklah (1.00), hadoram (0.67)	1 Crônicas 1:21 — Hadoram also, and Uzal, and Diklah,
obal	2	abimael (1.00), obal (0.67), ebal (0.20), sheba (0.12)	1 Crônicas 1:22 — And Ebal, and Abimael, and Sheba,
abimael	2	abimael (1.00), obal (0.67), ebal (0.20), sheba (0.12)	1 Crônicas 1:22 — And Ebal, and Abimael, and Sheba,
adbeel	2	adbeel (1.00), mibsam (0.80), nebaioth (0.50), nebajoth (0.40)	1 Crônicas 1:29 — These are their generations: The firstborn of Ishmael, Nebaioth; then Kedar, and Adbeel, and Mibsam,
quedemá	2	naphish (1.00), kedemah (1.00), jetur (0.80), hadar (0.50)	1 Crônicas 1:31 — Jetur, Naphish, and Kedemah. These are the sons of Ishmael.
zinrã	2	zimran (1.00), medan (1.00), ishbak (1.00), jokshan (0.80)	1 Crônicas 1:32 — Now the sons of Keturah, Abraham's concubine: she bare Zimran, and Jokshan, and Medan, and Midian, and Ishbak, and Shuah. And the sons of Jokshan; She
medã	2	zimran (1.00), medan (1.00), ishbak (1.00), jokshan (0.80)	1 Crônicas 1:32 — Now the sons of Keturah, Abraham's concubine: she bare Zimran, and Jokshan, and Medan, and Midian, and Ishbak, and Shuah. And the sons of Jokshan; She
jisbaque	2	zimran (1.00), medan (1.00), ishbak (1.00), jokshan (0.80)	1 Crônicas 1:32 — Now the sons of Keturah, Abraham's concubine: she bare Zimran, and Jokshan, and Medan, and Midian, and Ishbak, and Shuah. And the sons of Jokshan; She
abida	2	abida (1.00), eldaah (1.00), epher (0.67), keturah (0.67)	1 Crônicas 1:33 — And the sons of Midian; Ephah, and Epher, and Henoch, and Abida, and Eldaah. All these are the sons of Keturah.
elda	2	abida (1.00), eldaah (1.00), epher (0.67), keturah (0.67)	1 Crônicas 1:33 — And the sons of Midian; Ephah, and Epher, and Henoch, and Abida, and Eldaah. All these are the sons of Keturah.
homã	2	lotan's (1.00), hori (0.67), homam (0.67), timna (0.67)	1 Crônicas 1:39 — And the sons of Lotan; Hori, and Homam: and Timna was Lotan's sister.
esbã	2	eshban (1.00), cheran (1.00), ithran (0.80), hemdan (0.67)	1 Crônicas 1:41 — The sons of Anah; Dishon. And the sons of Dishon; Amram, and Eshban, and Ithran, and Cheran.
querã	2	eshban (1.00), cheran (1.00), ithran (0.80), hemdan (0.67)	1 Crônicas 1:41 — The sons of Anah; Dishon. And the sons of Dishon; Amram, and Eshban, and Ithran, and Cheran.
zaavã	2	bilhan (0.80), zavan (0.67), jakan (0.67), zaavan (0.67)	1 Crônicas 1:42 — The sons of Ezer; Bilhan, and Zavan, and Jakan. The sons of Dishan; Uz, and Aran.
dinabá	2	dinhabah (1.00), beor (0.33), bela (0.27), edom (0.05)	1 Crônicas 1:43 — Now these are the kings that reigned in the land of Edom before any king reigned over the children of Israel; Bela the son of Beor: and the name of hi
bedade	2	bedad (1.00), avith (1.00), husham (0.67), hadad (0.29)	1 Crônicas 1:46 — And when Husham was dead, Hadad the son of Bedad, which smote Midian in the field of Moab, reigned in his stead: and the name of his city was Avith.
avite	2	bedad (1.00), avith (1.00), husham (0.67), hadad (0.29)	1 Crônicas 1:46 — And when Husham was dead, Hadad the son of Bedad, which smote Midian in the field of Moab, reigned in his stead: and the name of his city was Avith.
masreca	2	masrekah (1.00), samlah (0.67), hadad (0.29), stead (0.03)	1 Crônicas 1:47 — And when Hadad was dead, Samlah of Masrekah reigned in his stead.
matrede	2	mehetabel (1.00), matred (1.00), mezahab (1.00), pai (0.67)	1 Crônicas 1:50 — And when Baal-hanan was dead, Hadad reigned in his stead: and the name of his city was Pai; and his wife's name was Mehetabel, the daughter of Matred,
me-zaabe	2	mehetabel (1.00), matred (1.00), mezahab (1.00), pai (0.67)	1 Crônicas 1:50 — And when Baal-hanan was dead, Hadad reigned in his stead: and the name of his city was Pai; and his wife's name was Mehetabel, the daughter of Matred,
jetete	2	jetheth (1.00), aliah (0.67), alvah (0.67), timnah (0.57)	1 Crônicas 1:51 — Hadad died also. And the dukes of Edom were; duke Timnah, duke Aliah, duke Jetheth,
pinom	2	pinon (1.00), aholibamah (0.44), duke (0.25), elah (0.22)	1 Crônicas 1:52 — Duke Aholibamah, duke Elah, duke Pinon,
mibzar	2	mibzar (1.00), kenaz (0.31), teman (0.31), duke (0.25)	1 Crônicas 1:53 — Duke Kenaz, duke Teman, duke Mibzar,
magdiel	2	magdiel (1.00), iram (1.00), duke (0.25), dukes (0.25)	1 Crônicas 1:54 — Duke Magdiel, duke Iram. These are the dukes of Edom.
calcol	2	calcol (0.67), dara (0.67), ezrahite (0.67), chalcol (0.67)	1 Crônicas 2:6 — And the sons of Zerah; Zimri, and Ethan, and Heman, and Calcol, and Dara: five of them in all.
ozém	2	ozem (1.00), bunah (0.67), oren (0.67), jerahmeel (0.20)	1 Crônicas 2:15 — Ozem the sixth, David the seventh:
ismaelita	2	ishmeelite (0.67), obil (0.67), ishmaelite (0.67), jehdeiah (0.50)	1 Crônicas 2:17 — And Abigail bare Amasa: and the father of Amasa was Jether the Ishmeelite.
bezaleel	2	uri (0.44), bezaleel (0.36), hur (0.22), begat (0.01)	1 Crônicas 2:20 — And Hur begat Uri, and Uri begat Bezaleel.
quenate	2	kenath (1.00), nobah (0.50), geshur (0.20), aram (0.17)	1 Crônicas 2:23 — And he took Geshur, and Aram, with the towns of Jair, from them, with Kenath, and the towns thereof, even threescore cities. All these belonged to the
abia	2	caleb-ephratah (0.67), hezron's (0.67), ashur (0.50), abiah (0.33)	1 Crônicas 2:24 — And after that Hezron was dead in Caleb-ephratah, then Abiah Hezron's wife bare him Ashur the father of Tekoa.
asur	2	ashur (1.00), caleb-ephratah (0.67), hezron's (0.67), tekoa (0.50)	1 Crônicas 2:24 — And after that Hezron was dead in Caleb-ephratah, then Abiah Hezron's wife bare him Ashur the father of Tekoa.
jada	2	jada (1.00), shammai (0.57), abishur (0.50), onam (0.33)	1 Crônicas 2:28 — And the sons of Onam were, Shammai, and Jada. And the sons of Shammai; Nadab, and Abishur.
abisur	2	abishur (1.00), ahban (0.67), molid (0.67), jada (0.50)	1 Crônicas 2:28 — And the sons of Onam were, Shammai, and Jada. And the sons of Shammai; Nadab, and Abishur.
selede	2	seled (1.00), appaim (0.67), nadab (0.10), died (0.01)	1 Crônicas 2:30 — And the sons of Nadab; Seled, and Appaim: but Seled died without children.
apaim	2	appaim (1.00), seled (0.67), ahlai (0.50), sheshan (0.40)	1 Crônicas 2:30 — And the sons of Nadab; Seled, and Appaim: but Seled died without children.
jará	2	jarha (1.00), sheshan (0.80), attai (0.33), egyptian (0.07)	1 Crônicas 2:34 — Now Sheshan had no sons, but daughters. And Sheshan had a servant, an Egyptian, whose name was Jarha.
eflal	2	ephlal (1.00), zabad (0.22), obed (0.17), begat (0.01)	1 Crônicas 2:37 — And Zabad begat Ephlal, and Ephlal begat Obed,
sismai	2	sisamai (1.00), eleasah (0.40), shallum (0.07), begat (0.01)	1 Crônicas 2:40 — And Eleasah begat Sisamai, and Sisamai begat Shallum,
messa	2	mesha (0.67), sephar (0.67), jerahmeel (0.20), mareshah (0.20)	1 Crônicas 2:42 — Now the sons of Caleb the brother of Jerahmeel were, Mesha his firstborn, which was the father of Ziph; and the sons of Mareshah the father of Hebron.
gazez	2	gazez (1.00), caleb's (0.40), moza (0.33), concubine (0.09)	1 Crônicas 2:46 — And Ephah, Caleb's concubine, bare Haran, and Moza, and Gazez: and Haran begat Gazez.
jadai	2	jahdai (0.67), regem (0.67), gesham (0.67), zebina (0.67)	1 Crônicas 2:47 — And the sons of Jahdai; Regem, and Jotham, and Gesham, and Pelet, and Ephah, and Shaaph.
saafe	2	shaaph (1.00), jahdai (0.67), regem (0.67), gesham (0.67)	1 Crônicas 2:47 — And the sons of Jahdai; Regem, and Jotham, and Gesham, and Pelet, and Ephah, and Shaaph.
madmana	2	madmannah (1.00), machbenah (0.67), gibea (0.67), achsa (0.67)	1 Crônicas 2:49 — She bare also Shaaph the father of Madmannah, Sheva the father of Machbenah, and the father of Gibea: and the daughter of Caleb was Achsa.
abital	2	abital (1.00), ithream (0.50), eglah (0.50), shephatiah (0.29)	1 Crônicas 3:3 — The fifth, Shephatiah of Abital: the sixth, Ithream by Eglah his wife.
itreão	2	ithream (1.00), eglah (1.00), abital (0.50), shephatiah (0.14)	1 Crônicas 3:3 — The fifth, Shephatiah of Abital: the sixth, Ithream by Eglah his wife.
eglá	2	ithream (1.00), eglah (1.00), abital (0.50), shephatiah (0.14)	1 Crônicas 3:3 — The fifth, Shephatiah of Abital: the sixth, Ithream by Eglah his wife.
nogá	2	nogah (1.00), nepheg (0.67), japhia (0.57)	1 Crônicas 3:7 — And Nogah, and Nepheg, and Japhia,
jigeal	2	igeal (0.67), bariah (0.67), igal (0.50), neariah (0.40)	1 Crônicas 3:22 — And the sons of Shechaniah; Shemaiah: and the sons of Shemaiah; Hattush, and Igeal, and Bariah, and Neariah, and Shaphat, six.
helá	2	helah (1.00), zereth (0.67), jezoar (0.67), ethnan (0.67)	1 Crônicas 4:5 — And Ashur the father of Tekoa had two wives, Helah and Naarah.
quelube	2	chelub (1.00), mehir (0.67), ezri (0.67), eshton (0.50)	1 Crônicas 4:11 — And Chelub the brother of Shuah begat Mehir, which was the father of Eshton.
estom	2	eshton (1.00), mehir (0.67), beth-rapha (0.67), tehinnah (0.67)	1 Crônicas 4:11 — And Chelub the brother of Shuah begat Mehir, which was the father of Eshton.
naã	2	iru (0.67), naam (0.67), hodiah (0.67), naham (0.67)	1 Crônicas 4:15 — And the sons of Caleb the son of Jephunneh; Iru, Elah, and Naam: and the sons of Elah, even Kenaz.
jealelel	2	jehaleleel (0.67), ziphah (0.67), tiria (0.67), asareel (0.67)	1 Crônicas 4:16 — And the sons of Jehaleleel; Ziph, and Ziphah, Tiria, and Asareel.
merede	2	mered (1.00), jalon (0.67), ishbah (0.67), jehudijah (0.67)	1 Crônicas 4:17 — And the sons of Ezra were, Jether, and Mered, and Epher, and Jalon: and she bare Miriam, and Shammai, and Ishbah the father of Eshtemoa.
bete-marcabote	2	beth-marcaboth (1.00), hazar-susim (0.67), beth-birei (0.67), hazar-susah (0.67)	1 Crônicas 4:31 — And at Beth-marcaboth, and Hazar-susim, and at Beth-birei, and at Shaaraim. These were their cities unto the reign of David.
alom	2	allon (1.00), shiphi (0.67), heleph (0.67), zaanannim (0.67)	1 Crônicas 4:37 — And Ziza the son of Shiphi, the son of Allon, the son of Jedaiah, the son of Shimri, the son of Shemaiah;
beera	2	beerah (0.67), hod (0.67), shamma (0.67), shilshah (0.67)	1 Crônicas 5:6 — Beerah his son, whom Tilgath-pilneser king of Assyria carried away captive: he was prince of the Reubenites.
baal-hermom	2	baal-hermon (1.00), senir (0.50), sidonians (0.29), hermon (0.13)	1 Crônicas 5:23 — And the children of the half tribe of Manasseh dwelt in the land: they increased from Bashan unto Baal-hermon and Senir, and unto mount Hermon.
jeozadaque	2	jehozadak (1.00), seraiah (0.10), azariah (0.04), nebuchadnezzar (0.03)	1 Crônicas 6:14 — And Azariah begat Seraiah, and Seraiah begat Jehozadak,
anzi	2	amzi (1.00), pelaliah (0.67), shamer (0.50), adaiah (0.18)	1 Crônicas 6:46 — The son of Amzi, the son of Bani, the son of Shamer,
jocmeão	2	jokmeam (0.67), zartanah (0.67), baana (0.50), abel-meholah (0.50)	1 Crônicas 6:68 — And Jokmeam with her suburbs, and Beth-horon with her suburbs,
hucoque	2	hukok (0.67), aznoth-tabor (0.67), hukkok (0.67), rehob (0.17)	1 Crônicas 6:75 — And Hukok with her suburbs, and Rehob with her suburbs:
hamom	2	hammon (1.00), kirjathaim (0.40), kanah (0.40), rehob (0.17)	1 Crônicas 6:76 — And out of the tribe of Naphtali; Kedesh in Galilee with her suburbs, and Hammon with her suburbs, and Kirjathaim with her suburbs.
izraías	2	izrahiah (1.00), ishiah (1.00), uzzi (0.17), obadiah (0.10)	1 Crônicas 7:3 — And the sons of Uzzi; Izrahiah: and the sons of Izrahiah; Michael, and Obadiah, and Joel, Ishiah, five: all of them chief men.
esbom	2	ezbon (1.00), iri (0.67), ziphion (0.67), arodi (0.67)	1 Crônicas 7:7 — And the sons of Bela; Ezbon, and Uzzi, and Uzziel, and Jerimoth, and Iri, five; heads of the house of their fathers, mighty men of valour; and were re
bedã	2	bedan (1.00), ulam (0.33), dwelled (0.29), jerubbaal (0.13)	1 Crônicas 7:17 — And the sons of Ulam; Bedan. These were the sons of Gilead, the son of Machir, the son of Manasseh.
sequém	2	shemidah (0.67), ahian (0.67), likhi (0.67), aniam (0.67)	1 Crônicas 7:19 — And the sons of Shemidah were, Ahian, and Shechem, and Likhi, and Aniam.
berede	2	bered (0.67), eladah (0.67), beer-lahai-roi (0.67), shuthelah (0.33)	1 Crônicas 7:20 — And the sons of Ephraim; Shuthelah, and Bered his son, and Tahath his son, and Eladah his son, and Tahath his son,
resefe	2	rephah (0.67), resheph (0.67), telah (0.67), thelasar (0.67)	1 Crônicas 7:25 — And Rephah was his son, also Resheph, and Telah his son, and Tahan his son,
taã	2	tahan (1.00), rephah (0.67), resheph (0.67), telah (0.67)	1 Crônicas 7:25 — And Rephah was his son, also Resheph, and Telah his son, and Tahan his son,
isvá	2	serah (1.00), isuah (0.67), ishuai (0.67), jimnah (0.67)	1 Crônicas 7:30 — The sons of Asher; Imnah, and Isuah, and Ishuai, and Beriah, and Serah their sister.
somer	2	shomer (1.00), hotham (0.67), jozachar (0.67), japhlet (0.50)	1 Crônicas 7:32 — And Heber begat Japhlet, and Shomer, and Hotham, and Shua their sister.
hotão	2	hotham (0.67), uzzia (0.67), ashterathite (0.67), shama (0.67)	1 Crônicas 7:32 — And Heber begat Japhlet, and Shomer, and Hotham, and Shua their sister.
zofa	2	zophah (1.00), imna (0.67), shelesh (0.67), amal (0.67)	1 Crônicas 7:35 — And the sons of his brother Helem; Zophah, and Imna, and Shelesh, and Amal.
sual	2	shual (1.00), suah (0.67), harnepher (0.67), beri (0.67)	1 Crônicas 7:36 — The sons of Zophah; Suah, and Harnepher, and Shual, and Beri, and Imrah,
haniel	2	ulla (0.67), haniel (0.67), rezia (0.67), hanniel (0.67)	1 Crônicas 7:39 — And the sons of Ulla; Arah, and Haniel, and Rezia.
aiúde	2	ahihud (1.00), shelomi (0.67), ahiah (0.33), gera (0.18)	1 Crônicas 8:7 — And Naaman, and Ahiah, and Gera, he removed them, and begat Uzza, and Ahihud.
sasaque	2	shashak (1.00), iphedeiah (0.67), jeremoth (0.29), ahio (0.25)	1 Crônicas 8:14 — And Ahio, Shashak, and Jeremoth,
joa	2	joha (1.00), ispah (0.67), tizite (0.67), shimri (0.40)	1 Crônicas 8:16 — And Michael, and Ispah, and Joha, the sons of Beriah;
ziletai	2	zilthai (1.00), elienai (0.67), adnah (0.50), jediael (0.25)	1 Crônicas 8:20 — And Elienai, and Zilthai, and Eliel,
esbaal	2	esh-baal (1.00), malchi-shua (0.67), abinadab (0.29), ner (0.22)	1 Crônicas 8:33 — And Ner begat Kish, and Kish begat Saul, and Saul begat Jonathan, and Malchi-shua, and Abinadab, and Esh-baal.
jeoada	2	jehoadah (1.00), alemeth (0.50), moza (0.33), azmaveth (0.22)	1 Crônicas 8:36 — And Ahaz begat Jehoadah; and Jehoadah begat Alemeth, and Azmaveth, and Zimri; and Zimri begat Moza,
bineá	2	binea (1.00), eleasah (0.67), azel (0.67), moza (0.57)	1 Crônicas 8:37 — And Moza begat Binea: Rapha was his son, Eleasah his son, Azel his son:
bocru	2	bocheru (1.00), sheariah (1.00), azel (0.67), azrikam (0.50)	1 Crônicas 8:38 — And Azel had six sons, whose names are these, Azrikam, Bocheru, and Ishmael, and Sheariah, and Obadiah, and Hanan. All these were the sons of Azel.
jeoiaribe	2	jehoiarib (1.00), jedaiah (0.27), jachin (0.20), lot (0.02)	1 Crônicas 9:10 — And of the priests; Jedaiah, and Jehoiarib, and Jachin,
heres	2	bakbakkar (0.67), heresh (0.67), heres (0.67), shaalbim (0.50)	1 Crônicas 9:15 — And Bakbakkar, Heresh, and Galal, and Mattaniah the son of Micah, the son of Zichri, the son of Asaph;
jaerá	2	jarah (1.00), alemeth (0.50), moza (0.33), azmaveth (0.22)	1 Crônicas 9:42 — And Ahaz begat Jarah; and Jarah begat Alemeth, and Azmaveth, and Zimri; and Zimri begat Moza;
ribai	2	ribai (1.00), ithai (0.67), heleb (0.67), pirathonite (0.29)	1 Crônicas 11:31 — Ithai the son of Ribai of Gibeah, that pertained to the children of Benjamin, Benaiah the Pirathonite,
arbatita	2	arbathite (1.00), hurai (0.67), abi-albon (0.67), barhumite (0.67)	1 Crônicas 11:32 — Hurai of the brooks of Gaash, Abiel the Arbathite,
eliaba	2	eliahba (1.00), shaalbonite (1.00), baharumite (0.67), jashen (0.67)	1 Crônicas 11:33 — Azmaveth the Baharumite, Eliahba the Shaalbonite,
saalbonita	2	eliahba (1.00), shaalbonite (1.00), baharumite (0.67), jashen (0.67)	1 Crônicas 11:33 — Azmaveth the Baharumite, Eliahba the Shaalbonite,
aião	2	ahiam (1.00), hararite (0.67), eliphal (0.67), sharar (0.67)	1 Crônicas 11:35 — Ahiam the son of Sacar the Hararite, Eliphal the son of Ur,
zeleque	2	zelek (1.00), naharai (1.00), berothite (0.67), ammonite (0.36)	1 Crônicas 11:39 — Zelek the Ammonite, Naharai the Berothite, the armourbearer of Joab the son of Zeruiah,
jaasiel	2	jasiel (0.67), mesobaite (0.67), jaasiel (0.67), eliel (0.17)	1 Crônicas 11:47 — Eliel, and Obed, and Jasiel the Mesobaite.
ismaías	2	ismaiah (0.67), josabad (0.67), gederathite (0.67), ishmaiah (0.67)	1 Crônicas 12:4 — And Ismaiah the Gibeonite, a mighty man among the thirty, and over the thirty; and Jeremiah, and Jahaziel, and Johanan, and Josabad the Gederathite,
gibeonita	2	gibeonite (1.00), ismaiah (0.67), josabad (0.67), gederathite (0.67)	1 Crônicas 12:4 — And Ismaiah the Gibeonite, a mighty man among the thirty, and over the thirty; and Jeremiah, and Jahaziel, and Johanan, and Josabad the Gederathite,
azarel	2	joezer (0.67), azareel (0.57), jesiah (0.50), jashobeam (0.40)	1 Crônicas 12:6 — Elkanah, and Jesiah, and Azareel, and Joezer, and Jashobeam, the Korhites,
elzabade	2	elzabad (1.00), othni (0.67), rephael (0.67), semachiah (0.67)	1 Crônicas 12:12 — Johanan the eighth, Elzabad the ninth,
elisua	2	elishua (1.00), ibhar (0.80), elpalet (0.67), nepheg (0.33)	1 Crônicas 14:5 — And Ibhar, and Elishua, and Elpalet,
elizafã	2	elizaphan (0.67), parnach (0.67), shemaiah (0.05), zebulun (0.04)	1 Crônicas 15:8 — Of the sons of Elizaphan; Shemaiah the chief, and his brethren two hundred:
elifeleu	2	elipheleh (1.00), mikneiah (1.00), ben (0.67), jaaziel (0.67)	1 Crônicas 15:18 — And with them their brethren of the second degree, Zechariah, Ben, and Jaaziel, and Shemiramoth, and Jehiel, and Unni, Eliab, and Benaiah, and Maaseia
micneias	2	elipheleh (1.00), mikneiah (1.00), ben (0.67), jaaziel (0.67)	1 Crônicas 15:18 — And with them their brethren of the second degree, Zechariah, Ben, and Jaaziel, and Shemiramoth, and Jehiel, and Unni, Eliab, and Benaiah, and Maaseia
azazias	2	azaziah (0.80), sheminith (0.67), elipheleh (0.50), mikneiah (0.50)	1 Crônicas 15:21 — And Mattithiah, and Elipheleh, and Mikneiah, and Obed-edom, and Jeiel, and Azaziah, with harps on the Sheminith to excel.
frasco	2	flagon (1.00), loaf (0.40), cake (0.14), piece (0.09)	1 Crônicas 16:3 — And he dealt to every one of Israel, both man and woman, to every one a loaf of bread, and a good piece of flesh, and a flagon of wine.
tou	2	tou (1.00), congratulate (0.67), hadarezer (0.33), hadoram (0.33)	1 Crônicas 18:9 — Now when Tou king of Hamath heard how David had smitten all the host of Hadarezer king of Zobah;
sofaque	2	shophach (1.00), hadarezer (0.17), footmen (0.14), syrians (0.07)	1 Crônicas 19:16 — And when the Syrians saw that they were put to the worse before Israel, they sent messengers, and drew forth the Syrians that were beyond the river: a
talhadeiras	2	harrows (1.00), saws (0.80), axes (0.44), brickkiln (0.40)	1 Crônicas 20:3 — And he brought out the people that were in it, and cut them with saws, and with harrows of iron, and with axes. Even so dealt David with all the citie
dá-mo	2	ornan (0.17), threshingfloor (0.11), stayed (0.06), price (0.05)	1 Crônicas 21:22 — Then David said to Ornan, Grant me the place of this threshingfloor, that I may build an altar therein unto the LORD: thou shalt grant it me for the f
jecameão	2	jeriah (1.00), jekameam (1.00), jahaziel (0.50), amariah (0.25)	1 Crônicas 23:19 — Of the sons of Hebron; Jeriah the first, Amariah the second, Jahaziel the third, and Jekameam the fourth.
oferecimento	2	moons (0.14), feasts (0.06), sabbaths (0.06), thanksgiving (0.05)	1 Crônicas 23:31 — And to offer all burnt sacrifices unto the LORD in the sabbaths, in the new moons, and on the set feasts, by number, according to the order commanded 
hezir	2	hezir (1.00), aphses (0.67), magpiash (0.67), seventeenth (0.17)	1 Crônicas 24:15 — The seventeenth to Hezir, the eighteenth to Aphses,
maazias	2	maaziah (1.00), bilgai (0.67), delaiah (0.25), twentieth (0.05)	1 Crônicas 24:18 — The three and twentieth to Delaiah, the four and twentieth to Maaziah.
jedias	2	jehdeiah (1.00), obil (0.67), ishmaelite (0.67), shubael (0.50)	1 Crônicas 24:20 — And the rest of the sons of Levi were these: Of the sons of Amram; Shubael: of the sons of Shubael; Jehdeiah.
selomote	2	shelomoth (1.00), izharites (0.50), jahath (0.25), sons (0.00)	1 Crônicas 24:22 — Of the Izharites; Shelomoth: of the sons of Shelomoth; Jahath.
jaazias	2	jaaziah (1.00), beno (1.00), shoham (0.67), ibri (0.67)	1 Crônicas 24:26 — The sons of Merari were Mahli and Mushi: the sons of Jaaziah; Beno.
beno	2	jaaziah (1.00), beno (1.00), shoham (0.67), ibri (0.67)	1 Crônicas 24:26 — The sons of Merari were Mahli and Mushi: the sons of Jaaziah; Beno.
buquias	2	bukkiah (1.00), eliathah (0.50), giddalti (0.50), romamti-ezer (0.50)	1 Crônicas 25:4 — Of Heman: the sons of Heman; Bukkiah, Mattaniah, Uzziel, Shebuel, and Jerimoth, Hananiah, Hanani, Eliathah, Giddalti, and Romamti-ezer, Joshbekashah, 
eliata	2	eliathah (1.00), bukkiah (0.50), giddalti (0.50), romamti-ezer (0.50)	1 Crônicas 25:4 — Of Heman: the sons of Heman; Bukkiah, Mattaniah, Uzziel, Shebuel, and Jerimoth, Hananiah, Hanani, Eliathah, Giddalti, and Romamti-ezer, Joshbekashah, 
gidalti	2	giddalti (1.00), bukkiah (0.50), eliathah (0.50), romamti-ezer (0.50)	1 Crônicas 25:4 — Of Heman: the sons of Heman; Bukkiah, Mattaniah, Uzziel, Shebuel, and Jerimoth, Hananiah, Hanani, Eliathah, Giddalti, and Romamti-ezer, Joshbekashah, 
romanti-ezer	2	romamti-ezer (1.00), bukkiah (0.50), eliathah (0.50), giddalti (0.50)	1 Crônicas 25:4 — Of Heman: the sons of Heman; Bukkiah, Mattaniah, Uzziel, Shebuel, and Jerimoth, Hananiah, Hanani, Eliathah, Giddalti, and Romamti-ezer, Joshbekashah, 
josbecasa	2	joshbekashah (1.00), bukkiah (0.50), eliathah (0.50), giddalti (0.50)	1 Crônicas 25:4 — Of Heman: the sons of Heman; Bukkiah, Mattaniah, Uzziel, Shebuel, and Jerimoth, Hananiah, Hanani, Eliathah, Giddalti, and Romamti-ezer, Joshbekashah, 
maloti	2	mallothi (1.00), bukkiah (0.50), eliathah (0.50), giddalti (0.50)	1 Crônicas 25:4 — Of Heman: the sons of Heman; Bukkiah, Mattaniah, Uzziel, Shebuel, and Jerimoth, Hananiah, Hanani, Eliathah, Giddalti, and Romamti-ezer, Joshbekashah, 
hotir	2	hothir (1.00), bukkiah (0.50), eliathah (0.50), giddalti (0.50)	1 Crônicas 25:4 — Of Heman: the sons of Heman; Bukkiah, Mattaniah, Uzziel, Shebuel, and Jerimoth, Hananiah, Hanani, Eliathah, Giddalti, and Romamti-ezer, Joshbekashah, 
maaziote	2	mahazioth (1.00), bukkiah (0.50), eliathah (0.50), giddalti (0.50)	1 Crônicas 25:4 — Of Heman: the sons of Heman; Bukkiah, Mattaniah, Uzziel, Shebuel, and Jerimoth, Hananiah, Hanani, Eliathah, Giddalti, and Romamti-ezer, Joshbekashah, 
rafael	2	othni (0.67), rephael (0.67), semachiah (0.67), raphael (0.67)	1 Crônicas 26:7 — The sons of Shemaiah; Othni, and Rephael, and Obed, Elzabad, whose brethren were strong men, Elihu, and Semachiah.
parbar	2	parbar (1.00), causeway (0.67), westward (0.06), four (0.01)	1 Crônicas 26:18 — At Parbar westward, four at the causeway, and two at Parbar.
jeieli	2	jehieli (1.00), gershonite (0.50), zetham (0.50), laadan (0.29)	1 Crônicas 26:21 — As concerning the sons of Laadan; the sons of the Gershonite Laadan, chief fathers, even of Laadan the Gershonite, were Jehieli.
uzielitas	2	amramites (1.00), uzzielites (1.00), izeharites (0.67), hebronites (0.57)	1 Crônicas 26:23 — Of the Amramites, and the Izharites, the Hebronites, and the Uzzielites:
zabdiel	2	zabdiel (1.00), jashobeam (0.40), overseer (0.22), valour (0.05)	1 Crônicas 27:2 — Over the first course for the first month was Jashobeam the son of Zabdiel: and in his course were twenty and four thousand.
heldai	2	heldai (1.00), tobijah (0.40), othniel (0.25), netophathite (0.22)	1 Crônicas 27:15 — The twelfth captain for the twelfth month was Heldai the Netophathite, of Othniel: and in his course were twenty and four thousand.
meronotita	2	meronothite (1.00), obil (0.67), ishmaelite (0.67), melatiah (0.67)	1 Crônicas 27:30 — Over the camels also was Obil the Ishmaelite: and over the asses was Jehdeiah the Meronothite:
cenáculos	2	parlours (0.67), treasuries (0.18), nails (0.14), upper (0.13)	1 Crônicas 28:11 — Then David gave to Solomon his son the pattern of the porch, and of the houses thereof, and of the treasuries thereof, and of the upper chambers there
sóstenes	2	sosthenes (1.00), gallio (0.40), cared (0.40), greeks (0.13)	1 Coríntios 1:1 — Paul, called to be an apostle of Jesus Christ through the will of God, and Sosthenes our brother,
despenseiros	2	stewards (0.31), manifold (0.20), required (0.05), gift (0.02)	1 Coríntios 4:2 — Moreover it is required in stewards, that a man be found faithful.
sodomitas	2	effeminate (0.67), abusers (0.67), menstealers (0.67), perjured (0.67)	1 Coríntios 6:9 — Know ye not that the unrighteous shall not inherit the kingdom of God? Be not deceived: neither fornicators, nor idolaters, nor adulterers, nor effemi
maldizentes	2	slanderers (0.67), revilers (0.50), extortioners (0.40), drunkards (0.25)	1 Coríntios 6:10 — Nor thieves, nor covetous, nor drunkards, nor revilers, nor extortioners, shall inherit the kingdom of God.
olfato	2	enliven (0.67), smelling (0.40), smell (0.10), taste (0.06)	1 Coríntios 12:17 — If the whole body were an eye, where were the hearing? If the whole were hearing, where were the smelling?
vivificante	2	quickening (0.67), vineyards (0.04), rejoicing (0.04), diligence (0.04)	1 Coríntios 15:45 — And so it is written, The first man Adam was made a living soul; the last Adam was made a quickening spirit.
rogel	2	zoheleth (0.67), en-rogel (0.67), wench (0.67), ahimaaz (0.12)	1 Reis 1:9 — And Adonijah slew sheep and oxen and fat cattle by the stone of Zoheleth, which is by En-rogel, and called all his brethren the king's sons, and all t
zabude	2	zabud (0.67), zabbud (0.67), uthai (0.50), bigvai (0.25)	1 Reis 4:5 — And Azariah the son of Nathan was over the officers: and Zabud the son of Nathan was principal officer, and the king's friend:
oficial-mor	2	zabud (0.67), jairite (0.67), ira (0.25), officer (0.15)	1 Reis 4:5 — And Azariah the son of Nathan was over the officers: and Zabud the son of Nathan was principal officer, and the king's friend:
adonirão	2	adoniram (1.00), ahishar (0.67), abda (0.50), levy (0.29)	1 Reis 4:6 — And Ahishar was over the household: and Adoniram the son of Abda was over the tribute.
abda	2	abda (1.00), ahishar (0.67), adoniram (0.50), bakbukiah (0.40)	1 Reis 4:6 — And Ahishar was over the household: and Adoniram the son of Abda was over the tribute.
saalbim	2	shaalbim (1.00), dekar (0.67), makaz (0.67), elon-beth-hanan (0.67)	1 Reis 4:9 — The son of Dekar, in Makaz, and in Shaalbim, and Beth-shemesh, and Elon-beth-hanan:
geber	2	geber (1.00), argob (0.29), uri (0.22), jair (0.17)	1 Reis 4:13 — The son of Geber, in Ramoth-gilead; to him pertained the towns of Jair the son of Manasseh, which are in Gilead; to him also pertained the region of A
bealote	2	aloth (0.67), bealoth (0.67), telem (0.50), ziph (0.18)	1 Reis 4:16 — Baanah the son of Hushai was in Asher and in Aloth:
tifsa	2	tiphsah (1.00), azzah (0.40), ripped (0.40), menahem (0.20)	1 Reis 4:24 — For he had dominion over all the region on this side the river, from Tiphsah even to Azzah, over all the kings on this side the river: and he had peac
giblitas	2	hiram's (0.67), stonesquarers (0.67), giblites (0.67), baal-gad (0.40)	1 Reis 5:18 — And Solomon's builders and Hiram's builders did hew them, and the stonesquarers: so they prepared timber and stones to build the house.
zive	2	zif (1.00), eightieth (0.33), solomon's (0.07), fourth (0.03)	1 Reis 6:1 — And it came to pass in the four hundred and eightieth year after the children of Israel were come out of the land of Egypt, in the fourth year of Solo
cabul	2	cabul (1.00), beth-emek (0.67), neiel (0.67), beth-dagon (0.50)	1 Reis 9:13 — And he said, What cities are these which thou hast given me, my brother? And he called them the land of Cabul unto this day.
tadmor	2	tadmor (1.00), baalath (0.40), hamath (0.06), store (0.05)	1 Reis 9:18 — And Baalath, and Tadmor in the wilderness, in the land,
genubate	2	genubath (1.00), tahpenes (0.67), weaned (0.17), pharaoh's (0.04)	1 Reis 11:20 — And the sister of Tahpenes bare him Genubath his son, whom Tahpenes weaned in Pharaoh's house: and Genubath was in Pharaoh's household among the sons 
efrateu	2	ephrathite (0.80), zereda (0.67), zeruah (0.67), beth-lehem-judah (0.18)	1 Reis 11:26 — And Jeroboam the son of Nebat, an Ephrathite of Zereda, Solomon's servant, whose mother's name was Zeruah, a widow woman, even he lifted up his hand a
reviravolta	2	shilonite (0.57), ahijah (0.19), nebat (0.15), perform (0.07)	1 Reis 12:15 — Wherefore the king hearkened not unto the people; for the cause was from the LORD, that he might perform his saying, which the LORD spake by Ahijah th
adorão	2	adoram (1.00), ahilud (0.29), recorder (0.13), speed (0.10)	1 Reis 12:18 — Then king Rehoboam sent Adoram, who was over the tribute; and all Israel stoned him with stones, that he died. Therefore king Rehoboam made speed to g
escurecidos	2	jeroboam's (0.50), dim (0.18), ahijah (0.10), shiloh (0.06)	1 Reis 14:4 — And Jeroboam's wife did so, and arose, and went to Shiloh, and came to the house of Ahijah. But Ahijah could not see; for his eyes were set by reason 
abel-bete-maaca	2	abel-beth-maachah (1.00), ijon (0.80), cinneroth (0.67), janoah (0.67)	1 Reis 15:20 — So Ben-hadad hearkened unto king Asa, and sent the captains of the hosts which he had against the cities of Israel, and smote Ijon, and Dan, and Abel-
ginate	2	tibni (1.00), ginath (1.00), omri (0.22), prevailed (0.05)	1 Reis 16:21 — Then were the people of Israel divided into two parts: half of the people followed Tibni the son of Ginath, to make him king; and half followed Omri.
querite	2	cherith (1.00), brook (0.10), eastward (0.04), hence (0.04)	1 Reis 17:3 — Get thee hence, and turn thee eastward, and hide thyself by the brook Cherith, that is before Jordan.
mata-lo-á	2	escapeth (0.33), hazael (0.09), elisha (0.04), jehu (0.04)	1 Reis 19:17 — And it shall come to pass, that him that escapeth the sword of Hazael shall Jehu slay: and him that escapeth from the sword of Jehu shall Elisha slay.
sili	2	shilhi (1.00), azubah (0.67), mother's (0.05), jehoshaphat (0.05)	1 Reis 22:42 — Jehoshaphat was thirty and five years old when he began to reign; and he reigned twenty and five years in Jerusalem. And his mother's name was Azubah 
queixava	2	bemoaning (0.67), unaccustomed (0.67), chastised (0.29), complained (0.25)	1 Néfi 5:3 — And after this manner of language had my mother complained against my father.
tumultuosos	2	noises (1.00), tumbling (0.67), tumultuous (0.44), quaking (0.29)	1 Néfi 12:4 — And it came to pass that I saw a mist of darkness on the face of the land of promise; and I saw lightnings, and I heard thunderings, and earthquakes, 
escarlatas	2	scarlets (1.00), finetwined (1.00), silks (0.57), harlots (0.24)	1 Néfi 13:7 — And I also saw gold, and silver, and silks, and scarlets, and finetwined linen, and all manner of precious clothing; and I saw many harlots.
sazer	2	shazer (1.00), southeast (0.67), fertile (0.50), direction (0.33)	1 Néfi 16:13 — And it came to pass that we traveled for the space of four days, nearly a south– southeast direction, and we did pitch our tents again; and we did cal
neum	2	neum (0.67), raamiah (0.67), nahamani (0.67), mispereth (0.67)	1 Néfi 19:10 — And the God of our fathers, who were led out of Egypt, out of bon– dage, and also were preserved in the wilderness by him, yea, the God of Abraham, an
sinim	2	sinim (1.00), west (0.03), north (0.02), far (0.02)	1 Néfi 21:12 — And then, O house of Israel, behold, these shall come from far; and lo, these from the north and from the west; and these from the land of Sinim.
ouvi-lo-eis	2	ing (0.33), fulfill (0.25), raise (0.04), whatsoever (0.01)	1 Néfi 22:20 — And the Lord will surely prepare a way for his people, unto the fulfill– ing of the words of Moses, which he spake, saying: A prophet shall the Lord y
atrevo	2	durst (0.09), further (0.05), desire (0.01), surely (0.01)	1 Néfi 22:29 — And now I, Nephi, make an end; for I durst not speak further as yet concerning these things.
bitínia	2	bithynia (1.00), mysia (0.50), cappadocia (0.40), pontus (0.33)	1 Pedro 1:1 — Peter, an apostle of Jesus Christ, to the strangers scattered throughout Pontus, Galatia, Cappadocia, Asia, and Bithynia,
inefável	2	unspeakable (0.50), believing (0.07), thanks (0.02), gift (0.02)	1 Pedro 1:8 — Whom having not seen, ye love; in whom, though now ye see him not, yet believing, ye rejoice with joy unspeakable and full of glory:
maledicências	2	hypocrisies (0.67), envies (0.67), speakings (0.67), backbiting (0.50)	1 Pedro 2:1 — Wherefore laying aside all malice, and all guile, and hypocrisies, and envies, and all evil speakings,
fraternidade	2	brotherhood (0.50), immovable (0.25), unchangeable (0.25), determination (0.17)	1 Pedro 2:17 — Honour all men. Love the brotherhood. Fear God. Honour the king.
bebedices	2	revellings (1.00), banquetings (0.67), idolatries (0.40), excess (0.22)	1 Pedro 4:3 — For the time past of our life may suffice us to have wrought the will of the Gentiles, when we walked in lasciviousness, lusts, excess of wine, revell
multiforme	2	manifold (0.40), stewards (0.15), principalities (0.15), powers (0.05)	1 Pedro 4:10 — As every man hath received the gift, even so minister the same one to another, as good stewards of the manifold grace of God.
efraimita	2	ramathaim-zophim (0.67), tohu (0.67), ephraimite (0.67), zuph (0.40)	1 Samuel 1:1 — Now there was a certain man of Ramathaim-zophim, of mount Ephraim, and his name was Elkanah, the son of Jeroham, the son of Elihu, the son of Tohu, th
atribulada	2	harrowed (0.29), racked (0.22), hannah (0.15), degree (0.10)	1 Samuel 1:15 — And Hannah answered and said, No, my lord, I am a woman of a sorrowful spirit: I have drunk neither wine nor strong drink, but have poured out my soul
icabode	2	i-chabod (0.67), i-chabod's (0.67), ahiah (0.33), wearing (0.22)	1 Samuel 4:21 — And she named the child I-chabod, saying, The glory is departed from Israel: because the ark of God was taken, and because of her father in law and he
bete-semita	2	beth-shemite (1.00), mice (0.33), cart (0.14), belonging (0.13)	1 Samuel 6:14 — And the cart came into the field of Joshua, a Beth-shemite, and stood there, where there was a great stone: and they clave the wood of the cart, and o
cozinheiro	2	cook (0.80), invited (0.33), shoulder (0.05), samuel (0.03)	1 Samuel 9:23 — And Samuel said unto the cook, Bring the portion which I gave thee, of which I said unto thee, Set it by thee.
eirado	2	communed (0.10), spring (0.06), top (0.04), samuel (0.03)	1 Samuel 9:25 — And when they were come down from the high place into the city, Samuel communed with Saul upon the top of the house.
despojemo-los	2	synagogues (0.04), seemeth (0.04), draw (0.02), hither (0.02)	1 Samuel 14:36 — And Saul said, Let us go down after the Philistines by night, and spoil them until the morning light, and let us not leave a man of them. And they sai
dó	2	reigning (0.67), beth-lehemite (0.33), provided (0.09), mourned (0.06)	1 Samuel 15:35 — And Samuel came no more to see Saul until the day of his death: nevertheless Samuel mourned for Saul: and the LORD repented that he had made Saul king
presunção	2	eliab's (0.67), presume (0.50), naughtiness (0.40), eliab (0.09)	1 Samuel 17:28 — And Eliab his eldest brother heard when he spake unto the men; and Eliab's anger was kindled against David, and he said, Why camest thou down hither? 
adriel	2	adriel (1.00), meholathite (1.00), armoni (0.67), merab (0.40)	1 Samuel 18:19 — But it came to pass at the time when Merab Saul's daughter should have been given to David, that she was given unto Adriel the Meholathite to wife.
meolatita	2	adriel (1.00), meholathite (1.00), armoni (0.67), merab (0.40)	1 Samuel 18:19 — But it came to pass at the time when Merab Saul's daughter should have been given to David, that she was given unto Adriel the Meholathite to wife.
encarecidamente	2	earnestly (0.07), beth-lehem (0.06), jonathan (0.02), asked (0.02)	1 Samuel 20:28 — And Jonathan answered Saul, David earnestly asked leave of me to go to Beth-lehem:
zifeus	2	ziphites (1.00), hachilah (0.80), jeshimon (0.50), gibeah (0.08)	1 Samuel 23:19 — Then came up the Ziphites to Saul to Gibeah, saying, Doth not David hide himself with us in strong holds in the wood, in the hill of Hachilah, which i
palti	2	phalti (0.67), palti (0.67), raphu (0.67), gallim (0.40)	1 Samuel 25:44 — But Saul had given Michal his daughter, David's wife, to Phalti the son of Laish, which was of Gallim.
gesuritas	2	gezrites (0.67), maachathi (0.67), bashan-havoth-jair (0.67), geshuri (0.50)	1 Samuel 27:8 — And David and his men went up, and invaded the Geshurites, and the Gezrites, and the Amalekites: for those nations were of old the inhabitants of the 
jerameelitas	2	jerahmeelites (1.00), rachal (0.67), road (0.50), kenites (0.44)	1 Samuel 27:10 — And Achish said, Whither have ye made a road to day? And David said, Against the south of Judah, and against the south of the Jerahmeelites, and again
en-dor	2	en-dor (0.80), ibleam (0.40), beth-shean (0.29), dor (0.25)	1 Samuel 28:7 — Then said Saul unto his servants, Seek me a woman that hath a familiar spirit, that I may go to her, and enquire of her. And his servants said to him,
tessalonicenses	2	thessalonians (0.80), silvanus (0.67), timotheus (0.21), paul (0.02)	1 Tessalonicenses 1:1 — Paul, and Silvanus, and Timotheus, unto the church of the Thessalonians which is in God the Father and in the Lord Jesus Christ: Grace be unto you, an
irreligiosos	2	lawless (0.67), manslayers (0.67), vocations (0.67), irreligious (0.67)	1 Timóteo 1:9 — Knowing this, that the law is not made for a righteous man, but for the lawless and disobedient, for the ungodly and for sinners, for unholy and profa
milícia	2	warfare (0.44), pulling (0.40), timothy (0.20), mightest (0.07)	1 Timóteo 1:18 — This charge I commit unto thee, son Timothy, according to the prophecies which went before on thee, that thou by them mightest war a good warfare;
himeneu	2	hymenaeus (1.00), philetus (0.67), canker (0.40), alexander (0.29)	1 Timóteo 1:20 — Of whom is Hymenaeus and Alexander; whom I have delivered unto Satan, that they may learn not to blaspheme.
espancador	2	striker (1.00), brawler (0.67), selfwilled (0.50), lucre (0.44)	1 Timóteo 3:3 — Not given to wine, no striker, not greedy of filthy lucre; but patient, not a brawler, not covetous;
hurão-abi	2	huram (0.31), endued (0.29), fleshhooks (0.29), shovels (0.18)	2 Crônicas 2:13 — And now I have sent a cunning man, endued with understanding, of Huram my father's,
contagem	2	numbering (0.50), numberest (0.50), takest (0.18), ransom (0.13)	2 Crônicas 2:17 — And Solomon numbered all the strangers that were in the land of Israel, after the numbering wherewith David his father had numbered them; and they wer
moriá	2	moriah (1.00), ornan (0.17), lovest (0.13), jebusite (0.13)	2 Crônicas 3:1 — Then Solomon began to build the house of the LORD at Jerusalem in mount Moriah, where the LORD appeared unto David his father, in the place that David
elote	2	eloth (0.80), ezion-geber (0.33), restored (0.03), slept (0.03)	2 Crônicas 8:17 — Then went Solomon to Ezion-geber, and to Eloth, at the sea side in the land of Edom.
maalate	2	mahalath (1.00), nebajoth (0.40), abihail (0.25), jerimoth (0.20)	2 Crônicas 11:18 — And Rehoboam took him Mahalath the daughter of Jerimoth the son of David to wife, and Abihail the daughter of Eliab the son of Jesse;
zemaraim	2	zemaraim (1.00), beth-arabah (0.40), abijah (0.09), beth-el (0.03)	2 Crônicas 13:4 — And Abijah stood up upon mount Zemaraim, which is in mount Ephraim, and said, Hear me, thou Jeroboam, and all Israel;
hazazom-tamar	2	hazazon-tamar (0.67), en-mishpat (0.67), hazezon-tamar (0.67), en-gedi (0.25)	2 Crônicas 20:2 — Then there came some that told Jehoshaphat, saying, There cometh a great multitude against thee from beyond the sea on this side Syria; and, behold, t
jeosabeate	2	jehoshabeath (1.00), bedchamber (0.29), stole (0.20), nurse (0.20)	2 Crônicas 22:11 — But Jehoshabeath, the daughter of the king, took Joash the son of Ahaziah, and stole him from among the king's sons that were slain, and put him and h
zíbia	2	zibiah (1.00), beer-sheba (0.11), jehoash (0.11), mother's (0.05)	2 Crônicas 24:1 — Joash was seven years old when he began to reign, and he reigned forty years in Jerusalem. His mother's name also was Zibiah of Beer-sheba.
simeate	2	shimeath (1.00), jehozabad (0.67), shimrith (0.67), jozachar (0.67)	2 Crônicas 24:26 — And these are they that conspired against him; Zabad the son of Shimeath an Ammonitess, and Jehozabad the son of Shimrith a Moabitess.
penhasco	2	captive (0.02), alive (0.02), top (0.02), pieces (0.02)	2 Crônicas 25:12 — And other ten thousand left alive did the children of Judah carry away captive, and brought them unto the top of the rock, and cast them down from the
jecolias	2	jecoliah (0.67), jecholiah (0.67), sixteen (0.15), uzziah (0.07)	2 Crônicas 26:3 — Sixteen years old was Uzziah when he began to reign, and he reigned fifty and two years in Jerusalem. His mother's name also was Jecoliah of Jerusalem
meunitas	2	gurbaal (0.67), mehunims (0.67), asnah (0.67), mehunim (0.67)	2 Crônicas 26:7 — And God helped him against the Philistines, and against the Arabians that dwelt in Gurbaal, and the Mehunims.
jerusa	2	jerushah (0.67), jerusha (0.67), sixteen (0.15), zadok (0.08)	2 Crônicas 27:1 — Jotham was twenty and five years old when he began to reign, and he reigned sixteen years in Jerusalem. His mother's name also was Jerushah, the daugh
frondosa	2	sacrificed (0.11), green (0.09), hills (0.05), incense (0.03)	2 Crônicas 28:4 — He sacrificed also and burnt incense in the high places, and on the hills, and under every green tree.
mesilemote	2	meshillemoth (1.00), jehizkiah (0.67), hadlai (0.67), amashai (0.67)	2 Crônicas 28:12 — Then certain of the heads of the children of Ephraim, Azariah the son of Johanan, Berechiah the son of Meshillemoth, and Jehizkiah the son of Shallum,
gederote	2	gederoth (1.00), shocho (0.67), gimzo (0.67), beth-dagon (0.50)	2 Crônicas 28:18 — The Philistines also had invaded the cities of the low country, and of the south of Judah, and had taken Beth-shemesh, and Ajalon, and Gederoth, and S
elisafã	2	elizaphan (0.67), shimri (0.40), jeiel (0.17), kohathites (0.12)	2 Crônicas 29:13 — And of the sons of Elizaphan; Shimri, and Jeiel: and of the sons of Asaph; Zechariah, and Mattaniah:
poderio	2	leopard (0.20), sennacherib (0.13), dragon (0.10), lachish (0.08)	2 Crônicas 32:9 — After this did Sennacherib king of Assyria send his servants to Jerusalem, (but he himself laid siege against Lachish, and all his power with him,) un
hulda	2	huldah (1.00), wardrobe (1.00), college (1.00), tikvath (0.67)	2 Crônicas 34:22 — And Hilkiah, and they that the king had appointed, went to Huldah the prophetess, the wife of Shallum the son of Tikvath, the son of Hasrah, keeper of
harás	2	huldah (1.00), wardrobe (1.00), college (1.00), tikvath (0.67)	2 Crônicas 34:22 — And Hilkiah, and they that the king had appointed, went to Huldah the prophetess, the wife of Shallum the son of Tikvath, the son of Hasrah, keeper of
carquemis	2	carchemish (0.67), pharaoh-necho (0.67), necho (0.40), euphrates (0.17)	2 Crônicas 35:20 — After all this, when Josiah had prepared the temple, Necho king of Egypt came up to fight against Carchemish by Euphrates: and Josiah went out against
idôneo	2	purge (0.10), master's (0.09), sufficient (0.04), vessel (0.04)	2 Coríntios 2:16 — To the one we are the savour of death unto death; and to the other the savour of life unto life. And who is sufficient for these things?
leitura	2	untaken (0.67), reading (0.33), amazement (0.22), blinded (0.15)	2 Coríntios 3:14 — But their minds were blinded: for until this day remaineth the same vail untaken away in the reading of the old testament; which vail is done away in 
temporais	2	debtors (0.25), carnal (0.06), partakers (0.05), temporal (0.05)	2 Coríntios 4:18 — While we look not at the things which are seen, but at the things which are not seen: for the things which are seen are temporal; but the things which
entranhável	2	affection (0.22), remembereth (0.14), abundant (0.13), whilst (0.13)	2 Coríntios 7:15 — And his inward affection is more abundant toward you, whilst he remembereth the obedience of you all, how with fear and trembling ye received him.
esterilidade	2	barrenness (0.50), blackness (0.15), barren (0.07), spring (0.06)	2 Reis 2:21 — And he went forth unto the spring of the waters, and cast the salt in there, and said, Thus saith the LORD, I have healed these waters; there shall no
quir-haresete	2	kir-haraseth (0.67), slingers (0.67), kir-hareseth (0.67), felled (0.50)	2 Reis 3:25 — And they beat down the cities, and on every good piece of land cast every man his stone, and filled it; and they stopped all the wells of water, and f
sírio	2	eliseus (0.67), syrian (0.33), naaman (0.25), lepers (0.25)	2 Reis 5:20 — But Gehazi, the servant of Elisha the man of God, said, Behold, my master hath spared Naaman this Syrian, in not receiving at his hands that which he 
bete-equede	2	shearing (0.80), pit (0.02), alive (0.02), samaria (0.02)	2 Reis 10:12 — And he arose and departed, and came to Samaria. And as he was at the shearing house in the way,
jocteel	2	joktheel (1.00), dilean (0.67), mizpeh (0.09), salt (0.05)	2 Reis 14:7 — He slew of Edom in the valley of salt ten thousand, and took Selah by war, and called the name of it Joktheel unto this day.
amitai	2	amittai (1.00), gath-hepher (0.67), jonah (0.21), hamath (0.06)	2 Reis 14:25 — He restored the coast of Israel from the entering of Hamath unto the sea of the plain, according to the word of the LORD God of Israel, which he spake
gate-hefer	2	gath-hepher (0.67), gittah-hepher (0.67), ittah-kazin (0.67), remmon-methoar (0.67)	2 Reis 14:25 — He restored the coast of Israel from the entering of Hamath unto the sea of the plain, according to the word of the LORD God of Israel, which he spake
salmaneser	2	shalmaneser (1.00), hoshea (0.31), presents (0.17), elah (0.11)	2 Reis 17:3 — Against him came up Shalmaneser king of Assyria; and Hoshea became his servant, and gave him presents.
cuta	2	cuthah (0.67), ava (0.67), succoth-benoth (0.67), cuth (0.67)	2 Reis 17:24 — And the king of Assyria brought men from Babylon, and from Cuthah, and from Ava, and from Hamath, and from Sepharvaim, and placed them in the cities o
aveus	2	avites (1.00), nibhaz (0.67), tartak (0.67), sepharvites (0.67)	2 Reis 17:31 — And the Avites made Nibhaz and Tartak, and the Sepharvites burnt their children in fire to Adrammelech and Anammelech, the gods of Sepharvaim.
tartã	2	tartan (1.00), rabsaris (0.67), sargon (0.67), fuller's (0.33)	2 Reis 18:17 — And the king of Assyria sent Tartan and Rabsaris and Rabshakeh from Lachish to king Hezekiah with a great host against Jerusalem. And they went up and
tiraca	2	tirhakah (1.00), ethiopia (0.17), messengers (0.05), hezekiah (0.03)	2 Reis 19:9 — And when he heard say of Tirhakah king of Ethiopia, Behold, he is come out to fight against thee: he sent messengers again unto Hezekiah, saying,
telassar	2	rezeph (1.00), thelasar (0.67), telassar (0.67), gozan (0.57)	2 Reis 19:12 — Have the gods of the nations delivered them which my fathers have destroyed; as Gozan, and Haran, and Rezeph, and the children of Eden which were in T
nisroque	2	nisroch (1.00), sharezer (1.00), armenia (1.00), adrammelech (0.80)	2 Reis 19:37 — And it came to pass, as he was worshipping in the house of Nisroch his god, that Adrammelech and Sharezer his sons smote him with the sword: and they 
baladã	2	baladan (1.00), berodach-baladan (0.67), merodach-baladan (0.67), letters (0.12)	2 Reis 20:12 — At that time Berodach-baladan, the son of Baladan, king of Babylon, sent letters and a present unto Hezekiah: for he had heard that Hezekiah had been 
agoureiro	2	observer (0.67), enchanter (0.67), witch (0.50), useth (0.22)	2 Reis 21:6 — And he made his son pass through the fire, and observed times, and used enchantments, and dealt with familiar spirits and wizards: he wrought much wic
ticvá	2	tikvah (1.00), harhas (0.67), jahaziah (0.67), asahiah (0.50)	2 Reis 22:14 — So Hilkiah the priest, and Ahikam, and Achbor, and Shaphan, and Asahiah, went unto Huldah the prophetess, the wife of Shallum the son of Tikvah, the s
vinheiros	2	vinedressers (0.67), plowmen (0.50), alien (0.29), husbandmen (0.10)	2 Reis 25:12 — But the captain of the guard left of the poor of the land to be vinedressers and husbandmen.
escrivão-mor	2	mustered (1.00), eunuch (0.22), principal (0.21), officer (0.15)	2 Reis 25:19 — And out of the city he took an officer that was set over the men of war, and five men of them that were in the king's presence, which were found in th
tanumete	2	tanhumeth (1.00), careah (0.67), maachathite (0.67), ephai (0.67)	2 Reis 25:23 — And when all the captains of the armies, they and their men, heard that the king of Babylon had made Gedaliah governor, there came to Gedaliah to Mizp
jazanias	2	careah (0.67), jaazaniah (0.67), habaziniah (0.67), tanhumeth (0.50)	2 Reis 25:23 — And when all the captains of the armies, they and their men, heard that the king of Babylon had made Gedaliah governor, there came to Gedaliah to Mizp
evil-merodaque	2	evil-merodach (1.00), jehoiachin (0.40), thirtieth (0.21), twelfth (0.15)	2 Reis 25:27 — And it came to pass in the seven and thirtieth year of the captivity of Jehoiachin king of Judah, in the twelfth month, on the seven and twentieth day
gratuita	2	preserving (0.18), today (0.10), yesterday (0.10), steward (0.08)	2 Néfi 2:4 — And thou hast beheld in thy youth his glory; wherefore, thou art blessed even as they unto whom he shall minister in the flesh; for the Spirit is the 
industrioso	2	industrious (0.57), corres (0.50), pondence (0.50), friendly (0.18)	2 Néfi 5:17 — And it came to pass that I, Nephi, did cause my people to be industrious, and to labor with their hands.
negridão	2	blackness (0.31), clothe (0.13), sackcloth (0.08), covering (0.08)	2 Néfi 7:3 — I clothe the heavens with blackness, and I make sackcloth their covering.
vacilação	2	dregs (0.50), pleadeth (0.33), wrung (0.29), trembling (0.13)	2 Néfi 8:17 — Awake, awake, stand up, O Jerusalem, which hast drunk at the hand of the Lord the cup of his fury—thou hast drunken the dregs of the cup of trembling 
mãe-terra	2	crumble (1.00), molder (0.67), duration (0.50), deserted (0.33)	2 Néfi 9:7 — Wherefore, it must needs be an infinite atonement—save it should be an infinite atonement this corruption could not put on incorruption. Wherefore, th
toupeiras	2	moles (1.00), bats (1.00), idols (0.04), each (0.03)	2 Néfi 12:20 — In that day a man shall cast his idols of silver, and his idols of gold, which he hath made for himself to worship, to the moles and to the bats;
impudentes	2	mincing (1.00), wanton (0.67), tinkling (0.57), haughty (0.29)	2 Néfi 13:16 — Moreover, the Lord saith: Because the daughters of Zion are haughty, and walk with stretched–forth necks and wanton eyes, walking and mincing as they 
desmesuradamente	2	pomp (0.36), enlarged (0.21), descend (0.21), rejoiceth (0.17)	2 Néfi 15:14 — Therefore, hell hath enlarged herself, and opened her mouth without measure; and their glory, and their multitude, and their pomp, and he that rejoice
plebeu	2	lofty (0.31), humbled (0.11), mean (0.09), mighty (0.01)	2 Néfi 15:15 — And the mean man shall be brought down, and the mighty man shall be humbled, and the eyes of the lofty shall be humbled.
azinheira	2	teil (1.00), oak (0.24), leaves (0.20), tenth (0.05)	2 Néfi 16:13 — But yet there shall be a tenth, and they shall return, and shall be eaten, as a teil– tree, and as an oak whose substance is in them when they cast th
sear-jasube	2	shearjashub (0.67), fuller's (0.67), shear-jashub (0.67), conduit (0.50)	2 Néfi 17:3 — Then said the Lord unto Isaiah: Go forth now to meet Ahaz, thou and Shearjashub thy son, at the end of the conduit of the upper pool in the highway of
pisoeiro	2	shearjashub (0.67), soap (0.50), fuller's (0.33), refiner (0.33)	2 Néfi 17:3 — Then said the Lord unto Isaiah: Go forth now to meet Ahaz, thou and Shearjashub thy son, at the end of the conduit of the upper pool in the highway of
fumegantes	2	firebrands (0.67), tails (0.57), smoking (0.50), fainthearted (0.40)	2 Néfi 17:4 — And say unto him: Take heed, and be quiet; fear not, neither be faint– hearted for the two tails of these smoking firebrands, for the fierce anger of 
tabeal	2	tabeal (1.00), vex (0.18), breach (0.17), therein (0.02)	2 Néfi 17:6 — Let us go up against Judah and vex it, and let us make a breach therein for us, and set a king in the midst of it, yea, the son of Tabeal.
maer-salal-hás-baz	2	maher (1.00), shalal (1.00), hash (1.00), baz (1.00)	2 Néfi 18:1 — Moreover, the word of the Lord said unto me: Take thee a great roll, and write in it with a man's pen, concerning Maher–shalal–hash– baz.
jeberequias	2	jeberechiah (1.00), uriah (0.15), zechariah (0.10), witnesses (0.05)	2 Néfi 18:2 — And I took unto me faithful witnesses to record, Uriah the priest, and Zechariah the son of Jeberechiah.
sicômoros	2	sycamores (0.67), bricks (0.29), sycomore (0.22), frost (0.22)	2 Néfi 19:10 — The bricks are fallen down, but we will build with hewn stones; the sycamores are cut down, but we will change them into cedars.
malfazejos	2	evildoer (0.80), hypocrite (0.29), widows (0.12), folly (0.09)	2 Néfi 19:17 — Therefore the Lord shall have no joy in their young men, neither shall have mercy on their fatherless and widows; for every one of them is a hypocrite
calno	2	calno (1.00), carchemish (0.67), arpad (0.57), hamath (0.11)	2 Néfi 20:9 — Is not Calno as Carchemish? Is not Hamath as Arpad? Is not Samaria as Damascus?
carquêmis	2	calno (1.00), carchemish (0.67), arpad (0.57), hamath (0.11)	2 Néfi 20:9 — Is not Calno as Carchemish? Is not Hamath as Arpad? Is not Samaria as Damascus?
aiate	2	aiath (1.00), migron (0.80), carriages (0.67), michmash (0.33)	2 Néfi 20:28 — He is come to Aiath, he is passed to Migron; at Michmash he hath laid up his carriages.
madmena	2	madmenah (1.00), gebim (1.00), removed (0.04), flee (0.02)	2 Néfi 20:31 — Madmenah is removed; the inhabitants of Gebim gather themselves to flee.
gebim	2	madmenah (1.00), gebim (1.00), removed (0.04), flee (0.02)	2 Néfi 20:31 — Madmenah is removed; the inhabitants of Gebim gather themselves to flee.
tumultuoso	2	mustereth (0.50), tumultuous (0.44), mildness (0.40), whisper (0.29)	2 Néfi 23:4 — The noise of the multitude in the mountains like as of a great people, a tumultuous noise of the kingdoms of nations gathered together, the Lord of Ho
moradia	2	walled (0.33), arabian (0.29), fold (0.08), pitch (0.06)	2 Néfi 23:20 — It shall never be inhabited, neither shall it be dwelt in from generation to generation: neither shall the Arabian pitch tent there; neither shall the
sátiros	2	satyrs (1.00), doleful (0.80), owls (0.44), dance (0.25)	2 Néfi 23:21 — But wild beasts of the desert shall lie there; and their houses shall be full of doleful creatures; and owls shall dwell there, and satyrs shall dance
lúcifer	2	lucifer (0.80), weaken (0.50), perdition (0.13), wept (0.03)	2 Néfi 24:12 — How art thou fallen from heaven, O Lucifer, son of the morning! Art thou cut down to the ground, which did weaken the nations!
carcaça	2	carcass (0.50), carcasses (0.50), trodden (0.04), abominable (0.04)	2 Néfi 24:19 — But thou art cast out of thy grave like an abominable branch, and the remnant of those that are slain, thrust through with a sword, that go down to th
irracionais	2	brute (1.00), naturally (0.29), corruption (0.06), corrupt (0.04)	2 Pedro 2:12 — But these, as natural brute beasts, made to be taken and destroyed, speak evil of the things that they understand not; and shall utterly perish in the
empunhadura	2	haft (0.67), dagger (0.40), dirt (0.29), rib (0.22)	2 Samuel 2:23 — Howbeit he refused to turn aside: wherefore Abner with the hinder end of the spear smote him under the fifth rib, that the spear came out behind him; 
paltiel	2	phaltiel (0.67), paltiel (0.67), azzan (0.67), laish (0.20)	2 Samuel 3:15 — And Ish-bosheth sent, and took her from her husband, even from Phaltiel the son of Laish.
gitaim	2	gittaim (1.00), beerothites (0.67), sojourners (0.40), hazor (0.11)	2 Samuel 4:3 — And the Beerothites fled to Gittaim, and were sojourners there until this day.)
imprudência	2	uzzah (0.33), unwise (0.22), antiparah (0.20), delivering (0.15)	2 Samuel 6:7 — And the anger of the LORD was kindled against Uzzah; and God smote him there for his error; and there he died by the ark of God.
bete-reobe	2	beth-rehob (1.00), zoba (0.50), ish-tob (0.50), maacah (0.40)	2 Samuel 10:6 — And when the children of Ammon saw that they stank before David, the children of Ammon sent and hired the Syrians of Beth-rehob, and the Syrians of Zo
sobaque	2	shobach (1.00), hadarezer (0.17), helam (0.11), syrians (0.07)	2 Samuel 10:16 — And Hadarezer sent, and brought out the Syrians that were beyond the river: and they came to Helam; and Shobach the captain of the host of Hadarezer w
eliã	2	eliam (1.00), ahasbai (0.67), gilonite (0.50), maachathite (0.33)	2 Samuel 11:3 — And David sent and enquired after the woman. And one said, Is not this Bath-sheba, the daughter of Eliam, the wife of Uriah the Hittite?
quadruplicado	2	fourfold (1.00), zacchaeus (0.40), accusation (0.14), restore (0.08)	2 Samuel 12:6 — And he shall restore the lamb fourfold, because he did this thing, and because he had no pity.
gilonita	2	gilonite (1.00), ahasbai (0.67), giloh (0.50), eliam (0.50)	2 Samuel 15:12 — And Absalom sent for Ahithophel the Gilonite, David's counsellor, from his city, even from Giloh, while he offered sacrifices. And the conspiracy was 
giló	2	giloh (1.00), gilonite (0.50), holon (0.40), conspiracy (0.13)	2 Samuel 15:12 — And Absalom sent for Ahithophel the Gilonite, David's counsellor, from his city, even from Giloh, while he offered sacrifices. And the conspiracy was 
albardados	2	bunches (0.40), saddled (0.33), raisins (0.33), jebus (0.33)	2 Samuel 16:1 — And when David was a little past the top of the hill, behold, Ziba the servant of Mephibosheth met him, with a couple of asses saddled, and upon them 
rogelim	2	rogelim (1.00), shobi (0.67), lo-debar (0.40), gileadite (0.36)	2 Samuel 17:27 — And it came to pass, when David was come to Mahanaim, that Shobi the son of Nahash of Rabbah of the children of Ammon, and Machir the son of Ammiel of
bete-maaca	2	beth-maachah (1.00), berites (0.67), battered (0.67), trench (0.20)	2 Samuel 20:14 — And he went through all the tribes of Israel unto Abel, and to Beth-maachah, and all the Berites: and they were gathered together, and went also after
compensação	2	redress (0.40), importune (0.33), gibeonites (0.29), placed (0.04)	2 Samuel 21:3 — Wherefore David said unto the Gibeonites, What shall I do for you? and wherewith shall I make the atonement, that ye may bless the inheritance of the 
cilício	2	rizpah (0.33), aiah (0.29), dropped (0.25), earthquake (0.12)	2 Samuel 21:10 — And Rizpah the daughter of Aiah took sackcloth, and spread it for her upon the rock, from the beginning of harvest until water dropped upon them out o
gobe	2	gob (1.00), saph (0.67), jaare-oregim (0.67), sibbechai (0.50)	2 Samuel 21:18 — And it came to pass after this, that there was again a battle with the Philistines at Gob: then Sibbechai the Hushathite slew Saph, which was of the s
harodita	2	harodite (1.00), elika (1.00), shammah (0.22)	2 Samuel 23:25 — Shammah the Harodite, Elika the Harodite,
apostasia	2	slidden (0.67), backsliding (0.14), perdition (0.13), falling (0.07)	2 Tessalonicenses 2:3 — Let no man deceive you by any means: for that day shall not come, except there come a falling away first, and that man of sin be revealed, the son of 
onesíforo	2	onesiphorus (1.00), prisca (0.67), aquila (0.25), refreshed (0.17)	2 Timóteo 1:16 — The Lord give mercy unto the house of Onesiphorus; for he oft refreshed me, and was not ashamed of my chain:
idôneos	2	partakers (0.05), giving (0.04), witnesses (0.03), thanks (0.02)	2 Timóteo 2:2 — And the things that thou hast heard of me among many witnesses, the same commit thou to faithful men, who shall be able to teach others also.
irreconciliáveis	2	trucebreakers (0.67), incontinent (0.67), covenantbreakers (0.67), implacable (0.67)	2 Timóteo 3:3 — Without natural affection, trucebreakers, false accusers, incontinent, fierce, despisers of those that are good,
néscias	2	silly (0.33), entire (0.22), creep (0.20), laden (0.17)	2 Timóteo 3:6 — For of this sort are they which creep into houses, and lead captive silly women laden with sins, led away with divers lusts,
meninice	2	smelled (0.50), imagination (0.11), savour (0.04), youth (0.03)	2 Timóteo 3:15 — And that from a child thou hast known the holy scriptures, which are able to make thee wise unto salvation through faith which is in Christ Jesus.
evangelista	2	evangelist (1.00), proof (0.29), paul's (0.25), caesarea (0.11)	2 Timóteo 4:5 — But watch thou in all things, endure afflictions, do the work of an evangelist, make full proof of thy ministry.
pormenor	2	himni (0.25), omner (0.18), verified (0.15), particular (0.14)	3 Néfi 1:20 — And it had come to pass, yea, all things, every whit, according to the words of the prophets.
independência	2	slavery (0.67), unite (0.17), privileges (0.13), freedom (0.11)	3 Néfi 2:12 — Therefore, all the Lamanites who had become converted unto the Lord did unite with their brethren, the Nephites, and were compelled, for the safety of
opulência	2	chances (0.67), costliness (0.50), ranks (0.25), distinguished (0.18)	3 Néfi 6:12 — And the people began to be distinguished by ranks, according to their riches and their chances for learning, yea, some were ignorant because of their 
inabaláveis	2	immovable (0.50), steadfast (0.36), inequality (0.25), heaped (0.18)	3 Néfi 6:14 — And thus there became a great inequality in all the land, insomuch that the church began to be broken up; yea, insomuch that in the thirtieth year the
longínqua	2	northernmost (0.67), flattered (0.40), distant (0.29), dissenters (0.10)	3 Néfi 7:12 — Therefore, Jacob seeing that their enemies were more numerous than they, he being the king of the band, therefore he commanded his people that they sh
raca	2	raca (1.00), danger (0.25), fool (0.06), council (0.05)	3 Néfi 12:22 — But I say unto you, that whosoever is angry with his brother shall be in danger of his judgment. And whosoever shall say to his brother, Raca, shall b
vorazes	2	hermounts (0.67), infested (0.40), inwardly (0.33), ravenous (0.29)	3 Néfi 14:15 — Beware of false prophets, who come to you in sheep’s clothing, but inwardly they are ravening wolves.
homícidios	2	thieving (0.67), indulge (0.50), deceits (0.40), babblings (0.40)	3 Néfi 16:10 — And thus commandeth the Father that I should say unto you: At that day when the Gentiles shall sin against my gospel, and shall reject the fulness of 
frequência	2	scanty (0.67), attract (0.67), reflection (0.50), obscure (0.40)	3 Néfi 18:22 — And behold, ye shall meet together oft; and ye shall not forbid any man from coming unto you when ye shall meet together, but suffer them that they ma
desconsolada	2	colors (0.67), sapphires (0.67), tossed (0.33), colours (0.17)	3 Néfi 22:11 — O thou afflicted, tossed with tempest, and not comforted! Behold, I will lay thy stones with fair colors, and lay thy foundations with sapphires.
reedificadas	2	confirmeth (0.40), decayed (0.40), performeth (0.33), renewed (0.18)	4 Néfi 1:9 — But there were many cities which had been sunk, and waters came up in the stead thereof; therefore these cities could not be renewed.
sagreel	2	shagreel (1.00), egyptians (0.02), sun (0.01), pharaoh (0.01)	Abraão 1:9 — And it came to pass that the priest made an offering unto the god of Pharaoh, and also unto the god of Shagreel, even after the manner of the Egyptian
egitus	2	egyptus (1.00), chaldean (0.40), patriarchal (0.40), signifies (0.33)	Abraão 1:23 — The land of Egypt being first discovered by a woman, who was the daughter of Ham, and the daughter of Egyptus, which in the Chaldean signifies Egypt, 
patriarcal	2	patriarchal (0.80), imitate (0.67), egyptus (0.50), justly (0.17)	Abraão 1:25 — Now the first government of Egypt was established by Pharaoh, the eldest son of Egyptus, the daughter of Ham, and it was after the manner of the gover
sineá	2	shinehah (1.00), kokob (0.67), olea (0.67), olaha (0.67)	Abraão 3:13 — And he said unto me: This is Shinehah, which is the sun. And he said unto me: Kokob, which is star. And he said unto me: Olea, which is the moon. And 
cocaubeam	2	kokaubeam (1.00), kokob (0.67), olea (0.67), shinehah (0.50)	Abraão 3:13 — And he said unto me: This is Shinehah, which is the sun. And he said unto me: Kokob, which is star. And he said unto me: Olea, which is the moon. And 
teófilo	2	theophilus (1.00), treatise (0.67), seemed (0.10), excellent (0.05)	Atos 1:1 — The former treatise have I made, O Theophilus, of all that Jesus began both to do and teach,
barsabás	2	barsabas (1.00), matthias (0.50), surnamed (0.40), justus (0.40)	Atos 1:23 — And they appointed two, Joseph called Barsabas, who was surnamed Justus, and Matthias.
matias	2	matthias (1.00), barsabas (0.50), justus (0.40), surnamed (0.20)	Atos 1:23 — And they appointed two, Joseph called Barsabas, who was surnamed Justus, and Matthias.
elamitas	2	elamites (1.00), parthians (0.67), dinaites (0.67), apharsathchites (0.67)	Atos 2:9 — Parthians, and Medes, and Elamites, and the dwellers in Mesopotamia, and in Judaea, and Cappadocia, in Pontus, and Asia,
líbia	2	lubim (0.67), proselytes (0.50), phrygia (0.40), libya (0.40)	Atos 2:10 — Phrygia, and Pamphylia, in Egypt, and in the parts of Libya about Cyrene, and strangers of Rome, Jews and proselytes,
prosélitos	2	proselytes (1.00), phrygia (0.40), libya (0.40), cyrene (0.33)	Atos 2:10 — Phrygia, and Pamphylia, in Egypt, and in the parts of Libya about Cyrene, and strangers of Rome, Jews and proselytes,
cretenses	2	cretes (0.67), cretians (0.67), bellies (0.50), arabians (0.25)	Atos 2:11 — Cretes and Arabians, we do hear them speak in our tongues the wonderful works of God.
alistamento	2	taxing (1.00), cyrenius (0.67), dispersed (0.10), judas (0.06)	Atos 5:37 — After this man rose up Judas of Galilee in the days of the taxing, and drew away much people after him: he also perished; and all, even as many as obe
prosélito	2	proselyte (1.00), prochorus (0.67), nicanor (0.67), timon (0.67)	Atos 6:5 — And the saying pleased the whole multitude: and they chose Stephen, a man full of faith and of the Holy Ghost, and Philip, and Prochorus, and Nicanor,
eneias	2	aeneas (1.00), palsy (0.13), bed (0.04), named (0.03)	Atos 9:33 — And there he found a certain man named Aeneas, which had kept his bed eight years, and was sick of the palsy.
tabita	2	tabitha (1.00), almsdeeds (0.67), dorcas (0.50), kneeled (0.17)	Atos 9:36 — Now there was at Joppa a certain disciple named Tabitha, which by interpretation is called Dorcas: this woman was full of good works and almsdeeds whi
dorcas	2	dorcas (1.00), almsdeeds (0.67), tabitha (0.50), joppa (0.13)	Atos 9:36 — Now there was at Joppa a certain disciple named Tabitha, which by interpretation is called Dorcas: this woman was full of good works and almsdeeds whi
arrebatamento	2	trance (0.57), sheet (0.50), joppa (0.13), descend (0.11)	Atos 10:10 — And he became very hungry, and would have eaten: but while they made ready, he fell into a trance,
ágabo	2	agabus (1.00), signified (0.50), claudius (0.40), dearth (0.20)	Atos 11:28 — And there stood up one of them named Agabus, and signified by the Spirit that there should be great dearth throughout all the world: which came to pas
pafos	2	paphos (1.00), bar-jesus (0.67), sorcerer (0.40), perga (0.40)	Atos 13:6 — And when they had gone through the isle unto Paphos, they found a certain sorcerer, a false prophet, a Jew, whose name was Bar-jesus:
pisídia	2	pisidia (1.00), perga (0.40), pamphylia (0.29), antioch (0.10)	Atos 13:14 — But when they departed from Perga, they came to Antioch in Pisidia, and went into the synagogue on the sabbath day, and sat down.
mísia	2	mysia (1.00), bithynia (0.50), assayed (0.33), troas (0.25)	Atos 16:7 — After they were come to Mysia, they assayed to go into Bithynia: but the Spirit suffered them not.
residentes	2	athenians (0.67), located (0.67), traveling (0.10), spent (0.07)	Atos 17:21 — (For all the Athenians and strangers which were there spent their time in nothing else, but either to tell, or to hear some new thing.)
cencreia	2	cenchrea (1.00), phebe (0.67), priscilla (0.29), aquila (0.25)	Atos 18:18 — And Paul after this tarried there yet a good while, and then took his leave of the brethren, and sailed thence into Syria, and with him Priscilla and 
assôs	2	assos (1.00), minding (0.67), mitylene (0.67), afoot (0.50)	Atos 20:13 — And we went before to ship, and sailed unto Assos, there intending to take in Paul: for so had he appointed, minding himself to go afoot.
cavalgaduras	2	cinnamon (0.33), ointments (0.29), odours (0.22), slaves (0.22)	Atos 23:24 — And provide them beasts, that they may set Paul on, and bring him safe unto Felix the governor.
tértulo	2	tertullus (1.00), orator (0.40), providence (0.29), ananias (0.17)	Atos 24:1 — And after five days Ananias the high priest descended with the elders, and with a certain orator named Tertullus, who informed the governor against Pa
lísias	2	lysias (0.80), deferred (0.40), felix (0.20), uttermost (0.06)	Atos 24:7 — But the chief captain Lysias came upon us, and with great violence took him away out of our hands,
júlio	2	julius (1.00), augustus' (0.67), courteously (0.50), refresh (0.40)	Atos 27:1 — And when it was determined that we should sail into Italy, they delivered Paul and certain other prisoners unto one named Julius, a centurion of Augus
gravetos	2	melting (0.50), viper (0.40), bundle (0.33), sticks (0.25)	Atos 28:3 — And when Paul had gathered a bundle of sticks, and laid them on the fire, there came a viper out of the heat, and fastened on his hand.
públio	2	publius (1.00), flux (0.67), courteously (0.50), island (0.18)	Atos 28:7 — In the same quarters were possessions of the chief man of the island, whose name was Publius; who received us, and lodged us three days courteously.
pertencente	2	amlici (0.13), executed (0.07), commencement (0.07), contention (0.05)	Alma 2:1 — And it came to pass in the commencement of the fifth year of their reign there began to be a contention among the people; for a certain man, being cal
gidona	2	giddonah (0.80), aminadi (0.50), usurp (0.33), performances (0.22)	Alma 10:2 — I am Amulek; I am the son of Giddonah, who was the son of Ishmael, who was a descendant of Aminadi; and it was the same Aminadi who interpreted the wr
limna	2	limnah (1.00), seon (0.40), shum (0.33), senine (0.25)	Alma 11:5 — Now the reckoning is thus—a senine of gold, a seon of gold, a shum of gold, and a limnah of gold.
ezrom	2	ezrom (1.00), onti (0.50), senums (0.50), amnor (0.40)	Alma 11:6 — A senum of silver, an amnor of silver, an ezrom of silver, and an onti of silver.
onti	2	onti (1.00), ezrom (0.50), amnor (0.40), senum (0.33)	Alma 11:6 — A senum of silver, an amnor of silver, an ezrom of silver, and an onti of silver.
siblum	2	shiblum (1.00), shiblon (0.14), leah (0.06), half (0.03)	Alma 11:16 — And a shiblum is a half of a shiblon.
motins	2	riotings (0.67), distur (0.67), bances (0.67), proscribe (0.67)	Alma 11:20 — Now, it was for the sole purpose to get gain, because they received their wages according to their employ, therefore, they did stir up the people to r
ontis	2	onties (1.00), existence (0.29), supreme (0.29), lied (0.13)	Alma 11:22 — And Amulek said unto him: Yea, if it be according to the Spirit of the Lord, which is in me; for I shall say nothing which is contrary to the Spirit o
vitupérios	2	gazingstock (0.50), revilings (0.33), robbing (0.33), partly (0.33)	Alma 16:18 — Now those priests who did go forth among the people did preach against all lyings, and deceivings, and envyings, and strifes, and malice, and reviling
clava	2	club (0.67), laugheth (0.50), blows (0.29), smiting (0.22)	Alma 17:37 — But behold, every man that lifted his club to smite Ammon, he smote off their arms with his sword; for he did withstand their blows by smiting their a
rabana	2	rabbanah (1.00), ful (1.00), considering (0.22), interpreted (0.12)	Alma 18:13 — And one of the king's servants said unto him, Rabbanah, which is, being interpreted, power– ful or great king, considering their kings to be powerful;
mulóqui	2	muloki (1.00), ammah (0.80), ani (0.67), contended (0.14)	Alma 20:2 — And the voice of the Lord came to Ammon saying: Thou shalt not go up to the land of Nephi, for behold, the king will seek thy life; but thou shalt go 
atrevem	2	whims (0.67), glut (0.40), pretended (0.20), unknown (0.14)	Alma 30:27 — And thus ye lead away this people after the foolish traditions of your fathers, and according to your own desires; and ye keep them down, even as it w
afastamento	2	bountifully (0.25), dissension (0.25), ignorant (0.09), impossible (0.09)	Alma 34:2 — My brethren, I think that it is impossible that ye should be ignorant of the things which have been spoken concerning the coming of Christ, who is tau
influentes	2	prejudice (0.67), excite (0.67), excited (0.50), obscure (0.40)	Alma 35:3 — And it came to pass that after the more popular part of the Zoramites had consulted together concerning the words which had been preached unto them, t
incumbência	2	separately (0.50), phelps (0.25), errand (0.22), gilbert (0.14)	Alma 35:16 — Therefore, he caused that his sons should be gathered together, that he might give unto them every one his charge, separately, concerning the things p
simbolismo	2	director (0.33), type (0.22), vale (0.17), slothful (0.08)	Alma 37:43 — And now, my son, I would that ye should understand that these things are not without a shadow; for as our fathers were slothful to give heed to this c
dissabores	2	reminding (0.67), harshness (0.50), duration (0.50), stirring (0.29)	Alma 38:5 — And now my son, Shiblon, I would that ye should remember, that as much as ye shall put your trust in God even so much ye shall be delivered out of you
imperdoável	2	unpardonable (1.00), murdereth (0.50), lied (0.13), easy (0.13)	Alma 39:6 — For behold, if ye deny the Holy Ghost when it once has had place in you, and ye know that ye deny it, behold, this is a sin which is unpardonable; yea
resíduos	2	grapegatherer (0.67), dregs (0.25), consigned (0.18), glean (0.18)	Alma 40:26 — But behold, an awful death cometh upon the wicked; for they die as to things pertaining to things of righteousness; for they are unclean, and no uncle
ripla	2	riplah (1.00), concealed (0.36), rear (0.14), encircled (0.10)	Alma 43:31 — Therefore, he divided his army and brought a part over into the valley, and concealed them on the east, and on the south of the hill Riplah;
cabeludo	2	moroni's (0.67), scalp (0.57), hilt (0.40), rushed (0.29)	Alma 44:12 — And now when Moroni had said these words, Zerahemnah retained his sword, and he was angry with Moroni, and he rushed forward that he might slay Moroni
aparecimento	2	appearing (0.17), dwindle (0.13), saviour (0.05), looking (0.05)	Alma 45:10 — And these are the words: Behold, I perceive that this very people, the Nephites, according to the spirit of revelation which is in me, in four hundred
regulamentação	2	regulation (1.00), disturbances (0.50), dissensions (0.09), pahoran (0.06)	Alma 45:21 — For behold, because of their wars with the Lamanites and the many little dissensions and disturbances which had been among the people, it became exped
receosos	2	displease (0.25), marching (0.18), retreat (0.14), proclamation (0.06)	Alma 47:2 — And it came to pass that when the proclamation had gone forth among them they were exceedingly afraid; yea, they feared to displease the king, and the
reencaminhados	2	covenanting (0.67), union (0.50), morianton (0.10), restored (0.03)	Alma 50:36 — And thus were the people of Morianton brought back. And upon their covenanting to keep the peace they were restored to the land of Morianton, and a un
formidável	2	wonderfully (0.29), banners (0.25), tirzah (0.11), comely (0.10)	Alma 51:11 — Now his armies were not so great as they had hitherto been, because of the many thousands who had been slain by the hand of the Nephites; but notwiths
furtivamente	2	crept (0.40), overpowered (0.25), fatigue (0.25), stole (0.18)	Alma 51:33 — And it came to pass that when the night had come, Teancum and his servant stole forth and went out by night, and went into the camp of Amalickiah; and
zoramita	2	zoramite (1.00), embassies (0.67), unconquerable (0.50), protected (0.25)	Alma 52:20 — And it came to pass they sent embassies to the army of the Lamanites, which protected the city of Mulek, to their leader, whose name was Jacob, desiri
estupor	2	stupor (1.00), thoughtless (0.50), murdering (0.22), spreading (0.20)	Alma 60:7 — Can you think to sit upon your thrones in a state of thoughtless stupor, while your enemies are spreading the work of death around you? Yea, while the
apoderar	2	daunted (0.67), bellies (0.50), greediness (0.40), flattery (0.29)	Alma 61:4 — And it is those who have sought to take away the judgment– seat from me that have been the cause of this great iniquity; for they have used great flat
queriote	2	kerioth (0.67), bozrah (0.18), shouting (0.14), tumult (0.10)	Amós 2:2 — But I will send a fire upon Moab, and it shall devour the palaces of Kerioth: and Moab shall die with tumult, with shouting, and with the sound of the
evangelistas	2	evangelists (1.00), existed (0.50), primitive (0.50), organization (0.40)	Regras de Fé 1:6 — We believe in the same organization that existed in the Primitive Church, namely, apostles, prophets , pastors , teachers , evangelists , and so forth
coligação	2	american (0.67), paradisiacal (0.67), continent (0.40), personally (0.40)	Regras de Fé 1:10 — We believe in the literal gathering of Israel and in the restoration of the Ten Tribes ; that Zion (the New Jerusalem) will be built upon the American
corroborados	2	joyfulness (0.50), longsuffering (0.10), strengthened (0.08), inner (0.04)	Colossenses 1:11 — Strengthened with all might, according to his glorious power, unto all patience and longsuffering with joyfulness;
arraigados	2	grounded (0.40), rooted (0.36), stablished (0.33), abounding (0.29)	Colossenses 2:7 — Rooted and built up in him, and stablished in the faith, as ye have been taught, abounding therein with thanksgiving.
onésimo	2	onesimus (1.00), bonds (0.05), beseech (0.03), begotten (0.03)	Colossenses 4:9 — With Onesimus, a faithful and beloved brother, who is one of you. They shall make known unto you all things which are done here.
arquipo	2	archippus (1.00), apphia (0.67), fellowsoldier (0.50), fulfil (0.04)	Colossenses 4:17 — And say to Archippus, Take heed to the ministry which thou hast received in the Lord, that thou fulfil it.
despenseiro	2	melzar (1.00), pulse (0.40), mishael (0.20), eunuchs (0.11)	Daniel 1:11 — Then said Daniel to Melzar, whom the prince of the eunuchs had set over Daniel, Hananiah, Mishael, and Azariah,
doutos	2	realm (0.22), astrologers (0.20), wiser (0.20), magicians (0.13)	Daniel 1:20 — And in all matters of wisdom and understanding, that the king enquired of them, he found them ten times better than all the magicians and astrologers 
prolongação	2	lengthening (0.67), tranquillity (0.67), shewing (0.13), prolonged (0.13)	Daniel 4:27 — Wherefore, O king, let my counsel be acceptable unto thee, and break off thy sins by righteousness, and thine iniquities by shewing mercy to the poor;
tequel	2	tekel (1.00), upharsin (0.67), mene (0.50), wanting (0.22)	Daniel 5:25 — And this is the writing that was written, MENE, MENE, TEKEL, UPHARSIN.
persa	2	persian (1.00), jaddua (0.40), joiada (0.33), recorded (0.15)	Daniel 6:28 — So this Daniel prospered in the reign of Darius, and in the reign of Cyrus the Persian.
ulai	2	ulai (1.00), gabriel (0.29), banks (0.18), shushan (0.10)	Daniel 8:2 — And I saw in a vision; and it came to pass, when I saw, that I was at Shushan in the palace, which is in the province of Elam; and I saw in a vision, 
marradas	2	pushing (0.67), push (0.15), overflow (0.12), westward (0.06)	Daniel 8:4 — I saw the ram pushing westward, and northward, and southward; so that no beasts might stand before him, neither was there any that could deliver out o
hidequel	2	hiddekel (0.80), euphrates (0.08), twentieth (0.05), river (0.02)	Daniel 10:4 — And in the four and twentieth day of the first month, as I was by the side of the great river, which is Hiddekel;
ufaz	2	uphaz (1.00), workman (0.17), founder (0.14), tarshish (0.08)	Daniel 10:5 — Then I lifted up mine eyes, and looked, and behold a certain man clothed in linen, whose loins were girded with fine gold of Uphaz:
idumeia	2	idumaea (0.67), idumea (0.29), tyre (0.05), sidon (0.05)	Doutrina e Convênios 1:36 — And also the Lord shall have power over his saints , and shall reign in their midst , and shall come down in judgment upon Idumea , or the world.
temperante	2	temperate (0.44), admonition (0.25), admonish (0.22), faults (0.20)	Doutrina e Convênios 6:19 — Admonish him in his faults, and also receive admonition of him. Be patient; be sober; be temperate; have patience, faith, hope and charity.
poros	2	pore (1.00), bleed (0.67), fatigue (0.25), shrink (0.22)	Doutrina e Convênios 19:18 — Which suffering caused myself, even God, the greatest of all, to tremble because of pain, and to bleed at every pore, and to suffer both body and spir
sensual	2	sensual (0.40), devilish (0.40), beguile (0.33), subjecting (0.33)	Doutrina e Convênios 20:20 — But by the transgression of these holy laws man became sensual and devilish , and became fallen man.
peterson	2	peterson (1.00), confesseth (0.29), ziba (0.24), advocate (0.22)	Doutrina e Convênios 32:3 — And Ziba Peterson also shall go with them; and I myself will go with them and be in their midst ; and I am their advocate with the Father, and nothing
frivolidade	2	light-mindedness (0.67), lustful (0.50), trifle (0.33), speeches (0.18)	Doutrina e Convênios 32:5 — And they shall give heed unto these words and trifle not, and I will bless them. Amen.
moradias	2	suitable (0.67), circumstances (0.13), necessary (0.06), whithersoever (0.04)	Doutrina e Convênios 48:1 — It is necessary that ye should remain for the present time in your places of abode, as it shall be suitable to your circumstances.
leman	2	leman (1.00), shakers (0.67), parley (0.18), sidney (0.04)	Doutrina e Convênios 49:1 — Hearken unto my word, my servants Sidney, and Parley, and Leman; for behold, verily I say unto you, that I give unto you a commandment that you shall 
wakefield	2	wakefield (1.00), humphrey (0.67), parley (0.18), pratt (0.17)	Doutrina e Convênios 50:37 — Let my servant Joseph Wakefield, in whom I am well pleased, and my servant Parley P. Pratt go forth among the churches and strengthen them by the word
corrill	2	corrill (1.00), wight (0.22), lyman (0.13), hinder (0.09)	Doutrina e Convênios 50:38 — And also my servant John Corrill, or as many of my servants as are ordained unto this office, and let them labor in the vineyard ; and let no man hind
murdock	2	murdock (1.00), detroit (0.67), eastern (0.12), village (0.11)	Doutrina e Convênios 52:8 — And also my servant John Murdock, and my servant Hyrum Smith, take their journey unto the same place by the way of Detroit.
booth	2	morley (0.67), booth (0.67), ezra (0.11), preaching (0.03)	Doutrina e Convênios 52:23 — And again, let my servant Isaac Morley and my servant Ezra Booth take their journey, also preaching the word by the way unto this same land.
thompson	2	thompson (1.00), robert (0.50), griffin (0.40), stiffneckedness (0.33)	Doutrina e Convênios 56:6 — For behold, I revoke the commandment which was given unto my servants Selah J. Griffin and Newel Knight, in consequence of the stiffneckedness of my p
independence	2	independence (1.00), courthouse (0.67), printing (0.18), center (0.14)	Doutrina e Convênios 57:3 — And thus saith the Lord your God, if you will receive wisdom here is wisdom. Behold, the place which is now called Independence is the center place; a
st	2	louis (1.00), craft (0.17), congregations (0.13), mattereth (0.10)	Doutrina e Convênios 60:5 — But, verily, I will speak unto you concerning your journey unto the land from whence you came. Let there be a craft made, or bought, as seemeth you go
louis	2	louis (1.00), craft (0.17), congregations (0.13), mattereth (0.10)	Doutrina e Convênios 60:5 — But, verily, I will speak unto you concerning your journey unto the land from whence you came. Let there be a craft made, or bought, as seemeth you go
cincinnati	2	cincinnati (1.00), arrive (0.17), congregations (0.13), rigdon (0.11)	Doutrina e Convênios 60:6 — And from thence let my servants, Sidney Rigdon, Joseph Smith, Jun., and Oliver Cowdery, take their journey for Cincinnati;
solícita	2	requireth (0.33), immediate (0.22), delivering (0.15), obedient (0.06)	Doutrina e Convênios 64:34 — Behold, the Lord requireth the heart and a willing mind; and the willing and obedient shall eat the good of the land of Zion in these last days.
relatórios	2	accounts (0.67), recommended (0.33), stewardships (0.25), approved (0.15)	Doutrina e Convênios 69:5 — And also, my servants who are abroad in the earth should send forth the accounts of their stewardships to the land of Zion;
profusão	2	manifestations (0.44), grudgingly (0.40), withheld (0.12), temporal (0.05)	Doutrina e Convênios 70:13 — Yea, even more abundantly, which abundance is multiplied unto them through the manifestations of the Spirit.
wilson	2	wilson (1.00), dodds (0.67), grover (0.67), dort (0.67)	Doutrina e Convênios 75:15 — And again, I say unto my servant Asa Dodds, and unto my servant Calves Wilson, that they also shall take their journey unto the western countries, and
seymour	2	seymour (1.00), brunson (1.00), stanton (0.67), grover (0.67)	Doutrina e Convênios 75:33 — And also my servant Daniel Stanton and my servant Seymour Brunson;
brunson	2	seymour (1.00), brunson (1.00), stanton (0.67), grover (0.67)	Doutrina e Convênios 75:33 — And also my servant Daniel Stanton and my servant Seymour Brunson;
stephen	2	burnett (1.00), ruggles (0.67), eames (0.67), stephen (0.36)	Doutrina e Convênios 75:35 — And also my servant Ruggles Eames and my servant Stephen Burnett ;
burnett	2	burnett (1.00), ruggles (0.67), eames (0.67), stephen (0.36)	Doutrina e Convênios 75:35 — And also my servant Ruggles Eames and my servant Stephen Burnett ;
carolina	2	carolina (1.00), eventually (0.67), terminate (0.67), difficulties (0.33)	Doutrina e Convênios 87:1 — Verily, thus saith the Lord concerning the wars that will shortly come to pass, beginning at the rebellion of South Carolina , which will eventually t
inseparavelmente	2	inseparably (1.00), connected (0.67), controlled (0.67), element (0.50)	Doutrina e Convênios 93:33 — For man is spirit . The elements are eternal , and spirit and element, inseparably connected, receive a fulness of joy;
amarraduras	2	bundles (0.29), flax (0.17), unquenchable (0.15), shouted (0.13)	Doutrina e Convênios 101:66 — While the tares shall be bound in bundles, and their bands made strong, that they may be burned with unquenchable fire.
relacionados	2	1838 (0.67), various (0.67), ordinary (0.50), events (0.50)	Doutrina e Convênios 102:28 — This council of high priests abroad is only to be called on the most difficult cases of church matters; and no common or ordinary case is to be suffic
empréstimos	2	loan (0.40), admit (0.33), blesseth (0.20), borrow (0.18)	Doutrina e Convênios 104:53 — Therefore, you are dissolved as a united order with your brethren, that you are not bound only up to this hour unto them, only on this wise, as I said
sacrossantos	2	improving (0.67), fives (0.67), avails (0.50), twenties (0.50)	Doutrina e Convênios 104:65 — And thus shall ye preserve the avails of the sacred things in the treasury, for sacred and holy purposes.
granger	2	granger (1.00), oliver (0.09), sacred (0.05), despise (0.04)	Doutrina e Convênios 117:12 — And again, I say unto you, I remember my servant Oliver Granger ; behold, verily I say unto him that his name shall be had in sacred remembrance from 
colocação	2	placing (0.50), debts (0.20), mock (0.08), powerful (0.08)	Doutrina e Convênios 119:2 — For the building of mine house , and for the laying of the foundation of Zion and for the priesthood, and for the debts of the Presidency of my Church
impuras	2	impure (0.67), puny (0.67), rolling (0.50), unwashen (0.40)	Doutrina e Convênios 121:33 — How long can rolling waters remain impure? What power shall stay the heavens? As well might man stretch forth his puny arm to stop the Missouri river 
caráter	2	damages (0.67), certificates (0.67), signatures (0.67), character (0.50)	Doutrina e Convênios 123:2 — And also of all the property and amount of damages which they have sustained, both of character and personal injuries , as well as real property;
robert	2	robert (1.00), contract (0.67), thompson (0.50), foster (0.50)	Doutrina e Convênios 124:12 — And again, verily I say unto you, let my servant Robert B. Thompson help you to write this proclamation, for I am well pleased with him, and that he s
antiguidades	2	antiquities (1.00), pine (0.22), box (0.18), fir (0.09)	Doutrina e Convênios 124:26 — And send ye swift messengers, yea, chosen messengers, and say unto them: Come ye, with all your gold , and your silver, and your precious stones, and 
batismal	2	baptismal (1.00), font (1.00), consequently (0.50), conforming (0.50)	Doutrina e Convênios 124:29 — For a baptismal font there is not upon the earth, that they, my saints, may be baptized for those who are dead—
haws	2	haws (1.00), miller (0.80), snider (0.80), appropriate (0.50)	Doutrina e Convênios 124:62 — Behold, verily I say unto you, let my servant George Miller, and my servant Lyman Wight, and my servant John Snider, and my servant Peter Haws, organi
vinson	2	vinson (1.00), roundy (0.67), knight (0.40), bishopric (0.25)	Doutrina e Convênios 124:74 — Therefore, I say unto you concerning my servant Vinson Knight, if he will do my will let him put stock into that house for himself, and for his genera
galland	2	galland (1.00), marks (0.25), interest (0.22), point (0.10)	Doutrina e Convênios 124:78 — Let my servant Isaac Galland put stock into that house; for I, the Lord, love him for the work he hath done, and will forgive all his sins; therefore,
sherwood	2	sherwood (1.00), henry (0.80), grover (0.67), dort (0.67)	Doutrina e Convênios 124:81 — Let my servant Henry G. Sherwood pay stock into that house, as seemeth him good, for himself and his seed after him, from generation to generation.
foster	2	foster (1.00), contract (0.67), butterfield (0.67), miles (0.67)	Doutrina e Convênios 124:115 — And again, verily I say unto you, if my servant Robert D. Foster will obey my voice, let him build a house for my servant Joseph, according to the con
heber	2	kimball (0.67), heberites (0.67), malchielites (0.67), page (0.40)	Doutrina e Convênios 124:129 — They are Heber C. Kimball, Parley P. Pratt, Orson Pratt, Orson Hyde, William Smith, John Taylor, John E. Page, Wilford Woodruff, Willard Richards, Geo
charles	2	charles (1.00), grover (0.67), dort (0.67), dunbar (0.67)	Doutrina e Convênios 124:132 — Namely, Samuel Bent, Henry G. Sherwood, George W. Harris, Charles C. Rich, Thomas Grover, Newel Knight, David Dort, Dunbar Wilson—Seymour Brunson I ha
don	2	don (1.00), mack (0.67), november (0.67), 19th (0.67)	Doutrina e Convênios 124:133 — And again, I give unto you Don C. Smith to be a president over a quorum of high priests;
josiah	2	1825 (0.67), butterfield (0.67), miles (0.67), herriman (0.67)	Doutrina e Convênios 124:138 — And again, I give unto you Joseph Young, Josiah Butterfield, Daniel Miles, Henry Herriman, Zera Pulsipher, Levi Hancock, James Foster, to preside over
aperfeiçoamento	2	perfecting (0.80), helps (0.40), governments (0.22), edifying (0.17)	Doutrina e Convênios 124:143 — The above offices I have given unto you, and the keys thereof, for helps and for governments, for the work of the ministry and the perfecting of my sa
formulação	2	coloring (0.67), prosecutions (0.67), pretensions (0.67), blackest (0.67)	Doutrina e Convênios 127:1 — Forasmuch as the Lord has revealed unto me that my enemies, both in Missouri and this State, were again in the pursuit of me; and inasmuch as they pur
sêneca	2	seneca (1.00), fayette (0.80), detecting (0.67), broome (0.67)	Doutrina e Convênios 128:20 — And again, what do we hear? Glad tidings from Cumorah ! Moroni , an angel from heaven, declaring the fulfilment of the prophets—the book to be reveale
harmony	2	susquehanna (0.80), harmony (0.80), 1825 (0.67), detecting (0.67)	Doutrina e Convênios 128:20 — And again, what do we hear? Glad tidings from Cumorah ! Moroni , an angel from heaven, declaring the fulfilment of the prophets—the book to be reveale
lavandeiros	2	refiner's (0.67), fullers' (0.67), soap (0.50), sope (0.50)	Doutrina e Convênios 128:24 — Behold, the great day of the Lord is at hand; and who can abide the day of his coming, and who can stand when he appeareth? For he is like a refiner’s
magistrado	2	magistrate (0.80), amenable (0.67), infringe (0.67), dictate (0.67)	Doutrina e Convênios 134:4 — We believe that religion is instituted of God; and that men are amenable to him, and to him only, for the exercise of it, unless their religious opini
interferência	2	bond-servants (0.67), situations (0.67), jeopardizing (0.67), interference (0.67)	Doutrina e Convênios 134:12 — We believe it just to preach the gospel to the nations of the earth, and warn the righteous to save themselves from the corruption of the world; but w
siriom	2	sirion (1.00), skip (0.67), shenir (0.50), sidonians (0.29)	Deuteronômio 3:9 — (Which Hermon the Sidonians call Sirion; and the Amorites call it Shenir;)
taberá	2	taberah (1.00), massah (0.33), kibroth-hattaavah (0.29), provoked (0.06)	Deuteronômio 9:22 — And at Taberah, and at Massah, and at Kibroth-hattaavah, ye provoked the LORD to wrath.
gudgodá	2	gudgodah (1.00), jotbath (1.00), journeyed (0.04), rivers (0.03)	Deuteronômio 10:7 — From thence they journeyed unto Gudgodah; and from Gudgodah to Jotbath, a land of rivers of waters.
remóem	2	chew (0.67), hare (0.67), coney (0.67), cloven (0.50)	Deuteronômio 14:7 — Nevertheless these ye shall not eat of them that chew the cud, or of them that divide the cloven hoof; as the camel, and the hare, and the coney: for 
quebrantosso	2	ossifrage (1.00), ospray (1.00), eagle (0.16), fowls (0.03)	Deuteronômio 14:12 — But these are they of which ye shall not eat: the eagle, and the ossifrage, and the ospray,
xofrango	2	ossifrage (1.00), ospray (1.00), eagle (0.16), fowls (0.03)	Deuteronômio 14:12 — But these are they of which ye shall not eat: the eagle, and the ossifrage, and the ospray,
milhano	2	kite (1.00), vulture (1.00), glede (0.67), kind (0.05)	Deuteronômio 14:13 — And the glede, and the kite, and the vulture after his kind,
destruí-las-ás	2	bulwarks (0.29), hivites (0.11), perizzites (0.10), hittites (0.08)	Deuteronômio 20:17 — But thou shalt utterly destroy them; namely, the Hittites, and the Amorites, the Canaanites, and the Perizzites, the Hivites, and the Jebusites; as th
escandalosas	2	occasions (0.80), daughter's (0.40), tokens (0.22), virginity (0.18)	Deuteronômio 22:14 — And give occasions of speech against her, and bring up an evil name upon her, and say, I took this woman, and when I came to her, I found her not a ma
ourela	2	uncovereth (0.40), skirt (0.33), discover (0.07), father's (0.03)	Deuteronômio 22:30 — A man shall not take his father's wife, nor discover his father's skirt.
petor	2	pethor (1.00), beor (0.33), mesopotamia (0.22), balaam (0.07)	Deuteronômio 23:4 — Because they met you not with bread and with water in the way, when ye came forth out of Egypt; and because they hired against thee Balaam the son of 
amassadeira	2	basket (0.17), store (0.10), cursed (0.02), blessed (0.00)	Deuteronômio 28:5 — Blessed shall be thy basket and thy store.
tísica	2	ague (0.67), inflammation (0.50), consumption (0.40), extreme (0.40)	Deuteronômio 28:22 — The LORD shall smite thee with a consumption, and with a fever, and with an inflammation, and with an extreme burning, and with the sword, and with bl
amendoeira	2	almond (1.00), grasshopper (0.40), mourners (0.33), fears (0.20)	Eclesiastes 12:5 — Also when they shall be afraid of that which is high, and fears shall be in the way, and the almond tree shall flourish, and the grasshopper shall be 
pranteadores	2	mourners (0.67), almond (0.50), comforts (0.50), grasshopper (0.40)	Eclesiastes 12:5 — Also when they shall be afraid of that which is high, and fears shall be in the way, and the almond tree shall flourish, and the grasshopper shall be 
co-herdeiros	2	fellowheirs (0.67), joint-heirs (0.67), heirs (0.08), partakers (0.05)	Efésios 3:6 — That the Gentiles should be fellowheirs, and of the same body, and partakers of his promise in Christ by the gospel:
fraudulosamente	2	sleight (0.67), tossed (0.17), deceitfully (0.15), craftiness (0.13)	Efésios 4:14 — That we henceforth be no more children, tossed to and fro, and carried about with every wind of doctrine, by the sleight of men, and cunning craftines
entenebrecidos	2	dimness (0.33), alienated (0.25), blindness (0.11), ignorance (0.07)	Efésios 4:18 — Having the understanding darkened, being alienated from the life of God through the ignorance that is in them, because of the blindness of their heart
infrutíferas	2	spots (0.29), unfruitful (0.20), withereth (0.20), feeding (0.13)	Efésios 5:11 — And have no fellowship with the unfruitful works of darkness, but rather reprove them.
lavagem	2	regeneration (0.50), renewing (0.40), washing (0.27), cleanse (0.05)	Efésios 5:26 — That he might sanctify and cleanse it with the washing of water by the word,
harbona	2	mehuman (0.67), biztha (0.67), harbona (0.67), bigtha (0.67)	Ester 1:10 — On the seventh day, when the heart of the king was merry with wine, he commanded Mehuman, Biztha, Harbona, Bigtha, and Abagtha, Zethar, and Carcas, th
bigtã	2	teresh (1.00), bigthan (0.67), bigthana (0.67), chamberlains (0.36)	Ester 2:21 — In those days, while Mordecai sat in the king's gate, two of the king's chamberlains, Bigthan and Teresh, of those which kept the door, were wroth, an
nisã	2	nisan (1.00), pur (0.40), adar (0.17), beforetime (0.17)	Ester 3:7 — In the first month, that is, the month Nisan, in the twelfth year of king Ahasuerus, they cast Pur, that is, the lot, before Haman from day to day, an
éguas	2	ahasuerus' (0.67), dromedaries (0.40), horseback (0.29), riders (0.29)	Ester 8:10 — And he wrote in the king Ahasuerus' name, and sealed it with the king's ring, and sent letters by posts on horseback, and riders on mules, camels, and
pagague	2	pagag (1.00), constrain (0.50), brothers (0.13), chose (0.11)	Éter 6:25 — And it came to pass that they chose even the firstborn of the brother of Jared; and his name was Pagag. And it came to pass that he refused and would 
curelons	2	elephants (1.00), cureloms (1.00), cumoms (1.00), useful (0.50)	Éter 9:19 — And they also had horses, and asses, and there were elephants and cureloms and cumoms; all of which were useful unto man, and more especially the elep
cumons	2	elephants (1.00), cureloms (1.00), cumoms (1.00), useful (0.50)	Éter 9:19 — And they also had horses, and asses, and there were elephants and cureloms and cumoms; all of which were useful unto man, and more especially the elep
industriosos	2	industrious (0.57), traffic (0.50), buildings (0.11), sell (0.04)	Éter 10:22 — And they were exceedingly industrious, and they did buy and sell and traffic one with another, that they might get gain.
angide	2	amgid (1.00), during (0.25), com (0.14), gained (0.08)	Éter 10:32 — And it came to pass that Com drew away the half of the kingdom. And he reigned over the half of the kingdom forty and two years; and he went to battle
agós	2	agosh (1.00), lib (0.27), quarter (0.12), plains (0.11)	Éter 14:15 — And it came to pass that Lib did pursue him until he came to the plains of Agosh. And Coriantumr had taken all the people with him as he fled before L
comnor	2	shurr (1.00), comnor (1.00), invite (0.67), corihor (0.18)	Éter 14:28 — And they pitched their tents in the valley of Corihor; and Coriantumr pitched his tents in the valley of Shurr. Now the valley of Shurr was near the h
jemuel	2	jemuel (1.00), ohad (1.00), canaanitish (1.00), zohar (0.67)	Êxodo 6:15 — And the sons of Simeon; Jemuel, and Jamin, and Ohad, and Jachin, and Zohar, and Shaul the son of a Canaanitish woman: these are the families of Simeon
oade	2	jemuel (1.00), ohad (1.00), canaanitish (1.00), zohar (0.67)	Êxodo 6:15 — And the sons of Simeon; Jemuel, and Jamin, and Ohad, and Jachin, and Zohar, and Shaul the son of a Canaanitish woman: these are the families of Simeon
joquebede	2	jochebed (1.00), amram's (0.67), amram (0.27), miriam (0.13)	Êxodo 6:20 — And Amram took him Jochebed his father's sister to wife; and she bare him Aaron and Moses: and the years of the life of Amram were an hundred and thir
elzafã	2	elzaphan (1.00), zithri (0.67), mishael (0.40), uzziel (0.22)	Êxodo 6:22 — And the sons of Uzziel; Mishael, and Elzaphan, and Zithri.
amassadeiras	2	kneadingtroughs (1.00), ovens (0.67), bedchamber (0.25), dough (0.20)	Êxodo 8:3 — And the river shall bring forth frogs abundantly, which shall go up and come into thine house, and into thy bedchamber, and upon thy bed, and into the
miriam	2	triumphed (0.50), gloriously (0.40), timbrel (0.29), timbrels (0.29)	Êxodo 15:20 — And Miriam the prophetess, the sister of Aaron, took a timbrel in her hand; and all the women went out after her with timbrels and with dances.
coentro	2	coriander (1.00), bdellium (0.40), wafers (0.29), manna (0.19)	Êxodo 16:31 — And the house of Israel called the name thereof Manna: and it was like coriander seed, white; and the taste of it was like wafers made with honey.
trespassem	2	gaze (0.67), break (0.02), charge (0.02), lest (0.01)	Êxodo 19:21 — And the LORD said unto Moses, Go down, charge the people, lest they break through unto the LORD to gaze, and many of them perish.
escorneador	2	push (0.31), owner (0.31), wont (0.15), past (0.06)	Êxodo 21:29 — But if the ox were wont to push with his horn in time past, and it hath been testified to his owner, and he hath not kept him in, but that he hath kil
usurário	2	usurer (0.67), lighteneth (0.50), lend (0.12), usury (0.11)	Êxodo 22:25 — If thou lend money to any of my people that is poor by thee, thou shalt not be to him as an usurer, neither shalt thou lay upon him usury.
cobri-la-ás	2	overlay (0.31), thereto (0.09), crown (0.05), pure (0.03)	Êxodo 25:11 — And thou shalt overlay it with pure gold, within and without shalt thou overlay it, and shalt make upon it a crown of gold round about.
tigelas	2	dishes (0.80), covers (0.80), spoons (0.31), bowls (0.17)	Êxodo 25:29 — And thou shalt make the dishes thereof, and spoons thereof, and covers thereof, and bowls thereof, to cover withal: of pure gold shalt thou make them.
texugo	2	silk (0.29), badgers' (0.25), shod (0.22), broidered (0.20)	Êxodo 26:14 — And thou shalt make a covering for the tent of rams' skins dyed red, and a covering above of badgers' skins.
cálamo	2	calamus (0.80), cinnamon (0.67), saffron (0.67), spikenard (0.29)	Êxodo 30:23 — Take thou also unto thee principal spices, of pure myrrh five hundred shekels, and of sweet cinnamon half so much, even two hundred and fifty shekels,
lapidação	2	carving (1.00), cutting (0.50), workmanship (0.08), timber (0.06)	Êxodo 31:5 — And in cutting of stones, to set them, and in carving of timber, to work in all manner of workmanship.
revestimento	2	overlaying (1.00), fillets (0.40), filleted (0.40), chapiters (0.25)	Êxodo 38:17 — And the sockets for the pillars were of brass; the hooks of the pillars and their fillets of silver; and the overlaying of their chapiters of silver; 
jaazanias	2	jaazaniah (0.67), azur (0.50), pelatiah (0.29), censer (0.17)	Ezequiel 8:11 — And there stood before them seventy men of the ancients of the house of Israel, and in the midst of them stood Jaazaniah the son of Shaphan, with ever
lisonjeira	2	flattering (0.21), divination (0.14), ruin (0.13), hateth (0.06)	Ezequiel 12:24 — For there shall be no more any vain vision nor flattering divination within the house of Israel.
heteia	2	lotheth (0.67), lothed (0.40), amorite (0.25), nativity (0.18)	Ezequiel 16:3 — And say, Thus saith the Lord GOD unto Jerusalem; Thy birth and thy nativity is of the land of Canaan; thy father was an Amorite, and thy mother an Hit
pecode	2	pekod (1.00), shoa (0.67), koa (0.67), merathaim (0.67)	Ezequiel 23:23 — The Babylonians, and all the Chaldeans, Pekod, and Shoa, and Koa, and all the Assyrians with them: all of them desirable young men, captains and ruler
beberrões	2	winebibbers (0.67), eaters (0.67), sabeans (0.33), riotous (0.33)	Ezequiel 23:42 — And a voice of a multitude being at ease was with her: and with the men of the common sort were brought Sabeans from the wilderness, which put bracele
enxugadouro	2	nets (0.27), spreading (0.20), top (0.02), spoil (0.02)	Ezequiel 26:5 — It shall be a place for the spreading of nets in the midst of the sea: for I have spoken it, saith the Lord GOD: and it shall become a spoil to the na
arvade	2	arvad (1.00), gammadims (0.67), pilots (0.33), mariners (0.29)	Ezequiel 27:8 — The inhabitants of Zidon and Arvad were thy mariners: thy wise men, O Tyrus, that were in thee, were thy pilots.
remeiros	2	rowers (0.67), arvad (0.50), pilots (0.33), mariners (0.29)	Ezequiel 27:8 — The inhabitants of Zidon and Arvad were thy mariners: thy wise men, O Tyrus, that were in thee, were thy pilots.
gebal	2	gebal (1.00), calkers (0.50), occupy (0.33), mariners (0.29)	Ezequiel 27:9 — The ancients of Gebal and the wise men thereof were in thee thy calkers: all the ships of the sea with their mariners were in thee to occupy thy merch
minite	2	minnith (1.00), pannag (0.67), traded (0.29), balm (0.25)	Ezequiel 27:17 — Judah, and the land of Israel, they were thy merchants: they traded in thy market wheat of Minnith, and Pannag, and honey, and oil, and balm.
sevene	2	syene (1.00), uphold (0.12), ethiopia (0.09), tower (0.05)	Ezequiel 29:10 — Behold, therefore I am against thee, and against thy rivers, and I will make the land of Egypt utterly waste and desolate, from the tower of Syene eve
ramagem	2	shroud (0.67), shadowing (0.33), boughs (0.21), assyrian (0.11)	Ezequiel 31:3 — Behold, the Assyrian was a cedar in Lebanon with fair branches, and with a shadowing shroud, and of an high stature; and his top was among the thick b
esplendidamente	2	sumptuously (0.67), handling (0.50), fared (0.50), bucklers (0.25)	Ezequiel 38:4 — And I will turn thee back, and put hooks into thy jaws, and I will bring thee forth, and all thine army, horses and horsemen, all of them clothed with
levíticos	2	kindle (0.08), astray (0.07), want (0.05), zadok (0.04)	Ezequiel 44:15 — But the priests the Levites, the sons of Zadok, that kept the charge of my sanctuary when the children of Israel went astray from me, they shall come 
hetlom	2	hethlon (1.00), zedad (0.50), hazar-enan (0.33), hamath (0.06)	Ezequiel 47:15 — And this shall be the border of the land toward the north side, from the great sea, the way of Hethlon, as men go to Zedad;
zedade	2	zedad (1.00), hethlon (0.50), hor (0.14), entrance (0.11)	Ezequiel 47:15 — And this shall be the border of the land toward the north side, from the great sea, the way of Hethlon, as men go to Zedad;
haurã	2	hauran (1.00), berothah (0.67), sibraim (0.67), hazar-hatticon (0.67)	Ezequiel 47:16 — Hamath, Berothah, Sibraim, which is between the border of Damascus and the border of Hamath; Hazar-hatticon, which is by the coast of Hauran.
hazar-enom	2	hazar-enan (0.67), hethlon (0.50), hamath (0.11), damascus (0.07)	Ezequiel 47:17 — And the border from the sea shall be Hazar-enan, the border of Damascus, and the north northward, and the border of Hamath. And this is the north side
benjamin	2	prince's (0.40), ebed-melech (0.25), ethiopian (0.22), dungeon (0.14)	Ezequiel 48:22 — Moreover from the possession of the Levites, and from the possession of the city, being in the midst of that which is the prince's, between the border
mitredate	2	mithredath (1.00), bishlam (0.67), tabeel (0.67), sheshbazzar (0.33)	Esdras 1:8 — Even those did Cyrus king of Persia bring forth by the hand of Mithredath the treasurer, and numbered them unto Sheshbazzar, the prince of Judah.
bilsã	2	bilshan (1.00), reelaiah (0.67), mispar (0.67), raamiah (0.67)	Esdras 2:2 — Which came with Zerubbabel: Jeshua, Nehemiah, Seraiah, Reelaiah, Mordecai, Bilshan, Mispar, Bigvai, Rehum, Baanah. The number of the men of the people
zacai	2	zaccai (1.00), threescore (0.04), seven (0.01), hundred (0.01)	Esdras 2:9 — The children of Zaccai, seven hundred and threescore.
netofa	2	netophah (1.00), beth-lehem (0.06), fourscore (0.05), eight (0.02)	Esdras 2:22 — The men of Netophah, fifty and six.
quefira	2	kirjath-arim (0.67), chephirah (0.67), beeroth (0.50), kirjath-jearim (0.11)	Esdras 2:25 — The children of Kirjath-arim, Chephirah, and Beeroth, seven hundred and forty and three.
senaá	2	senaah (1.00), nine (0.03), thirty (0.02), six (0.01)	Esdras 2:35 — The children of Senaah, three thousand and six hundred and thirty.
hatita	2	hatita (1.00), shobai (1.00), ater (0.57), talmon (0.57)	Esdras 2:42 — The children of the porters: the children of Shallum, the children of Ater, the children of Talmon, the children of Akkub, the children of Hatita, the
sobai	2	hatita (1.00), shobai (1.00), ater (0.57), talmon (0.57)	Esdras 2:42 — The children of the porters: the children of Shallum, the children of Ater, the children of Talmon, the children of Akkub, the children of Hatita, the
hasufa	2	tabbaoth (1.00), ziha (0.80), hasupha (0.67), hashupha (0.67)	Esdras 2:43 — The Nethinims: the children of Ziha, the children of Hasupha, the children of Tabbaoth,
tabaote	2	tabbaoth (1.00), ziha (0.80), hasupha (0.67), hashupha (0.67)	Esdras 2:43 — The Nethinims: the children of Ziha, the children of Hasupha, the children of Tabbaoth,
padom	2	keros (1.00), padon (1.00), siaha (0.67), sia (0.67)	Esdras 2:44 — The children of Keros, the children of Siaha, the children of Padon,
hagaba	2	lebanah (0.67), hagabah (0.67), lebana (0.67), hagaba (0.67)	Esdras 2:45 — The children of Lebanah, the children of Hagabah, the children of Akkub,
gaar	2	gahar (1.00), giddel (0.67), reaiah (0.40), hanan (0.14)	Esdras 2:47 — The children of Giddel, the children of Gahar, the children of Reaiah,
gazão	2	gazzam (1.00), phaseah (0.67), nekoda (0.33), uzza (0.17)	Esdras 2:48 — The children of Rezin, the children of Nekoda, the children of Gazzam,
bacbuque	2	bakbuk (1.00), hakupha (1.00), harhur (1.00), children (0.00)	Esdras 2:51 — The children of Bakbuk, the children of Hakupha, the children of Harhur,
hacufa	2	bakbuk (1.00), hakupha (1.00), harhur (1.00), children (0.00)	Esdras 2:51 — The children of Bakbuk, the children of Hakupha, the children of Harhur,
harur	2	bakbuk (1.00), hakupha (1.00), harhur (1.00), children (0.00)	Esdras 2:51 — The children of Bakbuk, the children of Hakupha, the children of Harhur,
meída	2	mehida (1.00), harsha (1.00), bazluth (0.67), bazlith (0.67)	Esdras 2:52 — The children of Bazluth, the children of Mehida, the children of Harsha,
harsa	2	mehida (1.00), harsha (1.00), bazluth (0.67), bazlith (0.67)	Esdras 2:52 — The children of Bazluth, the children of Mehida, the children of Harsha,
hatifa	2	neziah (1.00), hatipha (1.00), children (0.00)	Esdras 2:54 — The children of Neziah, the children of Hatipha.
sotai	2	sotai (1.00), sophereth (1.00), peruda (0.67), perida (0.67)	Esdras 2:55 — The children of Solomon's servants: the children of Sotai, the children of Sophereth, the children of Peruda,
soferete	2	sotai (1.00), sophereth (1.00), peruda (0.67), perida (0.67)	Esdras 2:55 — The children of Solomon's servants: the children of Sotai, the children of Sophereth, the children of Peruda,
darcom	2	darkon (1.00), jaalah (0.67), giddel (0.67), jaala (0.67)	Esdras 2:56 — The children of Jaalah, the children of Darkon, the children of Giddel,
hatil	2	hattil (1.00), pochereth (1.00), zebaim (1.00), ami (0.67)	Esdras 2:57 — The children of Shephatiah, the children of Hattil, the children of Pochereth of Zebaim, the children of Ami.
poquerete-hazebaim	2	hattil (1.00), pochereth (1.00), zebaim (1.00), ami (0.67)	Esdras 2:57 — The children of Shephatiah, the children of Hattil, the children of Pochereth of Zebaim, the children of Ami.
ami	2	ami (0.67), ammi (0.67), ruhamah (0.67), hattil (0.50)	Esdras 2:57 — The children of Shephatiah, the children of Hattil, the children of Pochereth of Zebaim, the children of Ami.
tel-melá	2	tel-melah (1.00), tel-harsa (0.67), addan (0.67), tel-haresha (0.67)	Esdras 2:59 — And these were they which went up from Tel-melah, Tel-harsa, Cherub, Addan, and Immer: but they could not shew their father's house, and their seed, w
tel-harsa	2	tel-melah (1.00), tel-harsa (0.67), addan (0.67), tel-haresha (0.67)	Esdras 2:59 — And these were they which went up from Tel-melah, Tel-harsa, Cherub, Addan, and Immer: but they could not shew their father's house, and their seed, w
querube	2	tel-melah (1.00), tel-harsa (0.67), addan (0.67), tel-haresha (0.67)	Esdras 2:59 — And these were they which went up from Tel-melah, Tel-harsa, Cherub, Addan, and Immer: but they could not shew their father's house, and their seed, w
habaías	2	habaiah (1.00), koz (0.67), gileadite (0.36), barzillai (0.33)	Esdras 2:61 — And of the children of the priests: the children of Habaiah, the children of Koz, the children of Barzillai; which took a wife of the daughters of Bar
pedágios	2	toll (0.80), endamage (0.67), revenue (0.40), paid (0.18)	Esdras 4:13 — Be it known now unto the king, that, if this city be builded, and the walls set up again, then will they not pay toll, tribute, and custom, and so tho
casifia	2	casiphia (1.00), iddo (0.14), nethinims (0.12), ministers (0.06)	Esdras 8:17 — And I sent them with commandment unto Iddo the chief at the place Casiphia, and I told them what they should say unto Iddo, and to his brethren the Ne
elasa	2	elasah (1.00), gemariah (0.29), elioenai (0.20), jozabad (0.20)	Esdras 10:22 — And of the sons of Pashur; Elioenai, Maaseiah, Ishmael, Nethaneel, Jozabad, and Elasah.
zabai	2	zabbai (1.00), athlai (0.67), bebai (0.29), jehohanan (0.25)	Esdras 10:28 — Of the sons also of Bebai; Jehohanan, Hananiah, Zabbai, and Athlai.
semarias	2	shemariah (0.80), azareel (0.29), malluch (0.25), shelemiah (0.17)	Esdras 10:32 — Benjamin, Malluch, and Shemariah.
bem-aventurança	2	blessedness (0.80), uncircumcision (0.13), reckoned (0.08), plucked (0.07)	Gálatas 4:15 — Where is then the blessedness ye spake of? for I bear you record, that, if it had been possible, ye would have plucked out your own eyes, and have giv
luminar	2	lights (0.10), lesser (0.07), stars (0.03), rule (0.02)	Gênesis 1:16 — And God made two great lights; the greater light to rule the day, and the lesser light to rule the night: he made the stars also.
pisom	2	pison (1.00), compasseth (0.44), havilah (0.40), created (0.02)	Gênesis 2:11 — The name of the first is Pison: that is it which compasseth the whole land of Havilah, where there is gold;
viração	2	cool (0.80), amongst (0.21), walking (0.09), garden (0.05)	Gênesis 3:8 — And they heard the voice of the LORD God walking in the garden in the cool of the day: and Adam and his wife hid themselves from the presence of the L
node	2	nod (1.00), eden (0.10), cain (0.08), east (0.02)	Gênesis 4:16 — And Cain went out from the presence of the LORD, and dwelt in the land of Nod, on the east of Eden.
jabal	2	jabal (1.00), jubal (0.50), organ (0.33), adah (0.31)	Gênesis 4:20 — And Adah bare Jabal: he was the father of such as dwell in tents, and of such as have cattle.
jubal	2	jubal (1.00), organ (0.67), jabal (0.50), handle (0.29)	Gênesis 4:21 — And his brother's name was Jubal: he was the father of all such as handle the harp and organ.
tubalcaim	2	tubal-cain (1.00), instructer (1.00), artificer (0.40), zillah (0.29)	Gênesis 4:22 — And Zillah, she also bare Tubal-cain, an instructer of every artificer in brass and iron: and the sister of Tubal-cain was Naamah.
noema	2	tubal-cain (0.67), instructer (0.67), artificer (0.67), zillah (0.50)	Gênesis 4:22 — And Zillah, she also bare Tubal-cain, an instructer of every artificer in brass and iron: and the sister of Tubal-cain was Naamah.
semeadura	2	seedtime (0.67), sowing (0.50), vintage (0.18), threshing (0.17)	Gênesis 8:22 — While the earth remaineth, seedtime and harvest, and cold and heat, and summer and winter, and day and night shall not cease.
girgaseu	2	girgasite (0.67), girgashites (0.29), jebusite (0.13), amorite (0.13)	Gênesis 10:16 — And the Jebusite, and the Amorite, and the Girgasite,
anrafel	2	amraphel (1.00), ellasar (1.00), tidal (1.00), chedorlaomer (0.57)	Gênesis 14:1 — And it came to pass in the days of Amraphel king of Shinar, Arioch king of Ellasar, Chedorlaomer king of Elam, and Tidal king of nations;
elasar	2	amraphel (1.00), ellasar (1.00), tidal (1.00), chedorlaomer (0.57)	Gênesis 14:1 — And it came to pass in the days of Amraphel king of Shinar, Arioch king of Ellasar, Chedorlaomer king of Elam, and Tidal king of nations;
tidal	2	amraphel (1.00), ellasar (1.00), tidal (1.00), chedorlaomer (0.57)	Gênesis 14:1 — And it came to pass in the days of Amraphel king of Shinar, Arioch king of Ellasar, Chedorlaomer king of Elam, and Tidal king of nations;
atrevi	2	twenty's (0.67), peradventure (0.05), ashes (0.04), dust (0.01)	Gênesis 18:27 — And Abraham answered and said, Behold now, I have taken upon me to speak unto the Lord, which am but dust and ashes:
levedura	2	bake (0.20), pressed (0.11), ithamar (0.09), leaven (0.09)	Gênesis 19:3 — And he pressed upon them greatly; and they turned in unto him, and entered into his house; and he made them a feast, and did bake unleavened bread, an
flecheiro	2	archer (1.00), brigandine (0.67), bendeth (0.50), bend (0.20)	Gênesis 21:20 — And God was with the lad; and he grew, and dwelt in the wilderness, and became an archer.
beer-laai-rói	2	lahai-roi (1.00), isaac (0.03), dwelt (0.02), well (0.01)	Gênesis 24:62 — And Isaac came from the way of the well Lahai-roi; for he dwelt in the south country.
beeri	2	beeri (1.00), judith (0.67), hosea (0.50), bashemath (0.25)	Gênesis 26:34 — And Esau was forty years old when he took to wife Judith the daughter of Beeri the Hittite, and Bashemath the daughter of Elon the Hittite:
galeede	2	galeed (1.00), jegarsahadutha (0.67), heap (0.05), laban (0.05)	Gênesis 31:47 — And Laban called it Jegarsahadutha: but Jacob called it Galeed.
peniel	2	peniel (0.67), halted (0.29), penuel (0.22), thigh (0.09)	Gênesis 32:30 — And Jacob called the name of the place Peniel: for I have seen God face to face, and my life is preserved.
tendão	2	shrank (1.00), sinew (0.50), hollow (0.22), jacob's (0.10)	Gênesis 32:32 — Therefore the children of Israel eat not of the sinew which shrank, which is upon the hollow of the thigh, unto this day: because he touched the hollo
zefô	2	zepho (1.00), omar (0.80), gatam (0.40), teman (0.31)	Gênesis 36:11 — And the sons of Eliphaz were Teman, Omar, Zepho, and Gatam, and Kenaz.
hira	2	hirah (1.00), adullamite (0.80), sheepshearers (0.40), judah's (0.33)	Gênesis 38:1 — And it came to pass at that time, that Judah went down from his brethren, and turned in to a certain Adullamite, whose name was Hirah.
adulamita	2	adullamite (0.80), hirah (0.50), sheepshearers (0.40), judah's (0.33)	Gênesis 38:12 — And in process of time the daughter of Shuah Judah's wife died; and Judah was comforted, and went up unto his sheepshearers to Timnath, he and his fri
puva	2	phuvah (0.67), tolaites (0.67), pua (0.67), punites (0.67)	Gênesis 46:13 — And the sons of Issachar; Tola, and Phuvah, and Job, and Shimron.
serede	2	sered (1.00), jahleel (1.00), sardites (0.67), elonites (0.67)	Gênesis 46:14 — And the sons of Zebulun; Sered, and Elon, and Jahleel.
jaleel	2	sered (1.00), jahleel (1.00), sardites (0.67), elonites (0.67)	Gênesis 46:14 — And the sons of Zebulun; Sered, and Elon, and Jahleel.
hagi	2	haggi (1.00), shuni (1.00), ziphion (0.67), arodi (0.67)	Gênesis 46:16 — And the sons of Gad; Ziphion, and Haggi, Shuni, and Ezbon, Eri, and Arodi, and Areli.
suni	2	haggi (1.00), shuni (1.00), ziphion (0.67), arodi (0.67)	Gênesis 46:16 — And the sons of Gad; Ziphion, and Haggi, Shuni, and Ezbon, Eri, and Arodi, and Areli.
eri	2	eri (1.00), ziphion (0.67), arodi (0.67), ozni (0.67)	Gênesis 46:16 — And the sons of Gad; Ziphion, and Haggi, Shuni, and Ezbon, Eri, and Arodi, and Areli.
areli	2	areli (1.00), ziphion (0.67), arodi (0.67), arod (0.67)	Gênesis 46:16 — And the sons of Gad; Ziphion, and Haggi, Shuni, and Ezbon, Eri, and Arodi, and Areli.
jazeel	2	jahzeel (1.00), guni (0.67), jahzeelites (0.67), gunites (0.67)	Gênesis 46:24 — And the sons of Naphtali; Jahzeel, and Guni, and Jezer, and Shillem.
silém	2	shillem (1.00), jezer (0.80), jezerites (0.67), shillemites (0.67)	Gênesis 46:24 — And the sons of Naphtali; Jahzeel, and Guni, and Jezer, and Shillem.
atade	2	atad (1.00), abel-mizraim (0.67), threshingfloor (0.11), floor (0.09)	Gênesis 50:10 — And they came to the threshingfloor of Atad, which is beyond Jordan, and there they mourned with a great and very sore lamentation: and he made a mour
habacuque	2	habakkuk (1.00), shigionoth (0.67), burden (0.03), prophet (0.01)	Habacuque 1:1 — The burden which Habakkuk the prophet did see.
varredoura	2	drag (0.67), angle (0.50), plenteous (0.14), net (0.10)	Habacuque 1:15 — They take up all of them with the angle, they catch them in their net, and gather them in their drag: therefore they rejoice and are glad.
paânqui	2	paanchi (1.00), pacumeni (0.33), flatter (0.22), pahoran (0.06)	Helamã 1:3 — Now these are their names who did contend for the judgment– seat, who did also cause the people to contend: Pahoran, Paanchi, and Pacumeni.
infatigável	2	unwearied (0.67), unwearyingness (0.50), striving (0.18), numbers (0.08)	Helamã 10:4 — Blessed art thou, Nephi, for those things which thou hast done; for I have beheld how thou hast with unwearyingness declared the word, which I have gi
suntuosas	2	dainty (0.40), lusted (0.33), costly (0.13), flattering (0.11)	Helamã 13:28 — Yea, ye will lift him up, and ye will give unto him of your substance; ye will give unto him of your gold, and of your silver, and ye will clothe him 
oxalá	2	grieve (0.25), weigh (0.22), showing (0.14), sufferings (0.06)	Helamã 13:39 — O ye people of the land, that ye would hear my words! And I pray that the anger of the Lord be turned away from you, and that ye would repent and be s
minoria	2	circumspectly (0.33), lesser (0.14), eighty (0.11), remaining (0.10)	Helamã 16:10 — And thus ended also the eighty and seventh year of the reign of the judges, the more part of the people remaining in their pride and wickedness, and t
lo-ami	2	lo-ammi (0.67), sow (0.04), obtained (0.02), call (0.01)	Oseias 1:9 — Then said God, Call his name Lo-ammi: for ye are not my people, and I will not be your God.
jarebe	2	jareb (1.00), cure (0.29), assyrian (0.11), sickness (0.08)	Oseias 5:13 — When Ephraim saw his sickness, and Judah saw his wound, then went Ephraim to the Assyrian, and sent to king Jareb: yet could he not heal you, nor cure
corruptores	2	corrupters (1.00), revolters (0.40), slanders (0.40), laden (0.17)	Isaías 1:4 — Ah sinful nation, a people laden with iniquity, a seed of evildoers, children that are corrupters: they have forsaken the LORD, they have provoked the
abrasadas	2	folk (0.29), overthrown (0.11), broad (0.05), burned (0.03)	Isaías 1:7 — Your country is desolate, your cities are burned with fire: your land, strangers devour it in your presence, and it is desolate, as overthrown by stra
pepinal	2	cottage (0.50), cucumbers (0.50), besieged (0.08), lodge (0.07)	Isaías 1:8 — And the daughter of Zion is left as a cottage in a vineyard, as a lodge in a garden of cucumbers, as a besieged city.
jaaz	2	elealeh (0.57), jahaz (0.57), nimrim (0.50), horonaim (0.33)	Isaías 15:4 — And Heshbon shall cry, and Elealeh: their voice shall be heard even unto Jahaz: therefore the armed soldiers of Moab shall cry out; his life shall be 
luíte	2	luhith (1.00), mounting (0.67), horonaim (0.67), fugitives (0.33)	Isaías 15:5 — My heart shall cry out for Moab; his fugitives shall flee unto Zoar, an heifer of three years old: for by the mounting up of Luhith with weeping shall
ninrim	2	nimrim (1.00), hay (0.40), horonaim (0.33), elealeh (0.29)	Isaías 15:6 — For the waters of Nimrim shall be desolate: for the hay is withered away, the grass faileth, there is no green thing.
dimom	2	dimon (1.00), escapeth (0.33), lions (0.05), remnant (0.01)	Isaías 15:9 — For the waters of Dimon shall be full of blood: for I will bring more upon Dimon, lions upon him that escapeth of Moab, and upon the remnant of the la
viandantes	2	dedanim (0.67), travelling (0.40), arabia (0.22), companies (0.09)	Isaías 21:13 — The burden upon Arabia. In the forest in Arabia shall ye lodge, O ye travelling companies of Dedanim.
fugidia	2	piercing (0.40), leviathan (0.33), garnished (0.29), crooked (0.20)	Isaías 27:1 — In that day the LORD with his sore and great and strong sword shall punish leviathan the piercing serpent, even leviathan that crooked serpent; and he
áspero	2	rough (0.15), crooked (0.10), transgressors (0.07), straight (0.04)	Isaías 40:4 — Every valley shall be exalted, and every mountain and hill shall be made low: and the crooked shall be made straight, and the rough places plain:
murta	2	shittah (0.67), myrtle (0.50), brier (0.40), thorn (0.22)	Isaías 41:19 — I will plant in the wilderness the cedar, the shittah tree, and the myrtle, and the oil tree; I will set in the desert the fir tree, and the pine, and
préstimo	2	delectable (0.67), profitable (0.14), graven (0.07), molten (0.04)	Isaías 44:9 — They that make a graven image are all of them vanity; and their delectable things shall not profit; and they are their own witnesses; they see not, no
seixo	2	flint (0.40), fountain (0.05), confounded (0.03), standing (0.02)	Isaías 50:7 — For the Lord GOD will help me; therefore shall I not be confounded: therefore have I set my face like a flint, and I know that I shall not be ashamed.
sedimentos	2	dregs (0.50), pleadeth (0.33), wrung (0.29), trembling (0.13)	Isaías 51:17 — Awake, awake, stand up, O Jerusalem, which hast drunk at the hand of the LORD the cup of his fury; thou hast drunken the dregs of the cup of trembling
atordoamento	2	dregs (0.50), pleadeth (0.33), wrung (0.29), trembling (0.13)	Isaías 51:17 — Awake, awake, stand up, O Jerusalem, which hast drunk at the hand of the LORD the cup of his fury; thou hast drunken the dregs of the cup of trembling
roturas	2	repairer (0.67), ashdodites (0.67), restorer (0.50), arabians (0.25)	Isaías 58:12 — And they that shall be of thee shall build the old waste places: thou shalt raise up the foundations of many generations; and thou shalt be called, Th
insondáveis	2	unsearchable (0.50), finding (0.13), depth (0.10), impossible (0.09)	Jacó 4:8 — Behold, great and marvelous are the works of the Lord. How unsearchable are the depths of the mysteries of him; and it is impossible that man should f
ômni	2	omni (1.00), jarom (0.40), genealogy (0.07), somewhat (0.03)	Jarom 1:15 — And I deliver these plates into the hands of my son Omni, that they may be kept according to the commandments of my fathers.
apostasias	2	backslidings (0.67), evenings (0.67), leopard (0.20), wolf (0.18)	Jeremias 2:19 — Thine own wickedness shall correct thee, and thy backslidings shall reprove thee: know therefore and see that it is an evil thing and bitter, that tho
passarinheiros	2	fowlers (0.67), trap (0.33), snares (0.09), catch (0.09)	Jeremias 5:26 — For among my people are found wicked men: they lay wait, as he that setteth snares; they set a trap, they catch men.
bete-haquerém	2	beth-haccerem (1.00), tekoa (0.25), malchiah (0.18), rechab (0.13)	Jeremias 6:1 — O ye children of Benjamin, gather yourselves to flee out of the midst of Jerusalem, and blow the trumpet in Tekoa, and set up a sign of fire in Beth-h
encantamento	2	cockatrices (0.67), charmed (0.50), enchantment (0.40), bite (0.22)	Jeremias 8:17 — For, behold, I will send serpents, cockatrices, among you, which will not be charmed, and they shall bite you, saith the LORD.
valentia	2	camels' (0.40), zebah (0.18), zalmunna (0.18), ornaments (0.11)	Jeremias 9:23 — Thus saith the LORD, Let not the wise man glory in his wisdom, neither let the mighty man glory in his might, let not the rich man glory in his riches
ornato	2	gray (0.25), principalities (0.15), beauty (0.03), queen (0.03)	Jeremias 13:18 — Say unto the king and to the queen, Humble yourselves, sit down: for your principalities shall come down, even the crown of your glory.
magor-missabibe	2	magor-missabib (0.67), defaming (0.67), familiars (0.67), halting (0.67)	Jeremias 20:3 — And it came to pass on the morrow, that Pashur brought forth Jeremiah out of the stocks. Then said Jeremiah unto him, The LORD hath not called thy nam
sesaque	2	sheshach (1.00), surprised (0.33), astonishment (0.05), kingdoms (0.02)	Jeremias 25:26 — And all the kings of the north, far and near, one with another, and all the kingdoms of the world, which are upon the face of the earth: and the king 
morastita	2	morasthite (1.00), plowed (0.29), micah (0.14), heaps (0.08)	Jeremias 26:18 — Micah the Morasthite prophesied in the days of Hezekiah king of Judah, and spake to all the people of Judah, saying, Thus saith the LORD of hosts; Zio
colaías	2	kolaiah (1.00), joed (0.67), ithiel (0.50), jesaiah (0.50)	Jeremias 29:21 — Thus saith the LORD of hosts, the God of Israel, of Ahab the son of Kolaiah, and of Zedekiah the son of Maaseiah, which prophesy a lie unto you in my 
jucal	2	jehucal (0.67), jucal (0.67), mattan (0.40), shelemiah (0.33)	Jeremias 37:3 — And Zedekiah the king sent Jehucal the son of Shelemiah and Zephaniah the son of Maaseiah the priest to the prophet Jeremiah, saying, Pray now unto th
rabe-mague	2	nergal-sharezer (1.00), rab-saris (1.00), rab-mag (1.00), samgar-nebo (0.67)	Jeremias 39:3 — And all the princes of the king of Babylon came in, and sat in the middle gate, even Nergal-sharezer, Samgar-nebo, Sarsechim, Rab-saris, Nergal-sharez
jezanias	2	jezaniah (1.00), ephai (0.67), tanhumeth (0.50), hoshaiah (0.40)	Jeremias 40:8 — Then they came to Gedaliah to Mizpah, even Ishmael the son of Nethaniah, and Johanan and Jonathan the sons of Kareah, and Seraiah the son of Tanhumeth
impenetrável	2	impenetrable (0.67), understandings (0.29), grasshoppers (0.22), innumerable (0.13)	Jeremias 46:23 — They shall cut down her forest, saith the LORD, though it cannot be searched; because they are more than the grasshoppers, and are innumerable.
canaviais	2	spearmen (0.50), passages (0.18), bulls (0.18), reeds (0.15)	Jeremias 51:32 — And that the passages are stopped, and the reeds they have burned with fire, and the men of war are affrighted.
excelsas	2	folk (0.29), reacheth (0.13), faithfulness (0.06), broad (0.05)	Jeremias 51:58 — Thus saith the LORD of hosts; The broad walls of Babylon shall be utterly broken, and her high gates shall be burned with fire; and the people shall l
apalpadelas	2	grope (0.67), stagger (0.33), daytime (0.18), noonday (0.17)	Jó 5:14 — They meet with darkness in the daytime, and grope in the noonday as in the night.
viçoso	2	shooteth (0.40), green (0.09), branch (0.03), pleasant (0.03)	Jó 8:16 — He is green before the sun, and his branch shooteth forth in his garden.
domésticos	2	alien (0.29), beelzebub (0.22), maids (0.18), count (0.07)	Jó 19:15 — They that dwell in mine house, and my maids, count me for a stranger: I am an alien in their sight.
excelsos	2	choirs (0.50), period (0.15), rid (0.13), immortal (0.12)	Jó 21:22 — Shall any teach God knowledge? seeing he judgeth those that are high.
tutano	2	moistened (0.67), marrow (0.31), fatness (0.09), breasts (0.06)	Jó 21:24 — His breasts are full of milk, and his bones are moistened with marrow.
baraquel	2	barachel (1.00), buzite (1.00), opinion (0.33), elihu (0.27)	Jó 32:2 — Then was kindled the wrath of Elihu the son of Barachel the Buzite, of the kindred of Ram: against Job was his wrath kindled, because he justified him
buzita	2	barachel (1.00), buzite (1.00), opinion (0.33), elihu (0.27)	Jó 32:2 — Then was kindled the wrath of Elihu the son of Barachel the Buzite, of the kindred of Ram: against Job was his wrath kindled, because he justified him
sombrosas	2	shady (1.00), fens (0.67), willows (0.29), covert (0.17)	Jó 40:21 — He lieth under the shady trees, in the covert of the reed, and fens.
pestanas	2	neesings (0.67), eyelids (0.36), slumber (0.13), shine (0.04)	Jó 41:18 — By his neesings a light doth shine, and his eyes are like the eyelids of the morning.
samaritana	2	askest (0.50), dealings (0.29), samaritans (0.25), jew (0.05)	João 4:9 — Then saith the woman of Samaria unto him, How is it that thou, being a Jew, askest drink of me, which am a woman of Samaria? for the Jews have no deal
perguntai-lho	2	age (0.05), parents (0.04), seeth (0.03), means (0.02)	João 9:21 — But by what means he now seeth, we know not; or who hath opened his eyes, we know not: he is of age; ask him: he shall speak for himself.
vô-la	2	troubled (0.02), taketh (0.02), sorrow (0.02), giveth (0.01)	João 14:27 — Peace I leave with you, my peace I give unto you: not as the world giveth, give I unto you. Let not your heart be troubled, neither let it be afraid.
puseram-lha	2	platted (0.80), knee (0.15), mocked (0.07), thorns (0.07)	João 19:2 — And the soldiers platted a crown of thorns, and put it on his head, and they put on him a purple robe,
cleofas	2	cleophas (0.67), cleopas (0.67), magdalene (0.14), answering (0.06)	João 19:25 — Now there stood by the cross of Jesus his mother, and his mother's sister, Mary the wife of Cleophas, and Mary Magdalene.
apavorados	2	faint (0.07), terror (0.05), truly (0.02), inhabitants (0.01)	Josué 2:9 — And she said unto the men, I know that the LORD hath given you the land, and that your terror is fallen upon us, and that all the inhabitants of the l
cefira	2	chephirah (0.67), mozah (0.67), beeroth (0.25), kirjath-jearim (0.11)	Josué 9:17 — And the children of Israel journeyed, and came unto their cities on the third day. Now their cities were Gibeon, and Chephirah, and Beeroth, and Kirja
adoni-zedeque	2	adoni-zedek (1.00), hoham (0.67), piram (0.67), japhia (0.29)	Josué 10:1 — Now it came to pass, when Adoni-zedek king of Jerusalem had heard how Joshua had taken Ai, and had utterly destroyed it; as he had done to Jericho and
madom	2	madon (1.00), achshaph (0.40), shimron (0.29), jabin (0.25)	Josué 11:1 — And it came to pass, when Jabin king of Hazor had heard those things, that he sent to Jobab king of Madon, and to the king of Shimron, and to the king
merom	2	merom (1.00), suddenly (0.04), met (0.03), pitched (0.02)	Josué 11:5 — And when all these kings were met together, they came and pitched together at the waters of Merom, to fight against Israel.
misrefote-maim	2	misrephoth-maim (1.00), sidonians (0.29), chased (0.13), remaining (0.10)	Josué 11:8 — And the LORD delivered them into the hand of Israel, who smote them, and chased them unto great Zidon, and unto Misrephoth-maim, and unto the valley o
halaque	2	halak (1.00), baal-gad (0.80), hermon (0.13), seir (0.10)	Josué 11:17 — Even from the mount Halak, that goeth up to Seir, even unto Baal-gad in the valley of Lebanon under mount Hermon: and all their kings he took, and smo
anabe	2	anab (1.00), eshtemoh (0.67), anim (0.67), anakims (0.18)	Josué 11:21 — And at that time came Joshua, and cut off the Anakims from the mountains, from Hebron, from Debir, from Anab, and from all the mountains of Judah, and
afeca	2	mearah (0.67), janum (0.67), beth-tappuah (0.67), aphekah (0.67)	Josué 13:4 — From the south, all the land of the Canaanites, and Mearah that is beside the Sidonians, unto Aphek, to the borders of the Amorites:
jasa	2	jahazah (0.40), kedemoth (0.33), mephaath (0.33), jahaz (0.29)	Josué 13:18 — And Jahazah, and Kedemoth, and Mephaath,
evi	2	evi (1.00), reba (1.00), rekem (0.57), zur (0.57)	Josué 13:21 — And all the cities of the plain, and all the kingdom of Sihon king of the Amorites, which reigned in Heshbon, whom Moses smote with the princes of Mid
boã	2	bohan (1.00), beth-hogla (0.67), geliloth (0.67), en-shemesh (0.50)	Josué 15:6 — And the border went up to Beth-hogla, and passed along by the north of Beth-arabah; and the border went up to the stone of Bohan the son of Reuben:
adumim	2	adummim (1.00), en-shemesh (1.00), geliloth (0.67), bohan (0.50)	Josué 15:7 — And the border went up toward Debir from the valley of Achor, and so northward, looking toward Gilgal, that is before the going up to Adummim, which i
en-rogel	2	en-rogel (0.67), adummim (0.50), en-shemesh (0.50), jebusi (0.50)	Josué 15:7 — And the border went up toward Debir from the valley of Achor, and so northward, looking toward Gilgal, that is before the going up to Adummim, which i
neftoa	2	nephtoah (1.00), baalah (0.29), kirjath-jearim (0.21), ephron (0.15)	Josué 15:9 — And the border was drawn from the top of the hill unto the fountain of the water of Nephtoah, and went out to the cities of mount Ephron; and the bord
jabneel	2	jabneel (1.00), shicron (0.67), heleph (0.67), zaanannim (0.67)	Josué 15:11 — And the border went out unto the side of Ekron northward: and the border was drawn to Shicron, and passed along to mount Baalah, and went out unto Jab
eltolade	2	eltolad (1.00), chesil (0.67), bethul (0.67), hormah (0.36)	Josué 15:30 — And Eltolad, and Chesil, and Hormah,
asná	2	ashnah (1.00), zoreah (0.67), jiphtah (0.67), nezib (0.67)	Josué 15:33 — And in the valley, Eshtaol, and Zoreah, and Ashnah,
bete-dagom	2	beth-dagon (1.00), beth-emek (0.67), neiel (0.67), gederoth (0.50)	Josué 15:41 — And Gederoth, Beth-dagon, and Naamah, and Makkedah; sixteen cities with their villages:
eter	2	ashan (0.67), remmon (0.67), ain (0.29), ether (0.17)	Josué 15:42 — Libnah, and Ether, and Ashan,
jutá	2	juttah (1.00), maon (0.29), ain (0.29), ziph (0.18)	Josué 15:55 — Maon, Carmel, and Ziph, and Juttah,
quiriate-baal	2	kirjath-baal (1.00), kirjath-jearim (0.21), rabbah (0.14), beth-horon (0.13)	Josué 15:60 — Kirjath-baal, which is Kirjath-jearim, and Rabbah; two cities with their villages:
atarote-adar	2	ataroth-addar (0.67), ataroth-adar (0.67), beth-horon (0.27), luz (0.22)	Josué 16:5 — And the border of the children of Ephraim according to their families was thus: even the border of their inheritance on the east side was Ataroth-adda
micmetá	2	michmethah (1.00), taanath-shiloh (0.67), en-tappuah (0.67), janohah (0.50)	Josué 16:6 — And the border went out toward the sea to Michmethah on the north side; and the border went about eastward unto Taanath-shiloh, and passed by it on th
efraimitas	2	ephraimites (0.67), ephraimite (0.67), gileadites (0.33), passages (0.18)	Josué 16:10 — And they drave not out the Canaanites that dwelt in Gezer: but the Canaanites dwell among the Ephraimites unto this day, and serve under tribute.
heleque	2	helek (1.00), jeezer (0.67), jeezerites (0.67), helekites (0.67)	Josué 17:2 — There was also a lot for the rest of the children of Manasseh by their families; for the children of Abiezer, and for the children of Helek, and for t
ibleã	2	ibleam (0.80), beth-shean (0.57), dor (0.50), taanach (0.50)	Josué 17:11 — And Manasseh had in Issachar and in Asher Beth-shean and her towns, and Ibleam and her towns, and the inhabitants of Dor and her towns, and the inhabi
arabá	2	arabah (1.00), along (0.05), northward (0.03), passed (0.01)	Josué 18:18 — And passed along toward the side over against Arabah northward, and went down unto Arabah:
saride	2	sarid (1.00), chisloth-tabor (0.67), daberath (0.50), japhia (0.29)	Josué 19:10 — And the third lot came up for the children of Zebulun according to their families: and the border of their inheritance was unto Sarid:
iftá-el	2	jiphthah-el (1.00), hannathon (0.67), beth-emek (0.67), neiel (0.67)	Josué 19:14 — And the border compasseth it on the north side to Hannathon: and the outgoings thereof are in the valley of Jiphthah-el:
naalal	2	kattath (0.67), nahallal (0.67), idalah (0.67), dimnah (0.67)	Josué 19:15 — And Kattath, and Nahallal, and Shimron, and Idalah, and Beth-lehem: twelve cities with their villages.
quisiom	2	rabbith (0.67), kishion (0.67), abez (0.67), dabareh (0.67)	Josué 19:20 — And Rabbith, and Kishion, and Abez,
helcate	2	helkath (1.00), hali (0.67), beten (0.67), achshaph (0.40)	Josué 19:25 — And their border was Helkath, and Hali, and Beten, and Achshaph,
misal	2	alammelech (0.67), amad (0.67), misheal (0.67), shihor-libnath (0.67)	Josué 19:26 — And Alammelech, and Amad, and Misheal; and reacheth to Carmel westward, and to Shihor-libnath;
elteque	2	eltekeh (1.00), gibbethon (0.57), baalath (0.40), dan (0.03)	Josué 19:44 — And Eltekeh, and Gibbethon, and Baalath,
lesém	2	leshem (1.00), coast (0.04), edge (0.04), too (0.03)	Josué 19:47 — And the coast of the children of Dan went out too little for them: therefore the children of Dan went up to fight against Leshem, and took it, and smo
timnate-sera	2	timnath-serah (1.00), gaash (0.33), ephraim (0.02), hill (0.02)	Josué 19:50 — According to the word of the LORD they gave him the city which he asked, even Timnath-serah in mount Ephraim: and he built the city, and dwelt therein
cartã	2	hammoth-dor (0.67), kartan (0.67), kartah (0.67), jokneam (0.33)	Josué 21:32 — And out of the tribe of Naphtali, Kedesh in Galilee with her suburbs, to be a city of refuge for the slayer; and Hammoth-dor with her suburbs, and Kar
ilhargas	2	scourges (0.67), traps (0.50), pricks (0.33), certainty (0.18)	Josué 23:13 — Know for a certainty that the LORD your God will no more drive out any of these nations from before you; but they shall be snares and traps unto you, 
vermont	2	windsor (1.00), vermont (1.00), thereabouts (1.00), twenty-third (0.67)	Joseph Smith—História 1:3 — I was born in the year of our Lord one thousand eight hundred and five, on the twenty-third day of December, in the town of Sharon, Windsor county, St
wayne	2	wayne (1.00), palmyra (0.80), windsor (0.67), vermont (0.67)	Joseph Smith—História 1:3 — I was born in the year of our Lord one thousand eight hundred and five, on the twenty-third day of December, in the town of Sharon, Windsor county, St
mack	2	mack (1.00), november (1.00), 19th (1.00), 26th (1.00)	Joseph Smith—História 1:4 — His family consisting of eleven souls, namely, my father, Joseph Smith; my mother , Lucy Smith (whose name, previous to her marriage, was Mack, daught
harrison	2	lucy (1.00), harrison (1.00), sophronia (1.00), mack (0.67)	Joseph Smith—História 1:4 — His family consisting of eleven souls, namely, my father, Joseph Smith; my mother , Lucy Smith (whose name, previous to her marriage, was Mack, daught
sophronia	2	lucy (1.00), harrison (1.00), sophronia (1.00), mack (0.67)	Joseph Smith—História 1:4 — His family consisting of eleven souls, namely, my father, Joseph Smith; my mother , Lucy Smith (whose name, previous to her marriage, was Mack, daught
presbiteriana	2	presbyterian (1.00), unusual (0.67), district (0.67), proselyted (0.67)	Joseph Smith—História 1:5 — Some time in the second year after our removal to Manchester, there was in the place where we lived an unusual excitement on the subject of religion. 
chenango	2	chenango (1.00), stoal (0.80), 1825 (0.67), spaniards (0.67)	Joseph Smith—História 1:56 — In the year 1823 my father’s family met with a great affliction by the death of my eldest brother, Alvin . In the month of October, 1825, I hired with
hale	2	1827 (1.00), 18th (1.00), january (1.00), hale (0.50)	Joseph Smith—História 1:57 — During the time that I was thus employed, I was put to board with a Mr. Isaac Hale, of that place; it was there I first saw my wife (his daughter), Em
insistência	2	assert (0.67), squire (0.67), tarbill (0.67), bainbridge (0.67)	Joseph Smith—História 1:58 — Owing to my continuing to assert that I had seen a vision, persecution still followed me, and my wife’s father’s family were very much opposed to our 
boquim	2	bochim (1.00), sacrificed (0.05), gilgal (0.04), sware (0.02)	Juízes 2:1 — And an angel of the LORD came up from Gilgal to Bochim, and said, I made you to go up out of Egypt, and have brought you unto the land which I sware u
sangar	2	shamgar (1.00), anath (1.00), goad (0.67), unoccupied (0.67)	Juízes 3:31 — And after him was Shamgar the son of Anath, which slew of the Philistines six hundred men with an ox goad: and he also delivered Israel.
anate	2	shamgar (1.00), anath (1.00), goad (0.67), unoccupied (0.67)	Juízes 3:31 — And after him was Shamgar the son of Anath, which slew of the Philistines six hundred men with an ox goad: and he also delivered Israel.
hobabe	2	hobab (1.00), zaanaim (0.67), raguel (0.67), midianite (0.67)	Juízes 4:11 — Now Heber the Kenite, which was of the children of Hobab the father in law of Moses, had severed himself from the Kenites, and pitched his tent unto t
purá	2	phurah (1.00), outside (0.20), armed (0.04), strengthened (0.04)	Juízes 7:10 — But if thou fear to go down, go thou with Phurah thy servant down to the host:
bete-bara	2	beth-barah (1.00), midianites (0.08), gideon (0.03), messengers (0.03)	Juízes 7:24 — And Gideon sent messengers throughout all mount Ephraim, saying, Come down against the Midianites, and take before them the waters unto Beth-barah and
jogbeá	2	jogbehah (1.00), atroth (0.67), shophan (0.67), nobah (0.50)	Juízes 8:11 — And Gideon went up by the way of them that dwelt in tents on the east of Nobah and Jogbehah, and smote the host: for the host was secure.
baal-berite	2	baal-berith (1.00), whoring (0.10), baalim (0.10), hired (0.05)	Juízes 8:33 — And it came to pass, as soon as Gideon was dead, that the children of Israel turned again, and went a whoring after Baalim, and made Baal-berith their
beer	2	beer (1.00), jotham (0.07), abimelech (0.03), ran (0.03)	Juízes 9:21 — And Jotham ran away, and fled, and went to Beer, and dwelt there, for fear of Abimelech his brother.
havote-jair	2	havoth-jair (1.00), colts (0.40), jair (0.17), rode (0.12)	Juízes 10:4 — And he had thirty sons that rode on thirty ass colts, and they had thirty cities, which are called Havoth-jair unto this day, which are in the land of
ibzã	2	ibzan (1.00), beth-lehem (0.13), buried (0.02), judged (0.02)	Juízes 12:8 — And after him Ibzan of Beth-lehem judged Israel.
zebulonita	2	zebulonite (1.00), elon (0.44), aijalon (0.22), zebulun (0.04)	Juízes 12:11 — And after him Elon, a Zebulonite, judged Israel; and he judged Israel ten years.
hilel	2	hillel (1.00), pirathon (0.67), pirathonite (0.57), abdon (0.40)	Juízes 12:13 — And after him Abdon the son of Hillel, a Pirathonite, judged Israel.
lagarto	2	weasel (0.67), tortoise (0.67), ferret (0.67), chameleon (0.67)	Levítico 11:29 — These also shall be unclean unto you among the creeping things that creep upon the earth; the weasel, and the mouse, and the tortoise after his kind,
lagartixa	2	ferret (0.67), chameleon (0.67), lizard (0.67), mole (0.67)	Levítico 11:30 — And the ferret, and the chameleon, and the lizard, and the snail, and the mole.
esmaecida	2	lower (0.15), hairs (0.11), dark (0.06), somewhat (0.06)	Levítico 13:21 — But if the priest look on it, and, behold, there be no white hairs therein, and if it be not lower than the skin, but be somewhat dark; then the pries
impigens	2	scurvy (1.00), scabbed (1.00), crookbackt (0.67), dwarf (0.67)	Levítico 21:20 — Or crookbackt, or a dwarf, or that hath a blemish in his eye, or be scurvy, or scabbed, or hath his stones broken;
esli	2	naum (1.00), esli (1.00), nagge (1.00), mattathias (0.67)	Lucas 3:25 — Which was the son of Mattathias, which was the son of Amos, which was the son of Naum, which was the son of Esli, which was the son of Nagge,
nagai	2	mattathias (1.00), naum (0.67), esli (0.67), nagge (0.67)	Lucas 3:25 — Which was the son of Mattathias, which was the son of Amos, which was the son of Naum, which was the son of Esli, which was the son of Nagge,
semei	2	maath (1.00), semei (1.00), mattathias (0.67), juda (0.20)	Lucas 3:26 — Which was the son of Maath, which was the son of Mattathias, which was the son of Semei, which was the son of Joseph, which was the son of Juda,
jodá	2	maath (0.67), semei (0.67), rhesa (0.67), neri (0.67)	Lucas 3:26 — Which was the son of Maath, which was the son of Mattathias, which was the son of Semei, which was the son of Joseph, which was the son of Juda,
resa	2	rhesa (1.00), neri (1.00), joanna (0.50), zorobabel (0.50)	Lucas 3:27 — Which was the son of Joanna, which was the son of Rhesa, which was the son of Zorobabel, which was the son of Salathiel, which was the son of Neri,
neri	2	rhesa (0.67), neri (0.67), addi (0.67), cosam (0.67)	Lucas 3:27 — Which was the son of Joanna, which was the son of Rhesa, which was the son of Zorobabel, which was the son of Salathiel, which was the son of Neri,
cosã	2	addi (1.00), cosam (1.00), elmodam (1.00), melchi (0.67)	Lucas 3:28 — Which was the son of Melchi, which was the son of Addi, which was the son of Cosam, which was the son of Elmodam, which was the son of Er,
elmadã	2	addi (1.00), cosam (1.00), elmodam (1.00), melchi (0.67)	Lucas 3:28 — Which was the son of Melchi, which was the son of Addi, which was the son of Cosam, which was the son of Elmodam, which was the son of Er,
jorim	2	jose (1.00), jorim (1.00), matthat (0.67), eliezer (0.13)	Lucas 3:29 — Which was the son of Jose, which was the son of Eliezer, which was the son of Jorim, which was the son of Matthat, which was the son of Levi,
jonã	2	jonan (1.00), juda (0.20), eliakim (0.13), simeon (0.04)	Lucas 3:30 — Which was the son of Simeon, which was the son of Juda, which was the son of Joseph, which was the son of Jonan, which was the son of Eliakim,
meleá	2	melea (1.00), menan (1.00), mattatha (1.00), nathan (0.05)	Lucas 3:31 — Which was the son of Melea, which was the son of Menan, which was the son of Mattatha, which was the son of Nathan, which was the son of David,
mená	2	melea (1.00), menan (1.00), mattatha (1.00), nathan (0.05)	Lucas 3:31 — Which was the son of Melea, which was the son of Menan, which was the son of Mattatha, which was the son of Nathan, which was the son of David,
nacor	2	thara (0.67), saruch (0.67), ragau (0.67), phalec (0.67)	Lucas 3:34 — Which was the son of Jacob, which was the son of Isaac, which was the son of Abraham, which was the son of Thara, which was the son of Nachor,
seruque	2	saruch (1.00), ragau (1.00), phalec (1.00), sala (1.00)	Lucas 3:35 — Which was the son of Saruch, which was the son of Ragau, which was the son of Phalec, which was the son of Heber, which was the son of Sala,
ragaú	2	saruch (1.00), ragau (1.00), phalec (1.00), sala (1.00)	Lucas 3:35 — Which was the son of Saruch, which was the son of Ragau, which was the son of Phalec, which was the son of Heber, which was the son of Sala,
faleque	2	saruch (1.00), ragau (1.00), phalec (1.00), sala (1.00)	Lucas 3:35 — Which was the son of Saruch, which was the son of Ragau, which was the son of Phalec, which was the son of Heber, which was the son of Sala,
maleleel	2	mathusala (1.00), maleleel (1.00), cainan (0.13), enoch (0.03)	Lucas 3:37 — Which was the son of Mathusala, which was the son of Enoch, which was the son of Jared, which was the son of Maleleel, which was the son of Cainan,
pináculo	2	pinnacle (1.00), setteth (0.08), hence (0.04), taketh (0.02)	Lucas 4:9 — And he brought him to Jerusalem, and set him on a pinnacle of the temple, and said unto him, If thou be the Son of God, cast thyself down from hence:
marítima	2	nephthalim (0.50), zabulon (0.40), leaving (0.12), capernaum (0.11)	Lucas 6:17 — And he came down with them, and stood in the plain, and the company of his disciples, and a great multitude of people out of all Judaea and Jerusalem,
joana	2	joanna (0.80), chuza (0.67), susanna (0.67), herod's (0.33)	Lucas 8:3 — And Joanna the wife of Chuza Herod's steward, and Susanna, and many others, which ministered unto him of their substance.
jairo	2	jairus (1.00), jesus' (0.17), synagogue (0.08), besought (0.04)	Lucas 8:41 — And, behold, there came a man named Jairus, and he was a ruler of the synagogue: and he fell down at Jesus' feet, and besought him that he would come 
corazim	2	chorazin (1.00), bethsaida (0.44), ago (0.27), tyre (0.11)	Lucas 10:13 — Woe unto thee, Chorazin! woe unto thee, Bethsaida! for if the mighty works had been done in Tyre and Sidon, which have been done in you, they had a gr
hospedeiro	2	spendest (0.67), quartus (0.67), saluteth (0.33), erastus (0.33)	Lucas 10:35 — And on the morrow when he departed, he took out two pence, and gave them to the host, and said unto him, Take care of him; and whatsoever thou spendes
abrir-se-vos-á	2	knock (0.22), opened (0.02), find (0.02), ask (0.02)	Lucas 11:9 — And I say unto you, Ask, and it shall be given you; seek, and ye shall find; knock, and it shall be opened unto you.
ninivitas	2	ninevites (0.67), jonas (0.31), nineveh (0.11), condemn (0.05)	Lucas 11:30 — For as Jonas was a sign unto the Ninevites, so shall also the Son of man be to this generation.
dracma	2	sweep (0.25), candle (0.11), piece (0.09), neighbours (0.09)	Lucas 15:8 — Either what woman having ten pieces of silver, if she lose one piece, doth not light a candle, and sweep the house, and seek diligently till she find 
tadeu	2	thaddaeus (1.00), bartholomew (0.67), lebbaeus (0.67), alphaeus (0.57)	Marcos 3:18 — And Andrew, and Philip, and Bartholomew, and Matthew, and Thomas, and James the son of Alphaeus, and Thaddaeus, and Simon the Canaanite,
sedução	2	deceitfulness (0.80), choke (0.80), unfruitful (0.40), cares (0.29)	Marcos 4:19 — And the cares of this world, and the deceitfulness of riches, and the lusts of other things entering in, choke the word, and it becometh unfruitful.
infrutífera	2	deceitfulness (0.80), choke (0.80), unfruitful (0.40), cares (0.29)	Marcos 4:19 — And the cares of this world, and the deceitfulness of riches, and the lusts of other things entering in, choke the word, and it becometh unfruitful.
genezaré	2	gennesaret (0.80), shore (0.09), drew (0.02), passed (0.01)	Marcos 6:53 — And when they had passed over, they came into the land of Gennesaret, and drew to the shore.
sobreaviso	2	foretold (0.33), councils (0.29), beaten (0.05), synagogues (0.04)	Marcos 13:9 — But take heed to yourselves: for they shall deliver you up to councils; and in the synagogues ye shall be beaten: and ye shall be brought before ruler
getsêmani	2	gethsemane (1.00), yonder (0.20), named (0.03), sit (0.03)	Marcos 14:32 — And they came to a place which was named Gethsemane: and he saith to his disciples, Sit ye here, while I shall pray.
eloí	2	eloi (1.00), sabachthani (0.67), lama (0.50), interpreted (0.12)	Marcos 15:34 — And at the ninth hour Jesus cried with a loud voice, saying, Eloi, Eloi, lama sabachthani? which is, being interpreted, My God, my God, why hast thou 
sabactâni	2	sabachthani (1.00), lama (0.80), eloi (0.67), interpreted (0.11)	Marcos 15:34 — And at the ninth hour Jesus cried with a loud voice, saying, Eloi, Eloi, lama sabachthani? which is, being interpreted, My God, my God, why hast thou 
salomé	2	salome (1.00), magdalene (0.29), joses (0.25), mary (0.08)	Marcos 15:40 — There were also women looking on afar off: among whom was Mary Magdalene, and Mary the mother of James the less and of Joses, and Salome;
azor	2	azor (1.00), abiud (0.67), sadoc (0.67), achim (0.67)	Mateus 1:13 — And Zorobabel begat Abiud; and Abiud begat Eliakim; and Eliakim begat Azor;
sadoque	2	sadoc (1.00), achim (1.00), azor (0.67), eliud (0.67)	Mateus 1:14 — And Azor begat Sadoc; and Sadoc begat Achim; and Achim begat Eliud;
aquim	2	sadoc (1.00), achim (1.00), azor (0.67), eliud (0.67)	Mateus 1:14 — And Azor begat Sadoc; and Sadoc begat Achim; and Achim begat Eliud;
eliúde	2	eliud (1.00), sadoc (0.67), achim (0.67), matthan (0.67)	Mateus 1:14 — And Azor begat Sadoc; and Sadoc begat Achim; and Achim begat Eliud;
flautistas	2	minstrels (0.67), musicians (0.67), pipers (0.67), ruler's (0.50)	Mateus 9:23 — And when Jesus came into the ruler's house, and saw the minstrels and the people making a noise,
ardil	2	intended (0.67), imagined (0.29), mischievous (0.29), subtilty (0.25)	Mateus 26:4 — And consulted that they might take Jesus by subtilty, and kill him.
jason	2	jashon (1.00), ammaron (0.22), deposited (0.20), retreat (0.14)	Mórmon 2:16 — And it came to pass that in the three hundred and forty and fifth year the Nephites did begin to flee before the Lamanites; and they were pursued unti
terminantemente	2	commander (0.25), manifestations (0.22), idle (0.11), leader (0.06)	Mórmon 3:11 — And it came to pass that I, Mormon, did utterly refuse from this time forth to be a commander and a leader of this people, because of their wickedness
bravura	2	torturing (0.67), bravery (0.40), eightieth (0.33), cruel (0.09)	Mórmon 5:6 — And it came to pass that in the three hundred and eightieth year the Lamanites did come again against us to battle, and we did stand against them bold
fisicamente	2	naturally (0.57), sphere (0.40), spiritually (0.11), herb (0.06)	Moisés 3:5 — And every plant of the field before it was in the earth, and every herb of the field before it grew. For I, the Lord God, created all things, of which
hem	2	helem (0.80), tobijah (0.40), amaleki (0.25), hem (0.20)	Mosias 7:6 — And Ammon took three of his brethren, and their names were Amaleki, Helem, and Hem, and they went down into the land of Nephi.
pecaminoso	2	sinful (0.29), working (0.07), carnal (0.06), separate (0.05)	Mosias 26:4 — And they would not be baptized; neither would they join the church. And they were a separate people as to their faith, and remained so ever after, eve
hacalias	2	hachaliah (1.00), zidkijah (0.67), chisleu (0.50), nehemiah (0.40)	Neemias 1:1 — The words of Nehemiah the son of Hachaliah. And it came to pass in the month Chisleu, in the twentieth year, as I was in Shushan the palace,
quisleu	2	chisleu (1.00), hachaliah (0.50), nehemiah (0.20), shushan (0.10)	Neemias 1:1 — The words of Nehemiah the son of Hachaliah. And it came to pass in the month Chisleu, in the twentieth year, as I was in Shushan the palace,
meá	2	meah (1.00), hananeel (0.67), eliashib (0.12), tower (0.05)	Neemias 3:1 — Then Eliashib the high priest rose up with his brethren the priests, and they builded the sheep gate; they sanctified it, and set up the doors of it; 
tecoítas	2	tekoites (1.00), ophel (0.29), repaired (0.10), necks (0.07)	Neemias 3:5 — And next unto them the Tekoites repaired; but their nobles put not their necks to the work of their Lord.
hasabneias	2	hashabniah (1.00), harumaph (0.67), pethahiah (0.33), hattush (0.29)	Neemias 3:10 — And next unto them repaired Jedaiah the son of Harumaph, even over against his house. And next unto him repaired Hattush the son of Hashabniah.
hasube	2	hashub (0.67), ananiah (0.50), furnaces (0.40), malchijah (0.25)	Neemias 3:11 — Malchijah the son of Harim, and Hashub the son of Pahath-moab, repaired the other piece, and the tower of the furnaces.
haloés	2	halohesh (0.67), hallohesh (0.67), pileha (0.67), shobek (0.67)	Neemias 3:12 — And next unto him repaired Shallum the son of Halohesh, the ruler of the half part of Jerusalem, he and his daughters.
asdoditas	2	ashdodites (0.67), arabians (0.25), sanballat (0.17), tobiah (0.13)	Neemias 4:7 — But it came to pass, that when Sanballat, and Tobiah, and the Arabians, and the Ammonites, and the Ashdodites, heard that the walls of Jerusalem were 
nô-lo	2	nought (0.05), whence (0.02), wall (0.01), counsel (0.01)	Neemias 4:12 — And it came to pass, that when the Jews which dwelt by them came, they said unto us ten times, From all places whence ye shall return unto us they wil
hassum	2	hashbadana (0.67), hashum (0.57), pulpit (0.50), anaiah (0.50)	Neemias 7:22 — The children of Hashum, three hundred twenty and eight.
harife	2	hariph (1.00), nebai (0.67), anathoth (0.11), twelve (0.01)	Neemias 7:24 — The children of Hariph, an hundred and twelve.
anaías	2	anaiah (1.00), hashbadana (0.67), pulpit (0.50), hashum (0.29)	Neemias 8:4 — And Ezra the scribe stood upon a pulpit of wood, which they had made for the purpose; and beside him stood Mattithiah, and Shema, and Anaiah, and Urij
ginetom	2	ginnethon (1.00), iddo (0.13), baruch (0.08), meshullam (0.07)	Neemias 10:6 — Daniel, Ginnethon, Baruch,
salai	2	sallai (1.00), gabbai (0.67), kallai (0.67), amok (0.50)	Neemias 11:8 — And after him Gabbai, Sallai, nine hundred twenty and eight.
amoque	2	amok (1.00), kallai (0.67), sallai (0.50), sallu (0.40)	Neemias 12:7 — Sallu, Amok, Hilkiah, Jedaiah. These were the chief of the priests and of their brethren in the days of Jeshua.
jizar	2	izehar (0.67), peleth (0.50), izhar (0.20), dathan (0.20)	Números 3:19 — And the sons of Kohath by their families; Amram, and Izehar, Hebron, and Uzziel.
libnitas	2	libnites (1.00), shimites (0.67), korathites (0.67), mahlites (0.50)	Números 3:21 — Of Gershon was the family of the Libnites, and the family of the Shimites: these are the families of the Gershonites.
musitas	2	mahlites (1.00), mushites (1.00), korathites (0.67), libnites (0.50)	Números 3:33 — Of Merari was the family of the Mahlites, and the family of the Mushites: these are the families of Merari.
cusita	2	ethiopian (0.25), miriam (0.14), married (0.06), woman (0.01)	Números 12:1 — And Miriam and Aaron spake against Moses because of the Ethiopian woman whom he had married: for he had married an Ethiopian woman.
fastio	2	loatheth (0.50), lothed (0.40), abhorred (0.11), shepherds (0.06)	Números 21:5 — And the people spake against God, and against Moses, Wherefore have ye brought us up out of Egypt to die in the wilderness? for there is no bread, nei
mataná	2	mattanah (1.00), nahaliel (0.67), bamoth (0.50), direction (0.17)	Números 21:18 — The princes digged the well, the nobles of the people digged it, by the direction of the lawgiver, with their staves. And from the wilderness they wen
naaliel	2	nahaliel (1.00), mattanah (0.67), bamoth (0.67)	Números 21:19 — And from Mattanah to Nahaliel: and from Nahaliel to Bamoth:
bamote	2	bamoth (1.00), nahaliel (0.67), mattanah (0.50), pisgah (0.29)	Números 21:19 — And from Mattanah to Nahaliel: and from Nahaliel to Bamoth:
cosbi	2	cozbi (1.00), peor's (0.67), midianitish (0.40), wiles (0.40)	Números 25:15 — And the name of the Midianitish woman that was slain was Cozbi, the daughter of Zur; he was head over a people, and of a chief house in Midian.
jezeritas	2	jeezer (0.67), jeezerites (0.67), helekites (0.67), jezerites (0.67)	Números 26:30 — These are the sons of Gilead: of Jeezer, the family of the Jeezerites: of Helek, the family of the Helekites:
suamitas	2	shuhamites (1.00), shuham (0.67), dan (0.03), threescore (0.02)	Números 26:42 — These are the sons of Dan after their families: of Shuham, the family of the Shuhamites. These are the families of Dan after their families.
dofca	2	dophkah (1.00), alush (0.50), encamped (0.12), journey (0.01)	Números 33:12 — And they took their journey out of the wilderness of Sin, and encamped in Dophkah.
alus	2	alush (1.00), dophkah (0.50), rephidim (0.29), encamped (0.12)	Números 33:13 — And they departed from Dophkah, and encamped in Alush.
ritmá	2	rithmah (1.00), rimmon-parez (0.50), hazeroth (0.29), pitched (0.04)	Números 33:18 — And they departed from Hazeroth, and pitched in Rithmah.
rimom-perez	2	rimmon-parez (1.00), rithmah (0.50), libnah (0.09), pitched (0.04)	Números 33:19 — And they departed from Rithmah, and pitched at Rimmon-parez.
rissa	2	rissah (1.00), kehelathah (0.50), libnah (0.09), pitched (0.04)	Números 33:21 — And they removed from Libnah, and pitched at Rissah.
queelata	2	kehelathah (1.00), rissah (0.50), shapher (0.50), journeyed (0.04)	Números 33:22 — And they journeyed from Rissah, and pitched in Kehelathah.
séfer	2	shapher (1.00), kehelathah (0.50), haradah (0.50), encamped (0.06)	Números 33:23 — And they went from Kehelathah, and pitched in mount Shapher.
harada	2	haradah (1.00), shapher (0.50), makheloth (0.50), encamped (0.06)	Números 33:24 — And they removed from mount Shapher, and encamped in Haradah.
maquelote	2	makheloth (1.00), haradah (0.50), tahath (0.29), encamped (0.06)	Números 33:25 — And they removed from Haradah, and pitched in Makheloth.
mitca	2	mithcah (1.00), tarah (0.50), hashmonah (0.50), pitched (0.04)	Números 33:28 — And they removed from Tarah, and pitched in Mithcah.
hasmona	2	hashmonah (1.00), mithcah (0.50), moseroth (0.50), encamped (0.06)	Números 33:29 — And they went from Mithcah, and pitched in Hashmonah.
moserote	2	moseroth (1.00), hashmonah (0.50), bene-jaakan (0.50), encamped (0.06)	Números 33:30 — And they departed from Hashmonah, and encamped at Moseroth.
bene-jaacã	2	bene-jaakan (1.00), moseroth (0.50), hor-hagidgad (0.50), encamped (0.06)	Números 33:31 — And they departed from Moseroth, and pitched in Bene-jaakan.
hor-hagidgade	2	hor-hagidgad (1.00), bene-jaakan (0.50), jotbathah (0.50), encamped (0.06)	Números 33:32 — And they removed from Bene-jaakan, and encamped at Hor-hagidgad.
jotbata	2	jotbathah (1.00), hor-hagidgad (0.50), ebronah (0.50), encamped (0.06)	Números 33:33 — And they went from Hor-hagidgad, and pitched in Jotbathah.
abrona	2	ebronah (1.00), jotbathah (0.50), ezion-gaber (0.40), encamped (0.12)	Números 33:34 — And they removed from Jotbathah, and encamped at Ebronah.
zalmona	2	zalmonah (1.00), punon (0.50), hor (0.14), pitched (0.04)	Números 33:41 — And they departed from mount Hor, and pitched in Zalmonah.
punom	2	punon (1.00), zalmonah (0.50), oboth (0.33), pitched (0.04)	Números 33:42 — And they departed from Zalmonah, and pitched in Punon.
ijé-abarim	2	ije-abarim (0.50), iim (0.50), dibon-gad (0.50), oboth (0.33)	Números 33:44 — And they departed from Oboth, and pitched in Ije-abarim, in the border of Moab.
dibom-gade	2	dibon-gad (1.00), iim (0.50), almon-diblathaim (0.50), encamped (0.06)	Números 33:45 — And they departed from Iim, and pitched in Dibon-gad.
almom-diblataim	2	almon-diblathaim (1.00), dibon-gad (0.50), abarim (0.33), nebo (0.13)	Números 33:46 — And they removed from Dibon-gad, and encamped in Almon-diblathaim.
hazar-enã	2	ziphron (0.67), hazar-enan (0.67), shepham (0.50), point (0.10)	Números 34:9 — And the border shall go on to Ziphron, and the goings out of it shall be at Hazar-enan: this shall be your north border.
sefã	2	shepham (1.00), hazar-enan (0.33), chinnereth (0.33), ain (0.29)	Números 34:10 — And ye shall point out your east border from Hazar-enan to Shepham:
abinadom	2	abinadom (1.00), chemish (0.40), amaleki (0.25), defense (0.12)	Ômni 1:10 — Behold, I, Abinadom, am the son of Chemish. Behold, it came to pass that I saw much war and contention between my people, the Nephites, and the Lamani
epafrodito	2	epaphroditus (1.00), fellowsoldier (0.50), odour (0.50), wellpleasing (0.50)	Filipenses 2:25 — Yet I supposed it necessary to send to you Epaphroditus, my brother, and companion in labour, and fellowsoldier, but your messenger, and he that minis
adormecimento	2	eyelids (0.36), slumber (0.27), sleep (0.04), eyes (0.01)	Provérbios 6:4 — Give not sleep to thine eyes, nor slumber to thine eyelids.
passarinheiro	2	fowler (0.80), noisome (0.33), hunter (0.29), roe (0.20)	Provérbios 6:5 — Deliver thyself as a roe from the hand of the hunter, and as a bird from the hand of the fowler.
crisol	2	fining (1.00), trieth (0.25), pot (0.18), furnace (0.11)	Provérbios 17:3 — The fining pot is for silver, and the furnace for gold: but the LORD trieth the hearts.
porvir	2	principalities (0.15), expectation (0.12), persuaded (0.08), powers (0.05)	Provérbios 23:18 — For surely there is an end; and thine expectation shall not be cut off.
comilões	2	winebibbers (0.67), riotous (0.67), eaters (0.67), shameth (0.67)	Provérbios 23:20 — Be not among winebibbers; among riotous eaters of flesh:
fraudulento	2	leasing (0.50), deceitful (0.17), bloody (0.11), abhor (0.10)	Salmos 5:6 — Thou shalt destroy them that speak leasing: the LORD will abhor the bloody and deceitful man.
lisonjeiros	2	flattering (0.21), double (0.08), lips (0.03), proud (0.03)	Salmos 12:2 — They speak vanity every one with his neighbour: with flattering lips and with a double heart do they speak.
reservatórios	2	vapours (0.40), storehouses (0.25), treasuries (0.18), depth (0.10)	Salmos 33:7 — He gathereth the waters of the sea together as an heap: he layeth up the depth in storehouses.
abrasados	2	scorched (0.33), blasphemed (0.11), spears (0.10), plagues (0.08)	Salmos 57:4 — My soul is among lions: and I lie even among them that are set on fire, even the sons of men, whose teeth are spears and arrows, and their tongue a sh
lamaçal	2	sink (0.40), mire (0.22), overflow (0.12), floods (0.06)	Salmos 69:2 — I sink in deep mire, where there is no standing: I am come into deep waters, where the floods overflow me.
abrasador	2	flaming (0.21), ministers (0.06), hail (0.05), spirits (0.02)	Salmos 104:4 — Who maketh his angels spirits; his ministers a flaming fire:
corrediços	2	gins (1.00), wayside (0.40), snares (0.09), workers (0.06)	Salmos 140:5 — The proud have hid a snare for me, and cords; they have spread a net by the wayside; they have set gins for me. Selah.
esmirna	2	smyrna (1.00), pergamos (0.50), philadelphia (0.50), sardis (0.40)	Apocalipse 1:11 — Saying, I am Alpha and Omega, the first and the last: and, What thou seest, write in a book, and send it unto the seven churches which are in Asia; un
pérgamo	2	pergamos (1.00), smyrna (0.50), philadelphia (0.50), sardis (0.40)	Apocalipse 1:11 — Saying, I am Alpha and Omega, the first and the last: and, What thou seest, write in a book, and send it unto the seven churches which are in Asia; un
filadélfia	2	philadelphia (1.00), smyrna (0.50), pergamos (0.50), sardis (0.40)	Apocalipse 1:11 — Saying, I am Alpha and Omega, the first and the last: and, What thou seest, write in a book, and send it unto the seven churches which are in Asia; un
sardônica	2	sardine (0.67), sardonyx (0.67), chrysolite (0.67), chrysoprasus (0.67)	Apocalipse 4:3 — And he that sat was to look upon like a jasper and a sardine stone: and there was a rainbow round about the throne, in sight like unto an emerald.
harpistas	2	harpers (1.00), harping (0.67), musicians (0.67), pipers (0.67)	Apocalipse 14:2 — And I heard a voice from heaven, as the voice of many waters, and as the voice of a great thunder: and I heard the voice of harpers harping with their
contenciosos	2	brawlers (0.67), contentious (0.29), gentle (0.25), shewing (0.13)	Romanos 2:8 — But unto them that are contentious, and do not obey the truth, but obey unrighteousness, indignation and wrath,
orfa	2	orpah (1.00), dwelled (0.29), ruth (0.27), clave (0.12)	Rute 1:4 — And they took them wives of the women of Moab; the name of the one was Orpah, and the name of the other Ruth: and they dwelled there about ten years.
liteira	2	solomon's (0.07), valiant (0.06), chariot (0.03), lebanon (0.03)	Cantares de Salomão 3:7 — Behold his bed, which is Solomon's; threescore valiant men are about it, of the valiant of Israel.
lavadouro	2	twins (0.50), washing (0.27), shorn (0.25), barren (0.14)	Cantares de Salomão 4:2 — Thy teeth are like a flock of sheep that are even shorn, which came up from the washing; whereof every one bear twins, and none is barren among them.
sulamita	2	shulamite (1.00), company (0.02), armies (0.01), look (0.01)	Cantares de Salomão 6:13 — Return, return, O Shulamite; return, return, that we may look upon thee. What will ye see in the Shulamite? As it were the company of two armies.
ludeus	1	ludim (0.67), anamim (0.67), lehabim (0.67), naphtuhim (0.67)	1 Crônicas 1:11 — And Mizraim begat Ludim, and Anamim, and Lehabim, and Naphtuhim,
anameus	1	ludim (0.67), anamim (0.67), lehabim (0.67), naphtuhim (0.67)	1 Crônicas 1:11 — And Mizraim begat Ludim, and Anamim, and Lehabim, and Naphtuhim,
leabeus	1	ludim (0.67), anamim (0.67), lehabim (0.67), naphtuhim (0.67)	1 Crônicas 1:11 — And Mizraim begat Ludim, and Anamim, and Lehabim, and Naphtuhim,
naftueus	1	ludim (0.67), anamim (0.67), lehabim (0.67), naphtuhim (0.67)	1 Crônicas 1:11 — And Mizraim begat Ludim, and Anamim, and Lehabim, and Naphtuhim,
patruseus	1	caphthorim (1.00), pathrusim (0.67), casluhim (0.67), philistines (0.01)	1 Crônicas 1:12 — And Pathrusim, and Casluhim, (of whom came the Philistines,) and Caphthorim.
caslueus	1	caphthorim (1.00), pathrusim (0.67), casluhim (0.67), philistines (0.01)	1 Crônicas 1:12 — And Pathrusim, and Casluhim, (of whom came the Philistines,) and Caphthorim.
caftoreus	1	caphthorim (1.00), pathrusim (0.67), casluhim (0.67), philistines (0.01)	1 Crônicas 1:12 — And Pathrusim, and Casluhim, (of whom came the Philistines,) and Caphthorim.
arqueus	1	arkite (0.67), sinite (0.67), hivite (0.20)	1 Crônicas 1:15 — And the Hivite, and the Arkite, and the Sinite,
sineus	1	arkite (0.67), sinite (0.67), hivite (0.20)	1 Crônicas 1:15 — And the Hivite, and the Arkite, and the Sinite,
arvadeus	1	arvadite (0.67), zemarite (0.67), hamathite (0.67)	1 Crônicas 1:16 — And the Arvadite, and the Zemarite, and the Hamathite.
zemareus	1	arvadite (0.67), zemarite (0.67), hamathite (0.67)	1 Crônicas 1:16 — And the Arvadite, and the Zemarite, and the Hamathite.
hamateus	1	arvadite (0.67), zemarite (0.67), hamathite (0.67)	1 Crônicas 1:16 — And the Arvadite, and the Zemarite, and the Hamathite.
geter	1	hul (0.67), gether (0.67), lud (0.40), asshur (0.22)	1 Crônicas 1:17 — The sons of Shem; Elam, and Asshur, and Arphaxad, and Lud, and Aram, and Uz, and Hul, and Gether, and Meshech.
almoda	1	almodad (0.67), sheleph (0.67), hazarmaveth (0.67), jerah (0.67)	1 Crônicas 1:20 — And Joktan begat Almodad, and Sheleph, and Hazarmaveth, and Jerah,
usal	1	uzal (0.67), diklah (0.67), hadoram (0.40)	1 Crônicas 1:21 — Hadoram also, and Uzal, and Diklah,
zefi	1	zephi (1.00), omar (0.50), gatam (0.50), timna (0.40)	1 Crônicas 1:36 — The sons of Eliphaz; Teman, and Omar, Zephi, and Gatam, Kenaz, and Timna, and Amalek.
aliã	1	alian (1.00), shephi (1.00), manahath (0.50), onam (0.40)	1 Crônicas 1:40 — The sons of Shobal; Alian, and Manahath, and Ebal, Shephi, and Onam. And the sons of Zibeon; Aiah, and Anah.
sefi	1	alian (1.00), shephi (1.00), manahath (0.50), onam (0.40)	1 Crônicas 1:40 — The sons of Shobal; Alian, and Manahath, and Ebal, Shephi, and Onam. And the sons of Zibeon; Aiah, and Anah.
hanrão	1	eshban (0.67), cheran (0.67), ithran (0.50), dishon (0.29)	1 Crônicas 1:41 — The sons of Anah; Dishon. And the sons of Dishon; Amram, and Eshban, and Ithran, and Cheran.
jaacã	1	zavan (1.00), jakan (1.00), aran (0.67), bilhan (0.50)	1 Crônicas 1:42 — The sons of Ezer; Bilhan, and Zavan, and Jakan. The sons of Dishan; Uz, and Aran.
paí	1	pai (1.00), mehetabel (0.67), matred (0.67), mezahab (0.67)	1 Crônicas 1:50 — And when Baal-hanan was dead, Hadad reigned in his stead: and the name of his city was Pai; and his wife's name was Mehetabel, the daughter of Matred,
oolibama	1	pinon (0.67), aholibamah (0.25), duke (0.13), elah (0.12)	1 Crônicas 1:52 — Duke Aholibamah, duke Elah, duke Pinon,
dara	1	calcol (1.00), dara (1.00), ethan (0.25), zimri (0.14)	1 Crônicas 2:6 — And the sons of Zerah; Zimri, and Ethan, and Heman, and Calcol, and Dara: five of them in all.
acar	1	achar (1.00), troubler (1.00), carmi (0.22), accursed (0.10)	1 Crônicas 2:7 — And the sons of Carmi; Achar, the troubler of Israel, who transgressed in the thing accursed.
quelubai	1	chelubai (1.00), jerahmeel (0.22), hezron (0.11), ram (0.02)	1 Crônicas 2:9 — The sons also of Hezron, that were born unto him; Jerahmeel, and Ram, and Chelubai.
radai	1	raddai (1.00), nethaneel (0.13), fifth (0.02), fourth (0.02)	1 Crônicas 2:14 — Nethaneel the fourth, Raddai the fifth,
jeriote	1	jerioth (1.00), jesher (1.00), ardon (1.00), azubah (0.40)	1 Crônicas 2:18 — And Caleb the son of Hezron begat children of Azubah his wife, and of Jerioth: her sons are these; Jesher, and Shobab, and Ardon.
jeser	1	jerioth (1.00), jesher (1.00), ardon (1.00), azubah (0.40)	1 Crônicas 2:18 — And Caleb the son of Hezron begat children of Azubah his wife, and of Jerioth: her sons are these; Jesher, and Shobab, and Ardon.
ardom	1	jerioth (1.00), jesher (1.00), ardon (1.00), azubah (0.40)	1 Crônicas 2:18 — And Caleb the son of Hezron begat children of Azubah his wife, and of Jerioth: her sons are these; Jesher, and Shobab, and Ardon.
efrate	1	azubah (0.40), ephrath (0.40), hur (0.12), caleb (0.06)	1 Crônicas 2:19 — And when Azubah was dead, Caleb took unto him Ephrath, which bare him Hur.
buna	1	bunah (1.00), oren (1.00), ozem (0.67), jerahmeel (0.22)	1 Crônicas 2:25 — And the sons of Jerahmeel the firstborn of Hezron were, Ram the firstborn, and Bunah, and Oren, and Ozem, and Ahijah.
orém	1	bunah (1.00), oren (1.00), ozem (0.67), jerahmeel (0.22)	1 Crônicas 2:25 — And the sons of Jerahmeel the firstborn of Hezron were, Ram the firstborn, and Bunah, and Oren, and Ozem, and Ahijah.
maaz	1	maaz (1.00), eker (1.00), jamin (0.29), jerahmeel (0.22)	1 Crônicas 2:27 — And the sons of Ram the firstborn of Jerahmeel were, Maaz, and Jamin, and Eker.
equer	1	maaz (1.00), eker (1.00), jamin (0.29), jerahmeel (0.22)	1 Crônicas 2:27 — And the sons of Ram the firstborn of Jerahmeel were, Maaz, and Jamin, and Eker.
abã	1	ahban (1.00), molid (1.00), abishur (0.67), abihail (0.29)	1 Crônicas 2:29 — And the name of the wife of Abishur was Abihail, and she bare him Ahban, and Molid.
molide	1	ahban (1.00), molid (1.00), abishur (0.67), abihail (0.29)	1 Crônicas 2:29 — And the name of the wife of Abishur was Abihail, and she bare him Ahban, and Molid.
zaza	1	zaza (1.00), peleth (0.67), jerahmeel (0.22), jonathan (0.02)	1 Crônicas 2:33 — And the sons of Jonathan; Peleth, and Zaza. These were the sons of Jerahmeel.
raão	1	raham (1.00), jorkoam (1.00), rekem (0.33), shammai (0.33)	1 Crônicas 2:44 — And Shema begat Raham, the father of Jorkoam: and Rekem begat Shammai.
jorqueão	1	raham (1.00), jorkoam (1.00), rekem (0.33), shammai (0.33)	1 Crônicas 2:44 — And Shema begat Raham, the father of Jorkoam: and Rekem begat Shammai.
regém	1	jahdai (1.00), regem (1.00), gesham (1.00), pelet (0.67)	1 Crônicas 2:47 — And the sons of Jahdai; Regem, and Jotham, and Gesham, and Pelet, and Ephah, and Shaaph.
gesã	1	jahdai (1.00), regem (1.00), gesham (1.00), pelet (0.67)	1 Crônicas 2:47 — And the sons of Jahdai; Regem, and Jotham, and Gesham, and Pelet, and Ephah, and Shaaph.
seber	1	sheber (1.00), tirhanah (1.00), caleb's (0.40), maachah (0.11)	1 Crônicas 2:48 — Maachah, Caleb's concubine, bare Sheber, and Tirhanah.
tiraná	1	sheber (1.00), tirhanah (1.00), caleb's (0.40), maachah (0.11)	1 Crônicas 2:48 — Maachah, Caleb's concubine, bare Sheber, and Tirhanah.
macbena	1	machbenah (1.00), gibea (1.00), achsa (1.00), shaaph (0.67)	1 Crônicas 2:49 — She bare also Shaaph the father of Madmannah, Sheva the father of Machbenah, and the father of Gibea: and the daughter of Caleb was Achsa.
harefe	1	hareph (1.00), beth-gader (1.00), salma (0.50), beth-lehem (0.06)	1 Crônicas 2:51 — Salma the father of Beth-lehem, Hareph the father of Beth-gader.
bete-gader	1	hareph (1.00), beth-gader (1.00), salma (0.50), beth-lehem (0.06)	1 Crônicas 2:51 — Salma the father of Beth-lehem, Hareph the father of Beth-gader.
haroé	1	haroeh (1.00), manahethites (0.67), shobal (0.20), kirjath-jearim (0.11)	1 Crônicas 2:52 — And Shobal the father of Kirjath-jearim had sons; Haroeh, and half of the Manahethites.
menuítas	1	haroeh (1.00), manahethites (0.67), shobal (0.20), kirjath-jearim (0.11)	1 Crônicas 2:52 — And Shobal the father of Kirjath-jearim had sons; Haroeh, and half of the Manahethites.
jitreus	1	ithrites (1.00), puhites (1.00), shumathites (1.00), mishraites (1.00)	1 Crônicas 2:53 — And the families of Kirjath-jearim; the Ithrites, and the Puhites, and the Shumathites, and the Mishraites; of them came the Zareathites, and the Esht
puteus	1	ithrites (1.00), puhites (1.00), shumathites (1.00), mishraites (1.00)	1 Crônicas 2:53 — And the families of Kirjath-jearim; the Ithrites, and the Puhites, and the Shumathites, and the Mishraites; of them came the Zareathites, and the Esht
sumateus	1	ithrites (1.00), puhites (1.00), shumathites (1.00), mishraites (1.00)	1 Crônicas 2:53 — And the families of Kirjath-jearim; the Ithrites, and the Puhites, and the Shumathites, and the Mishraites; of them came the Zareathites, and the Esht
misraeus	1	ithrites (1.00), puhites (1.00), shumathites (1.00), mishraites (1.00)	1 Crônicas 2:53 — And the families of Kirjath-jearim; the Ithrites, and the Puhites, and the Shumathites, and the Mishraites; of them came the Zareathites, and the Esht
zorateus	1	ithrites (1.00), puhites (1.00), shumathites (1.00), mishraites (1.00)	1 Crônicas 2:53 — And the families of Kirjath-jearim; the Ithrites, and the Puhites, and the Shumathites, and the Mishraites; of them came the Zareathites, and the Esht
estaoleus	1	ithrites (1.00), puhites (1.00), shumathites (1.00), mishraites (1.00)	1 Crônicas 2:53 — And the families of Kirjath-jearim; the Ithrites, and the Puhites, and the Shumathites, and the Mishraites; of them came the Zareathites, and the Esht
atarote-bete-joabe	1	zorites (1.00), netophathites (0.67), manahethites (0.67), salma (0.50)	1 Crônicas 2:54 — The sons of Salma; Beth-lehem, and the Netophathites, Ataroth, the house of Joab, and half of the Manahethites, the Zorites.
manaatitas	1	zorites (1.00), netophathites (0.67), manahethites (0.67), salma (0.50)	1 Crônicas 2:54 — The sons of Salma; Beth-lehem, and the Netophathites, Ataroth, the house of Joab, and half of the Manahethites, the Zorites.
zoritas	1	zorites (1.00), netophathites (0.67), manahethites (0.67), salma (0.50)	1 Crônicas 2:54 — The sons of Salma; Beth-lehem, and the Netophathites, Ataroth, the house of Joab, and half of the Manahethites, the Zorites.
tiratitas	1	tirathites (1.00), shimeathites (1.00), suchathites (1.00), jabez (0.50)	1 Crônicas 2:55 — And the families of the scribes which dwelt at Jabez; the Tirathites, the Shimeathites, and Suchathites. These are the Kenites that came of Hemath, th
simeatitas	1	tirathites (1.00), shimeathites (1.00), suchathites (1.00), jabez (0.50)	1 Crônicas 2:55 — And the families of the scribes which dwelt at Jabez; the Tirathites, the Shimeathites, and Suchathites. These are the Kenites that came of Hemath, th
sucatitas	1	tirathites (1.00), shimeathites (1.00), suchathites (1.00), jabez (0.50)	1 Crônicas 2:55 — And the families of the scribes which dwelt at Jabez; the Tirathites, the Shimeathites, and Suchathites. These are the Kenites that came of Hemath, th
bate-sua	1	bath-shua (1.00), shobab (0.40), shimea (0.33), ammiel (0.29)	1 Crônicas 3:5 — And these were born unto him in Jerusalem; Shimea, and Shobab, and Nathan, and Solomon, four, of Bath-shua the daughter of Ammiel:
malquirão	1	malchiram (1.00), shenazar (1.00), jecamiah (1.00), hoshama (1.00)	1 Crônicas 3:18 — Malchiram also, and Pedaiah, and Shenazar, Jecamiah, Hoshama, and Nedabiah.
senazar	1	malchiram (1.00), shenazar (1.00), jecamiah (1.00), hoshama (1.00)	1 Crônicas 3:18 — Malchiram also, and Pedaiah, and Shenazar, Jecamiah, Hoshama, and Nedabiah.
hosama	1	malchiram (1.00), shenazar (1.00), jecamiah (1.00), hoshama (1.00)	1 Crônicas 3:18 — Malchiram also, and Pedaiah, and Shenazar, Jecamiah, Hoshama, and Nedabiah.
nedabias	1	malchiram (1.00), shenazar (1.00), jecamiah (1.00), hoshama (1.00)	1 Crônicas 3:18 — Malchiram also, and Pedaiah, and Shenazar, Jecamiah, Hoshama, and Nedabiah.
hasubá	1	hashubah (1.00), ohel (1.00), hasadiah (1.00), jushab-hesed (1.00)	1 Crônicas 3:20 — And Hashubah, and Ohel, and Berechiah, and Hasadiah, Jushab-hesed, five.
oel	1	hashubah (1.00), ohel (1.00), hasadiah (1.00), jushab-hesed (1.00)	1 Crônicas 3:20 — And Hashubah, and Ohel, and Berechiah, and Hasadiah, Jushab-hesed, five.
hasadias	1	hashubah (1.00), ohel (1.00), hasadiah (1.00), jushab-hesed (1.00)	1 Crônicas 3:20 — And Hashubah, and Ohel, and Berechiah, and Hasadiah, Jushab-hesed, five.
jusabe-hesede	1	hashubah (1.00), ohel (1.00), hasadiah (1.00), jushab-hesed (1.00)	1 Crônicas 3:20 — And Hashubah, and Ohel, and Berechiah, and Hasadiah, Jushab-hesed, five.
arnã	1	arnan (1.00), jesaiah (0.67), pelatiah (0.33), rephaiah (0.33)	1 Crônicas 3:21 — And the sons of Hananiah; Pelatiah, and Jesaiah: the sons of Rephaiah, the sons of Arnan, the sons of Obadiah, the sons of Shechaniah.
bariá	1	igeal (1.00), bariah (1.00), neariah (0.50), hattush (0.33)	1 Crônicas 3:22 — And the sons of Shechaniah; Shemaiah: and the sons of Shemaiah; Hattush, and Igeal, and Bariah, and Neariah, and Shaphat, six.
anani	1	hodaiah (1.00), dalaiah (1.00), anani (1.00), pelaiah (0.50)	1 Crônicas 3:24 — And the sons of Elioenai were, Hodaiah, and Eliashib, and Pelaiah, and Akkub, and Johanan, and Dalaiah, and Anani, seven.
aumai	1	ahumai (1.00), lahad (1.00), zorathites (1.00), reaiah (0.50)	1 Crônicas 4:2 — And Reaiah the son of Shobal begat Jahath; and Jahath begat Ahumai, and Lahad. These are the families of the Zorathites.
laade	1	ahumai (1.00), lahad (1.00), zorathites (1.00), reaiah (0.50)	1 Crônicas 4:2 — And Reaiah the son of Shobal begat Jahath; and Jahath begat Ahumai, and Lahad. These are the families of the Zorathites.
zoratitas	1	ahumai (1.00), lahad (1.00), zorathites (1.00), reaiah (0.50)	1 Crônicas 4:2 — And Reaiah the son of Shobal begat Jahath; and Jahath begat Ahumai, and Lahad. These are the families of the Zorathites.
isma	1	ishma (1.00), idbash (1.00), hazelelponi (1.00), etam (0.33)	1 Crônicas 4:3 — And these were of the father of Etam; Jezreel, and Ishma, and Idbash: and the name of their sister was Hazelelponi:
idbas	1	ishma (1.00), idbash (1.00), hazelelponi (1.00), etam (0.33)	1 Crônicas 4:3 — And these were of the father of Etam; Jezreel, and Ishma, and Idbash: and the name of their sister was Hazelelponi:
hazelelponi	1	ishma (1.00), idbash (1.00), hazelelponi (1.00), etam (0.33)	1 Crônicas 4:3 — And these were of the father of Etam; Jezreel, and Ishma, and Idbash: and the name of their sister was Hazelelponi:
husá	1	hushah (1.00), ephratah (0.33), penuel (0.25), gedor (0.25)	1 Crônicas 4:4 — And Penuel the father of Gedor, and Ezer the father of Hushah. These are the sons of Hur, the firstborn of Ephratah, the father of Beth-lehem.
auzão	1	ahuzam (1.00), temeni (1.00), haahashtari (1.00), naarah (0.67)	1 Crônicas 4:6 — And Naarah bare him Ahuzam, and Hepher, and Temeni, and Haahashtari. These were the sons of Naarah.
temeni	1	ahuzam (1.00), temeni (1.00), haahashtari (1.00), naarah (0.67)	1 Crônicas 4:6 — And Naarah bare him Ahuzam, and Hepher, and Temeni, and Haahashtari. These were the sons of Naarah.
haastari	1	ahuzam (1.00), temeni (1.00), haahashtari (1.00), naarah (0.67)	1 Crônicas 4:6 — And Naarah bare him Ahuzam, and Hepher, and Temeni, and Haahashtari. These were the sons of Naarah.
zerete	1	zereth (1.00), jezoar (1.00), ethnan (1.00), helah (0.67)	1 Crônicas 4:7 — And the sons of Helah were, Zereth, and Jezoar, and Ethnan.
etnã	1	zereth (1.00), jezoar (1.00), ethnan (1.00), helah (0.67)	1 Crônicas 4:7 — And the sons of Helah were, Zereth, and Jezoar, and Ethnan.
anube	1	coz (1.00), anub (1.00), zobebah (1.00), aharhel (1.00)	1 Crônicas 4:8 — And Coz begat Anub, and Zobebah, and the families of Aharhel the son of Harum.
zobeba	1	coz (1.00), anub (1.00), zobebah (1.00), aharhel (1.00)	1 Crônicas 4:8 — And Coz begat Anub, and Zobebah, and the families of Aharhel the son of Harum.
aarel	1	coz (1.00), anub (1.00), zobebah (1.00), aharhel (1.00)	1 Crônicas 4:8 — And Coz begat Anub, and Zobebah, and the families of Aharhel the son of Harum.
harum	1	coz (1.00), anub (1.00), zobebah (1.00), aharhel (1.00)	1 Crônicas 4:8 — And Coz begat Anub, and Zobebah, and the families of Aharhel the son of Harum.
meir	1	mehir (1.00), chelub (0.67), eshton (0.67), shuah (0.33)	1 Crônicas 4:11 — And Chelub the brother of Shuah begat Mehir, which was the father of Eshton.
bete-rafa	1	beth-rapha (1.00), tehinnah (1.00), ir-nahash (1.00), rechah (1.00)	1 Crônicas 4:12 — And Eshton begat Beth-rapha, and Paseah, and Tehinnah the father of Ir-nahash. These are the men of Rechah.
pasea	1	beth-rapha (1.00), tehinnah (1.00), ir-nahash (1.00), rechah (1.00)	1 Crônicas 4:12 — And Eshton begat Beth-rapha, and Paseah, and Tehinnah the father of Ir-nahash. These are the men of Rechah.
teína	1	beth-rapha (1.00), tehinnah (1.00), ir-nahash (1.00), rechah (1.00)	1 Crônicas 4:12 — And Eshton begat Beth-rapha, and Paseah, and Tehinnah the father of Ir-nahash. These are the men of Rechah.
ir-naás	1	beth-rapha (1.00), tehinnah (1.00), ir-nahash (1.00), rechah (1.00)	1 Crônicas 4:12 — And Eshton begat Beth-rapha, and Paseah, and Tehinnah the father of Ir-nahash. These are the men of Rechah.
reca	1	beth-rapha (1.00), tehinnah (1.00), ir-nahash (1.00), rechah (1.00)	1 Crônicas 4:12 — And Eshton begat Beth-rapha, and Paseah, and Tehinnah the father of Ir-nahash. These are the men of Rechah.
hatate	1	hathath (1.00), othniel (0.29), kenaz (0.17), seraiah (0.11)	1 Crônicas 4:13 — And the sons of Kenaz; Othniel, and Seraiah: and the sons of Othniel; Hathath.
meonotai	1	meonothai (1.00), charashim (1.00), craftsmen (0.25), ophrah (0.22)	1 Crônicas 4:14 — And Meonothai begat Ophrah: and Seraiah begat Joab, the father of the valley of Charashim; for they were craftsmen.
iru	1	iru (1.00), naam (1.00), kenaz (0.17), jephunneh (0.12)	1 Crônicas 4:15 — And the sons of Caleb the son of Jephunneh; Iru, Elah, and Naam: and the sons of Elah, even Kenaz.
zifa	1	jehaleleel (1.00), ziphah (1.00), tiria (1.00), asareel (1.00)	1 Crônicas 4:16 — And the sons of Jehaleleel; Ziph, and Ziphah, Tiria, and Asareel.
tíria	1	jehaleleel (1.00), ziphah (1.00), tiria (1.00), asareel (1.00)	1 Crônicas 4:16 — And the sons of Jehaleleel; Ziph, and Ziphah, Tiria, and Asareel.
asareel	1	jehaleleel (1.00), ziphah (1.00), tiria (1.00), asareel (1.00)	1 Crônicas 4:16 — And the sons of Jehaleleel; Ziph, and Ziphah, Tiria, and Asareel.
jalom	1	jalon (1.00), ishbah (1.00), mered (0.67), epher (0.40)	1 Crônicas 4:17 — And the sons of Ezra were, Jether, and Mered, and Epher, and Jalon: and she bare Miriam, and Shammai, and Ishbah the father of Eshtemoa.
isbá	1	jalon (1.00), ishbah (1.00), mered (0.67), epher (0.40)	1 Crônicas 4:17 — And the sons of Ezra were, Jether, and Mered, and Epher, and Jalon: and she bare Miriam, and Shammai, and Ishbah the father of Eshtemoa.
jecutiel	1	jehudijah (1.00), socho (1.00), jekuthiel (1.00), bithiah (1.00)	1 Crônicas 4:18 — And his wife Jehudijah bare Jered the father of Gedor, and Heber the father of Socho, and Jekuthiel the father of Zanoah. And these are the sons of Bi
bitia	1	jehudijah (1.00), socho (1.00), jekuthiel (1.00), bithiah (1.00)	1 Crônicas 4:18 — And his wife Jehudijah bare Jered the father of Gedor, and Heber the father of Socho, and Jekuthiel the father of Zanoah. And these are the sons of Bi
abiqueila	1	hodiah (1.00), naham (1.00), garmite (1.00), maachathite (0.40)	1 Crônicas 4:19 — And the sons of his wife Hodiah the sister of Naham, the father of Keilah the Garmite, and Eshtemoa the Maachathite.
garmita	1	hodiah (1.00), naham (1.00), garmite (1.00), maachathite (0.40)	1 Crônicas 4:19 — And the sons of his wife Hodiah the sister of Naham, the father of Keilah the Garmite, and Eshtemoa the Maachathite.
rina	1	shimon (1.00), rinnah (1.00), ben-hanan (1.00), tilon (1.00)	1 Crônicas 4:20 — And the sons of Shimon were, Amnon, and Rinnah, Ben-hanan, and Tilon. And the sons of Ishi were, Zoheth, and Ben-zoheth.
bene-hanã	1	shimon (1.00), rinnah (1.00), ben-hanan (1.00), tilon (1.00)	1 Crônicas 4:20 — And the sons of Shimon were, Amnon, and Rinnah, Ben-hanan, and Tilon. And the sons of Ishi were, Zoheth, and Ben-zoheth.
tilom	1	shimon (1.00), rinnah (1.00), ben-hanan (1.00), tilon (1.00)	1 Crônicas 4:20 — And the sons of Shimon were, Amnon, and Rinnah, Ben-hanan, and Tilon. And the sons of Ishi were, Zoheth, and Ben-zoheth.
zoete	1	shimon (1.00), rinnah (1.00), ben-hanan (1.00), tilon (1.00)	1 Crônicas 4:20 — And the sons of Shimon were, Amnon, and Rinnah, Ben-hanan, and Tilon. And the sons of Ishi were, Zoheth, and Ben-zoheth.
bene-zoete	1	shimon (1.00), rinnah (1.00), ben-hanan (1.00), tilon (1.00)	1 Crônicas 4:20 — And the sons of Shimon were, Amnon, and Rinnah, Ben-hanan, and Tilon. And the sons of Ishi were, Zoheth, and Ben-zoheth.
leca	1	lecah (1.00), laadah (1.00), ashbea (1.00), mareshah (0.22)	1 Crônicas 4:21 — The sons of Shelah the son of Judah were, Er the father of Lecah, and Laadah the father of Mareshah, and the families of the house of them that wrough
asbeia	1	lecah (1.00), laadah (1.00), ashbea (1.00), mareshah (0.22)	1 Crônicas 4:21 — The sons of Shelah the son of Judah were, Er the father of Lecah, and Laadah the father of Mareshah, and the families of the house of them that wrough
joquim	1	jokim (1.00), chozeba (1.00), saraph (1.00), jashubi-lehem (1.00)	1 Crônicas 4:22 — And Jokim, and the men of Chozeba, and Joash, and Saraph, who had the dominion in Moab, and Jashubi-lehem. And these are ancient things.
cozeba	1	jokim (1.00), chozeba (1.00), saraph (1.00), jashubi-lehem (1.00)	1 Crônicas 4:22 — And Jokim, and the men of Chozeba, and Joash, and Saraph, who had the dominion in Moab, and Jashubi-lehem. And these are ancient things.
sarafe	1	jokim (1.00), chozeba (1.00), saraph (1.00), jashubi-lehem (1.00)	1 Crônicas 4:22 — And Jokim, and the men of Chozeba, and Joash, and Saraph, who had the dominion in Moab, and Jashubi-lehem. And these are ancient things.
jasubi-leém	1	jokim (1.00), chozeba (1.00), saraph (1.00), jashubi-lehem (1.00)	1 Crônicas 4:22 — And Jokim, and the men of Chozeba, and Joash, and Saraph, who had the dominion in Moab, and Jashubi-lehem. And these are ancient things.
hamuel	1	hamuel (1.00), zacchur (1.00), mishma (0.40), shimei (0.05)	1 Crônicas 4:26 — And the sons of Mishma; Hamuel his son, Zacchur his son, Shimei his son.
ezém	1	ezem (1.00), tolad (1.00), bilhah (0.17)	1 Crônicas 4:29 — And at Bilhah, and at Ezem, and at Tolad,
tolade	1	ezem (1.00), tolad (1.00), bilhah (0.17)	1 Crônicas 4:29 — And at Bilhah, and at Ezem, and at Tolad,
hazar-susim	1	hazar-susim (1.00), beth-birei (1.00), beth-marcaboth (0.67), shaaraim (0.67)	1 Crônicas 4:31 — And at Beth-marcaboth, and Hazar-susim, and at Beth-birei, and at Shaaraim. These were their cities unto the reign of David.
bete-biri	1	hazar-susim (1.00), beth-birei (1.00), beth-marcaboth (0.67), shaaraim (0.67)	1 Crônicas 4:31 — And at Beth-marcaboth, and Hazar-susim, and at Beth-birei, and at Shaaraim. These were their cities unto the reign of David.
toquém	1	tochen (1.00), ashan (0.40), etam (0.33), ain (0.33)	1 Crônicas 4:32 — And their villages were, Etam, and Ain, Rimmon, and Tochen, and Ashan, five cities:
mesobabe	1	meshobab (1.00), jamlech (1.00), joshah (1.00), amaziah (0.05)	1 Crônicas 4:34 — And Meshobab, and Jamlech, and Joshah the son of Amaziah,
janleque	1	meshobab (1.00), jamlech (1.00), joshah (1.00), amaziah (0.05)	1 Crônicas 4:34 — And Meshobab, and Jamlech, and Joshah the son of Amaziah,
josibias	1	josibiah (1.00), asiel (1.00), seraiah (0.11), joel (0.09)	1 Crônicas 4:35 — And Joel, and Jehu the son of Josibiah, the son of Seraiah, the son of Asiel,
asiel	1	josibiah (1.00), asiel (1.00), seraiah (0.11), joel (0.09)	1 Crônicas 4:35 — And Joel, and Jehu the son of Josibiah, the son of Seraiah, the son of Asiel,
jaacobá	1	jaakobah (1.00), jeshohaiah (1.00), jesimiel (1.00), adiel (0.50)	1 Crônicas 4:36 — And Elioenai, and Jaakobah, and Jeshohaiah, and Asaiah, and Adiel, and Jesimiel, and Benaiah,
jesoaías	1	jaakobah (1.00), jeshohaiah (1.00), jesimiel (1.00), adiel (0.50)	1 Crônicas 4:36 — And Elioenai, and Jaakobah, and Jeshohaiah, and Asaiah, and Adiel, and Jesimiel, and Benaiah,
jesimiel	1	jaakobah (1.00), jeshohaiah (1.00), jesimiel (1.00), adiel (0.50)	1 Crônicas 4:36 — And Elioenai, and Jaakobah, and Jeshohaiah, and Asaiah, and Adiel, and Jesimiel, and Benaiah,
sifi	1	shiphi (1.00), ziza (0.67), allon (0.67), shimri (0.50)	1 Crônicas 4:37 — And Ziza the son of Shiphi, the son of Allon, the son of Jedaiah, the son of Shimri, the son of Shemaiah;
azaz	1	azaz (1.00), baal-meon (0.50), shema (0.29), bela (0.14)	1 Crônicas 5:8 — And Bela the son of Azaz, the son of Shema, the son of Joel, who dwelt in Aroer, even unto Nebo and Baal-meon:
salca	1	salchah (0.67), bashan (0.04), gad (0.03), dwelt (0.01)	1 Crônicas 5:11 — And the children of Gad dwelt over against them, in the land of Bashan unto Salchah:
jorai	1	jorai (1.00), jachan (1.00), zia (1.00), heber (0.14)	1 Crônicas 5:13 — And their brethren of the house of their fathers were, Michael, and Meshullam, and Sheba, and Jorai, and Jachan, and Zia, and Heber, seven.
jacã	1	jorai (1.00), jachan (1.00), zia (1.00), heber (0.14)	1 Crônicas 5:13 — And their brethren of the house of their fathers were, Michael, and Meshullam, and Sheba, and Jorai, and Jachan, and Zia, and Heber, seven.
huri	1	huri (1.00), jaroah (1.00), jeshishai (1.00), jahdo (1.00)	1 Crônicas 5:14 — These are the children of Abihail the son of Huri, the son of Jaroah, the son of Gilead, the son of Michael, the son of Jeshishai, the son of Jahdo, t
jaroa	1	huri (1.00), jaroah (1.00), jeshishai (1.00), jahdo (1.00)	1 Crônicas 5:14 — These are the children of Abihail the son of Huri, the son of Jaroah, the son of Gilead, the son of Michael, the son of Jeshishai, the son of Jahdo, t
jesisai	1	huri (1.00), jaroah (1.00), jeshishai (1.00), jahdo (1.00)	1 Crônicas 5:14 — These are the children of Abihail the son of Huri, the son of Jaroah, the son of Gilead, the son of Michael, the son of Jeshishai, the son of Jahdo, t
jado	1	huri (1.00), jaroah (1.00), jeshishai (1.00), jahdo (1.00)	1 Crônicas 5:14 — These are the children of Abihail the son of Huri, the son of Jaroah, the son of Gilead, the son of Michael, the son of Jeshishai, the son of Jahdo, t
abdiel	1	abdiel (1.00), ahi (0.67), guni (0.40), chief (0.01)	1 Crônicas 5:15 — Ahi the son of Abdiel, the son of Guni, chief of the house of their fathers.
nodabe	1	nephish (1.00), nodab (1.00), hagarites (0.50), jetur (0.50)	1 Crônicas 5:19 — And they made war with the Hagarites, with Jetur, and Nephish, and Nodab.
jadiel	1	jahdiel (1.00), azriel (0.50), hodaviah (0.50), epher (0.40)	1 Crônicas 5:24 — And these were the heads of the house of their fathers, even Epher, and Ishi, and Eliel, and Azriel, and Jeremiah, and Hodaviah, and Jahdiel, mighty m
prostituiram-se	1	whoring (0.11), transgressed (0.05), gods (0.01), destroyed (0.01)	1 Crônicas 5:25 — And they transgressed against the God of their fathers, and went a whoring after the gods of the people of the land, whom God destroyed before them.
hara	1	hara (1.00), pul (0.50), tilgath-pilneser (0.50), halah (0.50)	1 Crônicas 5:26 — And the God of Israel stirred up the spirit of Pul king of Assyria, and the spirit of Tilgath-pilneser king of Assyria, and he carried them away, even
jeatarai	1	jeaterai (1.00), joah (0.18), iddo (0.14), zerah (0.10)	1 Crônicas 6:21 — Joah his son, Iddo his son, Zerah his son, Jeaterai his son.
aimote	1	ahimoth (1.00), amasai (0.33), elkanah (0.10), sons (0.00)	1 Crônicas 6:25 — And the sons of Elkanah; Amasai, and Ahimoth.
zofai	1	zophai (1.00), nahath (0.33), elkanah (0.10), sons (0.00)	1 Crônicas 6:26 — As for Elkanah: the sons of Elkanah; Zophai his son, and Nahath his son,
vasni	1	vashni (1.00), abiah (0.40), firstborn (0.02), samuel (0.01)	1 Crônicas 6:28 — And the sons of Samuel; the firstborn Vashni, and Abiah.
hagias	1	haggiah (1.00), shimea (0.33), asaiah (0.29), son (0.00)	1 Crônicas 6:30 — Shimea his son, Haggiah his son, Asaiah his son.
cantor	1	singer (0.67), shemuel (0.50), kohathites (0.13), heman (0.13)	1 Crônicas 6:33 — And these are they that waited with their children. Of the sons of the Kohathites: Heman a singer, the son of Joel, the son of Shemuel,
toá	1	toah (1.00), jeroham (0.18), eliel (0.18), elkanah (0.10)	1 Crônicas 6:34 — The son of Elkanah, the son of Jeroham, the son of Eliel, the son of Toah,
baaseias	1	baaseiah (1.00), malchiah (0.20), michael (0.08), son (0.00)	1 Crônicas 6:40 — The son of Michael, the son of Baaseiah, the son of Malchiah,
etni	1	ethni (1.00), adaiah (0.20), zerah (0.10), son (0.00)	1 Crônicas 6:41 — The son of Ethni, the son of Zerah, the son of Adaiah,
quisi	1	kishi (1.00), abdi (0.50), malluch (0.29), ethan (0.25)	1 Crônicas 6:44 — And their brethren the sons of Merari stood on the left hand: Ethan the son of Kishi, the son of Abdi, the son of Malluch,
hilém	1	hilen (1.00), debir (0.15), suburbs (0.03)	1 Crônicas 6:58 — And Hilen with her suburbs, Debir with her suburbs,
bileã	1	bileam (1.00), aner (0.50), kohath (0.07), suburbs (0.03)	1 Crônicas 6:70 — And out of the half tribe of Manasseh; Aner with her suburbs, and Bileam with her suburbs, for the family of the remnant of the sons of Kohath.
aném	1	anem (1.00), ramoth (0.22), suburbs (0.03)	1 Crônicas 6:73 — And Ramoth with her suburbs, and Anem with her suburbs:
masal	1	mashal (1.00), abdon (0.22), asher (0.05), suburbs (0.03)	1 Crônicas 6:74 — And out of the tribe of Asher; Mashal with her suburbs, and Abdon with her suburbs,
jeriel	1	jeriel (1.00), jahmai (1.00), jibsam (1.00), shemuel (0.50)	1 Crônicas 7:2 — And the sons of Tola; Uzzi, and Rephaiah, and Jeriel, and Jahmai, and Jibsam, and Shemuel, heads of their father's house, to wit, of Tola: they were v
jamai	1	jeriel (1.00), jahmai (1.00), jibsam (1.00), shemuel (0.50)	1 Crônicas 7:2 — And the sons of Tola; Uzzi, and Rephaiah, and Jeriel, and Jahmai, and Jibsam, and Shemuel, heads of their father's house, to wit, of Tola: they were v
ibsão	1	jeriel (1.00), jahmai (1.00), jibsam (1.00), shemuel (0.50)	1 Crônicas 7:2 — And the sons of Tola; Uzzi, and Rephaiah, and Jeriel, and Jahmai, and Jibsam, and Shemuel, heads of their father's house, to wit, of Tola: they were v
iri	1	iri (1.00), ezbon (0.67), jerimoth (0.22), genealogies (0.22)	1 Crônicas 7:7 — And the sons of Bela; Ezbon, and Uzzi, and Uzziel, and Jerimoth, and Iri, five; heads of the house of their fathers, mighty men of valour; and were re
zemira	1	zemira (1.00), alameth (1.00), becher (0.40), abiah (0.40)	1 Crônicas 7:8 — And the sons of Becher; Zemira, and Joash, and Eliezer, and Elioenai, and Omri, and Jerimoth, and Abiah, and Anathoth, and Alameth. All these are the 
aisaar	1	zethan (1.00), ahishahar (1.00), bilhan (0.50), tharshish (0.50)	1 Crônicas 7:10 — The sons also of Jediael; Bilhan: and the sons of Bilhan; Jeush, and Benjamin, and Ehud, and Chenaanah, and Zethan, and Tharshish, and Ahishahar.
aer	1	aher (1.00), shuppim (0.50), huppim (0.50), hushim (0.40)	1 Crônicas 7:12 — Shuppim also, and Huppim, the children of Ir, and Hushim, the sons of Aher.
jaziel	1	jahziel (1.00), jezer (0.50), guni (0.40), bilhah (0.17)	1 Crônicas 7:13 — The sons of Naphtali; Jahziel, and Guni, and Jezer, and Shallum, the sons of Bilhah.
hamolequete	1	hammoleketh (1.00), ishod (1.00), mahalah (1.00), abiezer (0.25)	1 Crônicas 7:18 — And his sister Hammoleketh bare Ishod, and Abiezer, and Mahalah.
is-hode	1	hammoleketh (1.00), ishod (1.00), mahalah (1.00), abiezer (0.25)	1 Crônicas 7:18 — And his sister Hammoleketh bare Ishod, and Abiezer, and Mahalah.
aiã	1	shemidah (1.00), ahian (1.00), likhi (1.00), aniam (1.00)	1 Crônicas 7:19 — And the sons of Shemidah were, Ahian, and Shechem, and Likhi, and Aniam.
liqui	1	shemidah (1.00), ahian (1.00), likhi (1.00), aniam (1.00)	1 Crônicas 7:19 — And the sons of Shemidah were, Ahian, and Shechem, and Likhi, and Aniam.
anião	1	shemidah (1.00), ahian (1.00), likhi (1.00), aniam (1.00)	1 Crônicas 7:19 — And the sons of Shemidah were, Ahian, and Shechem, and Likhi, and Aniam.
elada	1	eladah (1.00), shuthelah (0.40), bered (0.40), tahath (0.33)	1 Crônicas 7:20 — And the sons of Ephraim; Shuthelah, and Bered his son, and Tahath his son, and Eladah his son, and Tahath his son,
eleade	1	elead (1.00), shuthelah (0.40), zabad (0.22), ezer (0.18)	1 Crônicas 7:21 — And Zabad his son, and Shuthelah his son, and Ezer, and Elead, whom the men of Gath that were born in that land slew, because they came down to take a
seerá	1	sherah (1.00), uzzen-sherah (1.00), beth-horon (0.14), nether (0.12)	1 Crônicas 7:24 — (And his daughter was Sherah, who built Beth-horon the nether, and the upper, and Uzzen-sherah.)
uzém-seerá	1	sherah (1.00), uzzen-sherah (1.00), beth-horon (0.14), nether (0.12)	1 Crônicas 7:24 — (And his daughter was Sherah, who built Beth-horon the nether, and the upper, and Uzzen-sherah.)
refa	1	rephah (1.00), resheph (1.00), telah (1.00), tahan (0.67)	1 Crônicas 7:25 — And Rephah was his son, also Resheph, and Telah his son, and Tahan his son,
naarã	1	naaran (1.00), gezer (0.15), gaza (0.11), habitations (0.09)	1 Crônicas 7:28 — And their possessions and habitations were, Beth-el and the towns thereof, and eastward Naaran, and westward Gezer, with the towns thereof; Shechem al
imná	1	isuah (1.00), ishuai (1.00), imnah (0.67), serah (0.67)	1 Crônicas 7:30 — The sons of Asher; Imnah, and Isuah, and Ishuai, and Beriah, and Serah their sister.
birzavite	1	birzavith (1.00), malchiel (0.50), beriah (0.18), heber (0.14)	1 Crônicas 7:31 — And the sons of Beriah; Heber, and Malchiel, who is the father of Birzavith.
pasaque	1	pasach (1.00), bimhal (1.00), ashvath (1.00), japhlet (0.67)	1 Crônicas 7:33 — And the sons of Japhlet; Pasach, and Bimhal, and Ashvath. These are the children of Japhlet.
bimal	1	pasach (1.00), bimhal (1.00), ashvath (1.00), japhlet (0.67)	1 Crônicas 7:33 — And the sons of Japhlet; Pasach, and Bimhal, and Ashvath. These are the children of Japhlet.
asvate	1	pasach (1.00), bimhal (1.00), ashvath (1.00), japhlet (0.67)	1 Crônicas 7:33 — And the sons of Japhlet; Pasach, and Bimhal, and Ashvath. These are the children of Japhlet.
jeubá	1	rohgah (1.00), jehubbah (1.00), shamer (0.67), ahi (0.67)	1 Crônicas 7:34 — And the sons of Shamer; Ahi, and Rohgah, Jehubbah, and Aram.
amal	1	imna (1.00), shelesh (1.00), amal (1.00), zophah (0.67)	1 Crônicas 7:35 — And the sons of his brother Helem; Zophah, and Imna, and Shelesh, and Amal.
harnefer	1	suah (1.00), harnepher (1.00), beri (1.00), imrah (1.00)	1 Crônicas 7:36 — The sons of Zophah; Suah, and Harnepher, and Shual, and Beri, and Imrah,
beri	1	suah (1.00), harnepher (1.00), beri (1.00), imrah (1.00)	1 Crônicas 7:36 — The sons of Zophah; Suah, and Harnepher, and Shual, and Beri, and Imrah,
inra	1	suah (1.00), harnepher (1.00), beri (1.00), imrah (1.00)	1 Crônicas 7:36 — The sons of Zophah; Suah, and Harnepher, and Shual, and Beri, and Imrah,
hode	1	hod (1.00), shamma (1.00), shilshah (1.00), beera (1.00)	1 Crônicas 7:37 — Bezer, and Hod, and Shamma, and Shilshah, and Ithran, and Beera.
silsa	1	hod (1.00), shamma (1.00), shilshah (1.00), beera (1.00)	1 Crônicas 7:37 — Bezer, and Hod, and Shamma, and Shilshah, and Ithran, and Beera.
pispa	1	pispah (1.00), ara (1.00), jether (0.25), jephunneh (0.12)	1 Crônicas 7:38 — And the sons of Jether; Jephunneh, and Pispah, and Ara.
ula	1	ulla (1.00), haniel (1.00), rezia (1.00), arah (0.40)	1 Crônicas 7:39 — And the sons of Ulla; Arah, and Haniel, and Rezia.
rizia	1	ulla (1.00), haniel (1.00), rezia (1.00), arah (0.40)	1 Crônicas 7:39 — And the sons of Ulla; Arah, and Haniel, and Rezia.
aará	1	aharah (1.00), ashbel (0.50), bela (0.14), firstborn (0.02)	1 Crônicas 8:1 — Now Benjamin begat Bela his firstborn, Ashbel the second, and Aharah the third,
noá	1	nohah (1.00), rapha (0.67), fifth (0.02), fourth (0.02)	1 Crônicas 8:2 — Nohah the fourth, and Rapha the fifth.
aoá	1	ahoah (1.00), abishua (0.33), naaman (0.13)	1 Crônicas 8:4 — And Abishua, and Naaman, and Ahoah,
sefufá	1	shephuphan (1.00), gera (0.20), huram (0.17)	1 Crônicas 8:5 — And Gera, and Shephuphan, and Huram.
baara	1	shaharaim (1.00), baara (1.00), hushim (0.40), moab (0.01)	1 Crônicas 8:8 — And Shaharaim begat children in the country of Moab, after he had sent them away; Hushim and Baara were his wives.
hodes	1	hodesh (1.00), zibia (1.00), malcham (0.67), mesha (0.40)	1 Crônicas 8:9 — And he begat of Hodesh his wife, Jobab, and Zibia, and Mesha, and Malcham,
zibia	1	hodesh (1.00), zibia (1.00), malcham (0.67), mesha (0.40)	1 Crônicas 8:9 — And he begat of Hodesh his wife, Jobab, and Zibia, and Mesha, and Malcham,
jeuz	1	jeuz (1.00), shachia (1.00), mirma (1.00), heads (0.01)	1 Crônicas 8:10 — And Jeuz, and Shachia, and Mirma. These were his sons, heads of the fathers.
saquias	1	jeuz (1.00), shachia (1.00), mirma (1.00), heads (0.01)	1 Crônicas 8:10 — And Jeuz, and Shachia, and Mirma. These were his sons, heads of the fathers.
mirma	1	jeuz (1.00), shachia (1.00), mirma (1.00), heads (0.01)	1 Crônicas 8:10 — And Jeuz, and Shachia, and Mirma. These were his sons, heads of the fathers.
abitube	1	abitub (1.00), elpaal (0.50), hushim (0.40), begat (0.01)	1 Crônicas 8:11 — And of Hushim he begat Abitub, and Elpaal.
misã	1	misham (1.00), elpaal (0.50), shamed (0.40), lod (0.40)	1 Crônicas 8:12 — The sons of Elpaal; Eber, and Misham, and Shamed, who built Ono, and Lod, with the towns thereof:
semede	1	misham (1.00), elpaal (0.50), shamed (0.40), lod (0.40)	1 Crônicas 8:12 — The sons of Elpaal; Eber, and Misham, and Shamed, who built Ono, and Lod, with the towns thereof:
eder	1	ader (1.00), arad (0.33), zebadiah (0.20)	1 Crônicas 8:15 — And Zebadiah, and Arad, and Ader,
ispa	1	ispah (1.00), joha (0.67), beriah (0.18), michael (0.08)	1 Crônicas 8:16 — And Michael, and Ispah, and Joha, the sons of Beriah;
hizque	1	hezeki (1.00), zebadiah (0.20), heber (0.14), meshullam (0.08)	1 Crônicas 8:17 — And Zebadiah, and Meshullam, and Hezeki, and Heber,
ismerai	1	ishmerai (1.00), jezliah (1.00), elpaal (0.50), jobab (0.20)	1 Crônicas 8:18 — Ishmerai also, and Jezliah, and Jobab, the sons of Elpaal;
izlias	1	ishmerai (1.00), jezliah (1.00), elpaal (0.50), jobab (0.20)	1 Crônicas 8:18 — Ishmerai also, and Jezliah, and Jobab, the sons of Elpaal;
elienai	1	elienai (1.00), zilthai (0.67), eliel (0.18)	1 Crônicas 8:20 — And Elienai, and Zilthai, and Eliel,
beraías	1	beraiah (1.00), shimrath (1.00), shimhi (1.00), adaiah (0.20)	1 Crônicas 8:21 — And Adaiah, and Beraiah, and Shimrath, the sons of Shimhi;
sinrate	1	beraiah (1.00), shimrath (1.00), shimhi (1.00), adaiah (0.20)	1 Crônicas 8:21 — And Adaiah, and Beraiah, and Shimrath, the sons of Shimhi;
ispã	1	ishpan (1.00), eliel (0.18), heber (0.14)	1 Crônicas 8:22 — And Ishpan, and Heber, and Eliel,
antotias	1	antothijah (1.00), hananiah (0.07), elam (0.07)	1 Crônicas 8:24 — And Hananiah, and Elam, and Antothijah,
ifdeias	1	iphedeiah (1.00), shashak (0.67), penuel (0.25), sons (0.00)	1 Crônicas 8:25 — And Iphedeiah, and Penuel, the sons of Shashak;
sanserai	1	shamsherai (1.00), shehariah (1.00), athaliah (0.11)	1 Crônicas 8:26 — And Shamsherai, and Shehariah, and Athaliah,
jaaresias	1	jaresiah (1.00), eliah (0.67), jeroham (0.18), zichri (0.15)	1 Crônicas 8:27 — And Jaresiah, and Eliah, and Zichri, the sons of Jeroham.
zequer	1	zacher (1.00), ahio (0.29), gedor (0.25)	1 Crônicas 8:31 — And Gedor, and Ahio, and Zacher.
tareá	1	tarea (1.00), pithon (0.67), melech (0.67), micah (0.07)	1 Crônicas 8:35 — And the sons of Micah were, Pithon, and Melech, and Tarea, and Ahaz.
ezeque	1	eshek (1.00), jehush (1.00), ulam (0.40), eliphelet (0.29)	1 Crônicas 8:39 — And the sons of Eshek his brother were, Ulam his firstborn, Jehush the second, and Eliphelet the third.
inri	1	uthai (0.67), imri (0.67), ammihud (0.18), pharez (0.18)	1 Crônicas 9:4 — Uthai the son of Ammihud, the son of Omri, the son of Imri, the son of Bani, of the children of Pharez the son of Judah.
hassenua	1	hasenuah (1.00), sallu (0.50), hodaviah (0.50), meshullam (0.08)	1 Crônicas 9:7 — And of the sons of Benjamin; Sallu the son of Meshullam, the son of Hodaviah, the son of Hasenuah,
ibneias	1	ibneiah (1.00), michri (1.00), shephathiah (1.00), ibnijah (1.00)	1 Crônicas 9:8 — And Ibneiah the son of Jeroham, and Elah the son of Uzzi, the son of Michri, and Meshullam the son of Shephathiah, the son of Reuel, the son of Ibnija
micri	1	ibneiah (1.00), michri (1.00), shephathiah (1.00), ibnijah (1.00)	1 Crônicas 9:8 — And Ibneiah the son of Jeroham, and Elah the son of Uzzi, the son of Michri, and Meshullam the son of Shephathiah, the son of Reuel, the son of Ibnija
ibnijas	1	ibneiah (1.00), michri (1.00), shephathiah (1.00), ibnijah (1.00)	1 Crônicas 9:8 — And Ibneiah the son of Jeroham, and Elah the son of Uzzi, the son of Michri, and Meshullam the son of Shephathiah, the son of Reuel, the son of Ibnija
masai	1	maasiai (1.00), jahzerah (1.00), meshillemith (1.00), adiel (0.50)	1 Crônicas 9:12 — And Adaiah the son of Jeroham, the son of Pashur, the son of Malchijah, and Maasiai the son of Adiel, the son of Jahzerah, the son of Meshullam, the s
mesilemite	1	maasiai (1.00), jahzerah (1.00), meshillemith (1.00), adiel (0.50)	1 Crônicas 9:12 — And Adaiah the son of Jeroham, the son of Pashur, the son of Malchijah, and Maasiai the son of Adiel, the son of Jahzerah, the son of Meshullam, the s
baquebacar	1	bakbakkar (1.00), heresh (1.00), galal (0.50), zichri (0.15)	1 Crônicas 9:15 — And Bakbakkar, Heresh, and Galal, and Mattaniah the son of Micah, the son of Zichri, the son of Asaph;
porteiros-mores	1	treasuries (0.20), porters (0.06), chambers (0.03), office (0.02)	1 Crônicas 9:26 — For these Levites, the four chief porters, were in their set office, and were over the chambers and treasuries of the house of God.
coraíta	1	korahite (1.00), pans (0.40), mattithiah (0.22), shallum (0.07)	1 Crônicas 9:31 — And Mattithiah, one of the Levites, who was the firstborn of Shallum the Korahite, had the set office over the things that were made in the pans.
hacmonita	1	hachmonite (1.00), jashobeam (0.50), spear (0.05), captains (0.02)	1 Crônicas 11:11 — And this is the number of the mighty men whom David had; Jashobeam, an Hachmonite, the chief of the captains: he lifted up his spear against three hun
pas-damim	1	pas-dammim (1.00), parcel (0.29), barley (0.05), fled (0.01)	1 Crônicas 11:13 — He was with David at Pas-dammim, and there the Philistines were gathered together to battle, where was a parcel of ground full of barley; and the peop
samote	1	shammoth (1.00), harorite (1.00), pelonite (0.50), helez (0.40)	1 Crônicas 11:27 — Shammoth the Harorite, Helez the Pelonite,
harorita	1	shammoth (1.00), harorite (1.00), pelonite (0.50), helez (0.40)	1 Crônicas 11:27 — Shammoth the Harorite, Helez the Pelonite,
ilai	1	ilai (1.00), sibbecai (0.67), hushathite (0.33), ahohite (0.33)	1 Crônicas 11:29 — Sibbecai the Hushathite, Ilai the Ahohite,
helede	1	heled (1.00), maharai (0.50), netophathite (0.25), baanah (0.18)	1 Crônicas 11:30 — Maharai the Netophathite, Heled the son of Baanah the Netophathite,
hurai	1	hurai (1.00), arbathite (0.67), abiel (0.50), gaash (0.40)	1 Crônicas 11:32 — Hurai of the brooks of Gaash, Abiel the Arbathite,
baarumita	1	baharumite (1.00), eliahba (0.67), shaalbonite (0.67), azmaveth (0.22)	1 Crônicas 11:33 — Azmaveth the Baharumite, Eliahba the Shaalbonite,
hasém	1	hashem (1.00), gizonite (1.00), shage (1.00), hararite (0.40)	1 Crônicas 11:34 — The sons of Hashem the Gizonite, Jonathan the son of Shage the Hararite,
gizonita	1	hashem (1.00), gizonite (1.00), shage (1.00), hararite (0.40)	1 Crônicas 11:34 — The sons of Hashem the Gizonite, Jonathan the son of Shage the Hararite,
sage	1	hashem (1.00), gizonite (1.00), shage (1.00), hararite (0.40)	1 Crônicas 11:34 — The sons of Hashem the Gizonite, Jonathan the son of Shage the Hararite,
elifal	1	eliphal (1.00), ahiam (0.67), sacar (0.67), hararite (0.40)	1 Crônicas 11:35 — Ahiam the son of Sacar the Hararite, Eliphal the son of Ur,
mequeratita	1	mecherathite (1.00), pelonite (0.50), hepher (0.20), ahijah (0.10)	1 Crônicas 11:36 — Hepher the Mecherathite, Ahijah the Pelonite,
hezro	1	hezro (1.00), naarai (1.00), ezbai (1.00), carmelite (0.33)	1 Crônicas 11:37 — Hezro the Carmelite, Naarai the son of Ezbai,
ezbai	1	hezro (1.00), naarai (1.00), ezbai (1.00), carmelite (0.33)	1 Crônicas 11:37 — Hezro the Carmelite, Naarai the son of Ezbai,
mibar	1	mibhar (1.00), haggeri (1.00), joel (0.09), nathan (0.05)	1 Crônicas 11:38 — Joel the brother of Nathan, Mibhar the son of Haggeri,
hagri	1	mibhar (1.00), haggeri (1.00), joel (0.09), nathan (0.05)	1 Crônicas 11:38 — Joel the brother of Nathan, Mibhar the son of Haggeri,
adina	1	adina (1.00), shiza (1.00), reubenite (1.00), reubenites (0.12)	1 Crônicas 11:42 — Adina the son of Shiza the Reubenite, a captain of the Reubenites, and thirty with him,
siza	1	adina (1.00), shiza (1.00), reubenite (1.00), reubenites (0.12)	1 Crônicas 11:42 — Adina the son of Shiza the Reubenite, a captain of the Reubenites, and thirty with him,
rubenita	1	adina (1.00), shiza (1.00), reubenite (1.00), reubenites (0.12)	1 Crônicas 11:42 — Adina the son of Shiza the Reubenite, a captain of the Reubenites, and thirty with him,
mitenita	1	joshaphat (1.00), mithnite (1.00), hanan (0.15), maachah (0.11)	1 Crônicas 11:43 — Hanan the son of Maachah, and Joshaphat the Mithnite,
asteratita	1	uzzia (1.00), ashterathite (1.00), shama (1.00), hothan (1.00)	1 Crônicas 11:44 — Uzzia the Ashterathite, Shama and Jehiel the sons of Hothan the Aroerite,
sama	1	uzzia (1.00), ashterathite (1.00), shama (1.00), hothan (1.00)	1 Crônicas 11:44 — Uzzia the Ashterathite, Shama and Jehiel the sons of Hothan the Aroerite,
aroerita	1	uzzia (1.00), ashterathite (1.00), shama (1.00), hothan (1.00)	1 Crônicas 11:44 — Uzzia the Ashterathite, Shama and Jehiel the sons of Hothan the Aroerite,
tizita	1	tizite (1.00), joha (0.67), shimri (0.50), jediael (0.29)	1 Crônicas 11:45 — Jediael the son of Shimri, and Joha his brother, the Tizite,
maavita	1	mahavite (1.00), jeribai (1.00), joshaviah (1.00), elnaam (1.00)	1 Crônicas 11:46 — Eliel the Mahavite, and Jeribai, and Joshaviah, the sons of Elnaam, and Ithmah the Moabite,
jeribai	1	mahavite (1.00), jeribai (1.00), joshaviah (1.00), elnaam (1.00)	1 Crônicas 11:46 — Eliel the Mahavite, and Jeribai, and Joshaviah, the sons of Elnaam, and Ithmah the Moabite,
josavias	1	mahavite (1.00), jeribai (1.00), joshaviah (1.00), elnaam (1.00)	1 Crônicas 11:46 — Eliel the Mahavite, and Jeribai, and Joshaviah, the sons of Elnaam, and Ithmah the Moabite,
elnaão	1	mahavite (1.00), jeribai (1.00), joshaviah (1.00), elnaam (1.00)	1 Crônicas 11:46 — Eliel the Mahavite, and Jeribai, and Joshaviah, the sons of Elnaam, and Ithmah the Moabite,
itma	1	mahavite (1.00), jeribai (1.00), joshaviah (1.00), elnaam (1.00)	1 Crônicas 11:46 — Eliel the Mahavite, and Jeribai, and Joshaviah, the sons of Elnaam, and Ithmah the Moabite,
mesobaíta	1	jasiel (1.00), mesobaite (1.00), eliel (0.18), obed (0.17)	1 Crônicas 11:47 — Eliel, and Obed, and Jasiel the Mesobaite.
aiezer	1	shemaah (1.00), gibeathite (1.00), jeziel (1.00), pelet (0.67)	1 Crônicas 12:3 — The chief was Ahiezer, then Joash, the sons of Shemaah the Gibeathite; and Jeziel, and Pelet, the sons of Azmaveth; and Berachah, and Jehu the Antothi
semaa	1	shemaah (1.00), gibeathite (1.00), jeziel (1.00), pelet (0.67)	1 Crônicas 12:3 — The chief was Ahiezer, then Joash, the sons of Shemaah the Gibeathite; and Jeziel, and Pelet, the sons of Azmaveth; and Berachah, and Jehu the Antothi
gibeatita	1	shemaah (1.00), gibeathite (1.00), jeziel (1.00), pelet (0.67)	1 Crônicas 12:3 — The chief was Ahiezer, then Joash, the sons of Shemaah the Gibeathite; and Jeziel, and Pelet, the sons of Azmaveth; and Berachah, and Jehu the Antothi
jeziel	1	shemaah (1.00), gibeathite (1.00), jeziel (1.00), pelet (0.67)	1 Crônicas 12:3 — The chief was Ahiezer, then Joash, the sons of Shemaah the Gibeathite; and Jeziel, and Pelet, the sons of Azmaveth; and Berachah, and Jehu the Antothi
gederatita	1	ismaiah (1.00), josabad (1.00), gederathite (1.00), gibeonite (0.67)	1 Crônicas 12:4 — And Ismaiah the Gibeonite, a mighty man among the thirty, and over the thirty; and Jeremiah, and Jahaziel, and Johanan, and Josabad the Gederathite,
eluzai	1	eluzai (1.00), bealiah (1.00), haruphite (1.00), shemariah (0.50)	1 Crônicas 12:5 — Eluzai, and Jerimoth, and Bealiah, and Shemariah, and Shephatiah the Haruphite,
bealias	1	eluzai (1.00), bealiah (1.00), haruphite (1.00), shemariah (0.50)	1 Crônicas 12:5 — Eluzai, and Jerimoth, and Bealiah, and Shemariah, and Shephatiah the Haruphite,
safatias	1	eluzai (1.00), bealiah (1.00), haruphite (1.00), shemariah (0.50)	1 Crônicas 12:5 — Eluzai, and Jerimoth, and Bealiah, and Shemariah, and Shephatiah the Haruphite,
harufita	1	eluzai (1.00), bealiah (1.00), haruphite (1.00), shemariah (0.50)	1 Crônicas 12:5 — Eluzai, and Jerimoth, and Bealiah, and Shemariah, and Shephatiah the Haruphite,
joezer	1	joezer (1.00), jesiah (0.67), jashobeam (0.50), korhites (0.40)	1 Crônicas 12:6 — Elkanah, and Jesiah, and Azareel, and Joezer, and Jashobeam, the Korhites,
joela	1	joelah (1.00), gedor (0.25), zebadiah (0.20), jeroham (0.18)	1 Crônicas 12:7 — And Joelah, and Zebadiah, the sons of Jeroham of Gedor.
mismana	1	mishmannah (1.00), fifth (0.02), fourth (0.02), jeremiah (0.01)	1 Crônicas 12:10 — Mishmannah the fourth, Jeremiah the fifth,
macbanai	1	machbanai (1.00), eleventh (0.07), tenth (0.03), jeremiah (0.01)	1 Crônicas 12:13 — Jeremiah the tenth, Machbanai the eleventh.
quidom	1	chidon (1.00), stumbled (0.25), uzza (0.18), threshingfloor (0.11)	1 Crônicas 13:9 — And when they came unto the threshingfloor of Chidon, Uzza put forth his hand to hold the ark; for the oxen stumbled.
perez-uzá	1	perez-uzza (1.00), uzza (0.18), breach (0.09), displeased (0.07)	1 Crônicas 13:11 — And David was displeased, because the LORD had made a breach upon Uzza: wherefore that place is called Perez-uzza to this day.
elpelete	1	elpalet (1.00), elishua (0.67), ibhar (0.50)	1 Crônicas 14:5 — And Ibhar, and Elishua, and Elpalet,
beeliada	1	beeliada (1.00), eliphalet (0.67), elishama (0.11)	1 Crônicas 14:7 — And Elishama, and Beeliada, and Eliphalet.
cusaías	1	kushaiah (1.00), ethan (0.25), berechiah (0.18), heman (0.13)	1 Crônicas 15:17 — So the Levites appointed Heman the son of Joel; and of his brethren, Asaph the son of Berechiah; and of the sons of Merari their brethren, Ethan the s
bene	1	ben (1.00), jaaziel (1.00), elipheleh (0.67), mikneiah (0.67)	1 Crônicas 15:18 — And with them their brethren of the second degree, Zechariah, Ben, and Jaaziel, and Shemiramoth, and Jehiel, and Unni, Eliab, and Benaiah, and Maaseia
aziel	1	aziel (1.00), alamoth (1.00), unni (0.50), shemiramoth (0.40)	1 Crônicas 15:20 — And Zechariah, and Aziel, and Shemiramoth, and Jehiel, and Unni, and Eliab, and Maaseiah, and Benaiah, with psalteries on Alamoth;
alamote	1	aziel (1.00), alamoth (1.00), unni (0.50), shemiramoth (0.40)	1 Crônicas 15:20 — And Zechariah, and Aziel, and Shemiramoth, and Jehiel, and Unni, and Eliab, and Maaseiah, and Benaiah, with psalteries on Alamoth;
seminite	1	sheminith (1.00), elipheleh (0.67), mikneiah (0.67), azaziah (0.50)	1 Crônicas 15:21 — And Mattithiah, and Elipheleh, and Mikneiah, and Obed-edom, and Jeiel, and Azaziah, with harps on the Sheminith to excel.
jeías	1	jehiah (1.00), doorkeepers (0.67), amasai (0.33), shebaniah (0.25)	1 Crônicas 15:24 — And Shebaniah, and Jehoshaphat, and Nethaneel, and Amasai, and Zechariah, and Benaiah, and Eliezer, the priests, did blow with the trumpets before the
roupão	1	chenaniah (0.50), robe (0.06), singers (0.05), ephod (0.05)	1 Crônicas 15:27 — And David was clothed with a robe of fine linen, and all the Levites that bare the ark, and the singers, and Chenaniah the master of the song with the
tibate	1	tibhath (1.00), chun (1.00), hadarezer (0.18), brasen (0.07)	1 Crônicas 18:8 — Likewise from Tibhath, and from Chun, cities of Hadarezer, brought David very much brass, wherewith Solomon made the brasen sea, and the pillars, and 
cum	1	tibhath (1.00), chun (1.00), hadarezer (0.18), brasen (0.07)	1 Crônicas 18:8 — Likewise from Tibhath, and from Chun, cities of Hadarezer, brought David very much brass, wherewith Solomon made the brasen sea, and the pillars, and 
sausa	1	shavsha (1.00), ahitub (0.13), abiathar (0.07), zadok (0.04)	1 Crônicas 18:16 — And Zadok the son of Ahitub, and Abimelech the son of Abiathar, were the priests; and Shavsha was scribe;
sipai	1	sippai (1.00), sibbechai (0.67), hushathite (0.33), giant (0.22)	1 Crônicas 20:4 — And it came to pass after this, that there arose war at Gezer with the Philistines; at which time Sibbechai the Hushathite slew Sippai, that was of th
lami	1	lahmi (1.00), elhanan (0.40), weaver's (0.33), goliath (0.29)	1 Crônicas 20:5 — And there was war again with the Philistines; and Elhanan the son of Jair slew Lahmi the brother of Goliath the Gittite, whose spear staff was like a 
haziel	1	haziel (1.00), laadan (0.33), shelomith (0.20), haran (0.08)	1 Crônicas 23:9 — The sons of Shimei; Shelomith, and Haziel, and Haran, three. These were the chief of the fathers of Laadan.
seorim	1	seorim (1.00), harim (0.17), fourth (0.02), third (0.01)	1 Crônicas 24:8 — The third to Harim, the fourth to Seorim,
hacoz	1	hakkoz (1.00), abijah (0.10), eighth (0.03), seventh (0.01)	1 Crônicas 24:10 — The seventh to Hakkoz, the eighth to Abijah,
hupa	1	huppah (1.00), jeshebeab (1.00), thirteenth (0.12), fourteenth (0.07)	1 Crônicas 24:13 — The thirteenth to Huppah, the fourteenth to Jeshebeab,
jesebeabe	1	huppah (1.00), jeshebeab (1.00), thirteenth (0.12), fourteenth (0.07)	1 Crônicas 24:13 — The thirteenth to Huppah, the fourteenth to Jeshebeab,
hapizes	1	aphses (1.00), hezir (0.67), seventeenth (0.18), eighteenth (0.11)	1 Crônicas 24:15 — The seventeenth to Hezir, the eighteenth to Aphses,
jeezquel	1	jehezekel (1.00), pethahiah (0.40), nineteenth (0.13), twentieth (0.05)	1 Crônicas 24:16 — The nineteenth to Pethahiah, the twentieth to Jehezekel,
gamul	1	gamul (1.00), jachin (0.22), twentieth (0.05), two (0.00)	1 Crônicas 24:17 — The one and twentieth to Jachin, the two and twentieth to Gamul,
soão	1	shoham (1.00), ibri (1.00), jaaziah (0.67), beno (0.67)	1 Crônicas 24:27 — The sons of Merari by Jaaziah; Beno, and Shoham, and Zaccur, and Ibri.
ibri	1	shoham (1.00), ibri (1.00), jaaziah (0.67), beno (0.67)	1 Crônicas 24:27 — The sons of Merari by Jaaziah; Beno, and Shoham, and Zaccur, and Ibri.
asarela	1	asarelah (1.00), zaccur (0.22), nethaniah (0.10), asaph (0.07)	1 Crônicas 25:2 — Of the sons of Asaph; Zaccur, and Joseph, and Nethaniah, and Asarelah, the sons of Asaph under the hands of Asaph, which prophesied according to the o
zeri	1	zeri (1.00), jeshaiah (0.33), mattithiah (0.22), jeduthun (0.17)	1 Crônicas 25:3 — Of Jeduthun: the sons of Jeduthun; Gedaliah, and Zeri, and Jeshaiah, Hashabiah, and Mattithiah, six, under the hands of their father Jeduthun, who pro
izri	1	izri (1.00), fourth (0.02), twelve (0.01), brethren (0.00)	1 Crônicas 25:11 — The fourth to Izri, he, his sons, and his brethren, were twelve:
jesarela	1	jesharelah (1.00), seventh (0.01), twelve (0.01), brethren (0.00)	1 Crônicas 25:14 — The seventh to Jesharelah, he, his sons, and his brethren, were twelve:
jatniel	1	jathniel (1.00), meshelemiah (0.40), jediael (0.29), zebadiah (0.20)	1 Crônicas 26:2 — And the sons of Meshelemiah were, Zechariah the firstborn, Jediael the second, Zebadiah the third, Jathniel the fourth,
peuletai	1	peulthai (1.00), ammiel (0.29), issachar (0.05), eighth (0.03)	1 Crônicas 26:5 — Ammiel the sixth, Issachar the seventh, Peulthai the eighth: for God blessed him.
otni	1	othni (1.00), rephael (1.00), semachiah (1.00), elzabad (0.67)	1 Crônicas 26:7 — The sons of Shemaiah; Othni, and Rephael, and Obed, Elzabad, whose brethren were strong men, Elihu, and Semachiah.
semaquias	1	othni (1.00), rephael (1.00), semachiah (1.00), elzabad (0.67)	1 Crônicas 26:7 — The sons of Shemaiah; Othni, and Rephael, and Obed, Elzabad, whose brethren were strong men, Elihu, and Semachiah.
tebalias	1	tebaliah (1.00), hosah (0.33), thirteen (0.12), hilkiah (0.06)	1 Crônicas 26:11 — Hilkiah the second, Tebaliah the third, Zechariah the fourth: all the sons and brethren of Hosah were thirteen.
salequete	1	shallecheth (1.00), causeway (0.67), shuppim (0.50), hosah (0.33)	1 Crônicas 26:16 — To Shuppim and Hosah the lot came forth westward, with the gate Shallecheth, by the causeway of the going up, ward against ward.
anramitas	1	amramites (0.67), uzzielites (0.67), izharites (0.50), hebronites (0.33)	1 Crônicas 26:23 — Of the Amramites, and the Izharites, the Hebronites, and the Uzzielites:
dodai	1	dodai (1.00), mikloth (0.40), ahohite (0.33), course (0.03)	1 Crônicas 27:4 — And over the course of the second month was Dodai an Ahohite, and of his course was Mikloth also the ruler: in his course likewise were twenty and fou
amizabade	1	ammizabad (1.00), benaiah (0.05), course (0.03), thirty (0.01)	1 Crônicas 27:6 — This is that Benaiah, who was mighty among the thirty, and above the thirty: and in his course was Ammizabad his son.
samute	1	shamhuth (1.00), izrahite (1.00), course (0.03), fifth (0.02)	1 Crônicas 27:8 — The fifth captain for the fifth month was Shamhuth the Izrahite: and in his course were twenty and four thousand.
izraíta	1	shamhuth (1.00), izrahite (1.00), course (0.03), fifth (0.02)	1 Crônicas 27:8 — The fifth captain for the fifth month was Shamhuth the Izrahite: and in his course were twenty and four thousand.
aronitas	1	aaronites (0.67), kemuel (0.50), hashabiah (0.13), zadok (0.04)	1 Crônicas 27:17 — Of the Levites, Hashabiah the son of Kemuel: of the Aaronites, Zadok:
ezri	1	ezri (1.00), chelub (0.67), tillage (0.50), ground (0.01)	1 Crônicas 27:26 — And over them that did the work of the field for tillage of the ground was Ezri the son of Chelub:
ramatita	1	ramathite (1.00), shiphmite (1.00), cellars (0.67), zabdi (0.29)	1 Crônicas 27:27 — And over the vineyards was Shimei the Ramathite: over the increase of the vineyards for the wine cellars was Zabdi the Shiphmite:
sifmita	1	ramathite (1.00), shiphmite (1.00), cellars (0.67), zabdi (0.29)	1 Crônicas 27:27 — And over the vineyards was Shimei the Ramathite: over the increase of the vineyards for the wine cellars was Zabdi the Shiphmite:
gederita	1	gederite (1.00), cellars (0.67), baal-hanan (0.33), sycomore (0.25)	1 Crônicas 27:28 — And over the olive trees and the sycomore trees that were in the low plains was Baal-hanan the Gederite: and over the cellars of oil was Joash:
sitrai	1	shitrai (1.00), sharonite (1.00), adlai (1.00), sharon (0.22)	1 Crônicas 27:29 — And over the herds that fed in Sharon was Shitrai the Sharonite: and over the herds that were in the valleys was Shaphat the son of Adlai:
saronita	1	shitrai (1.00), sharonite (1.00), adlai (1.00), sharon (0.22)	1 Crônicas 27:29 — And over the herds that fed in Sharon was Shitrai the Sharonite: and over the herds that were in the valleys was Shaphat the son of Adlai:
adlai	1	shitrai (1.00), sharonite (1.00), adlai (1.00), sharon (0.22)	1 Crônicas 27:29 — And over the herds that fed in Sharon was Shitrai the Sharonite: and over the herds that were in the valleys was Shaphat the son of Adlai:
obil	1	obil (1.00), ishmaelite (1.00), jehdeiah (0.67), meronothite (0.67)	1 Crônicas 27:30 — Over the camels also was Obil the Ishmaelite: and over the asses was Jehdeiah the Meronothite:
jaziz	1	jaziz (1.00), hagerite (1.00), david's (0.04), substance (0.02)	1 Crônicas 27:31 — And over the flocks was Jaziz the Hagerite. All these were the rulers of the substance which was king David's.
hagareno	1	jaziz (1.00), hagerite (1.00), david's (0.04), substance (0.02)	1 Crônicas 27:31 — And over the flocks was Jaziz the Hagerite. All these were the rulers of the substance which was king David's.
hacmoni	1	hachmoni (1.00), uncle (0.18), counsellor (0.13), jehiel (0.12)	1 Crônicas 27:32 — Also Jonathan David's uncle was a counsellor, a wise man, and a scribe: and Jehiel the son of Hachmoni was with the king's sons:
cloé	1	chloe (1.00), contentions (0.04), declared (0.03), brethren (0.00)	1 Coríntios 1:11 — For it hath been declared unto me of you, my brethren, by them which are of the house of Chloe, that there are contentions among you.
inquiridor	1	disputer (1.00), scribe (0.04), foolish (0.03), wise (0.01)	1 Coríntios 1:20 — Where is the wise? where is the scribe? where is the disputer of this world? hath not God made foolish the wisdom of this world?
detrimento	1	loss (0.05), burned (0.02), man's (0.02), saved (0.01)	1 Coríntios 3:15 — If any man's work shall be burned, he shall suffer loss: but he himself shall be saved; yet so as by fire.
maldizente	1	railer (1.00), fornicator (0.67), idolater (0.67), extortioner (0.50)	1 Coríntios 5:11 — But now I have written unto you not to keep company, if any man that is called a brother be a fornicator, or covetous, or an idolater, or a railer, or
efeminados	1	effeminate (1.00), abusers (1.00), fornicators (0.50), idolaters (0.33)	1 Coríntios 6:9 — Know ye not that the unrighteous shall not inherit the kingdom of God? Be not deceived: neither fornicators, nor idolaters, nor adulterers, nor effemi
incircuncidado	1	uncircumcision (0.13), circumcised (0.06), uncircumcised (0.05), become (0.01)	1 Coríntios 7:18 — Is any man called being circumcised? let him not become uncircumcised. Is any called in uncircumcision? let him not be circumcised.
indecência	1	unseemly (0.67), behave (0.25), easily (0.18), thinketh (0.17)	1 Coríntios 13:5 — Doth not behave itself unseemly, seeketh not her own, is not easily provoked, thinketh no evil;
inanimadas	1	sounds (1.00), harped (1.00), distinction (0.67), piped (0.40)	1 Coríntios 14:7 — And even things without life giving sound, whether pipe or harp, except they give a distinction in the sounds, how shall it be known what is piped or 
inteligíveis	1	easy (0.13), understood (0.03), air (0.03), utter (0.03)	1 Coríntios 14:9 — So likewise ye, except ye utter by the tongue words easy to be understood, how shall it be known what is spoken? for ye shall speak into the air.
significação	1	signification (1.00), kinds (0.10), voices (0.05), none (0.00)	1 Coríntios 14:10 — There are, it may be, so many kinds of voices in the world, and none of them is without signification.
abortivo	1	due (0.03), born (0.01), last (0.01), seen (0.01)	1 Coríntios 15:8 — And last of all he was seen of me also, as of one born out of due time.
fortunato	1	fortunatus (1.00), achaicus (1.00), stephanas (0.50), supplied (0.50)	1 Coríntios 16:17 — I am glad of the coming of Stephanas and Fortunatus and Achaicus: for that which was lacking on your part they have supplied.
acaico	1	fortunatus (1.00), achaicus (1.00), stephanas (0.50), supplied (0.50)	1 Coríntios 16:17 — I am glad of the coming of Stephanas and Fortunatus and Achaicus: for that which was lacking on your part they have supplied.
maranata	1	anathema (1.00), maranatha (1.00), love (0.01), christ (0.00)	1 Coríntios 16:22 — If any man love not the Lord Jesus Christ, let him be Anathema Maranatha.
enganamo-nos	1	deceive (0.04), ourselves (0.03), truth (0.01), sin (0.00)	1 João 1:8 — If we say that we have no sin, we deceive ourselves, and the truth is not in us.
crêdes	1	eternal (0.01), believe (0.01), written (0.00), life (0.00)	1 João 5:13 — These things have I written unto you that believe on the name of the Son of God; that ye may know that ye have eternal life, and that ye may believe o
zoelete	1	zoheleth (1.00), en-rogel (0.40), adonijah (0.07), oxen (0.02)	1 Reis 1:9 — And Adonijah slew sheep and oxen and fat cattle by the stone of Zoheleth, which is by En-rogel, and called all his brethren the king's sons, and all t
alvoraçada	1	rang (0.67), gihon (0.25), nathan (0.05), zadok (0.04)	1 Reis 1:45 — And Zadok the priest and Nathan the prophet have anointed him king in Gihon: and they are come up from thence rejoicing, so that the city rang again. 
atroz	1	bahurim (0.33), benjamite (0.22), gera (0.20), mahanaim (0.14)	1 Reis 2:8 — And, behold, thou hast with thee Shimei the son of Gera, a Benjamite of Bahurim, which cursed me with a grievous curse in the day when I went to Mahan
arremteu	1	benaiah (0.05), jehoiada (0.04), buried (0.02), slew (0.01)	1 Reis 2:34 — So Benaiah the son of Jehoiada went up, and fell upon him, and slew him: and he was buried in his own house in the wilderness.
eliorefe	1	elihoreph (1.00), shisha (1.00), ahiah (0.40), ahilud (0.33)	1 Reis 4:3 — Elihoreph and Ahiah, the sons of Shisha, scribes; Jehoshaphat the son of Ahilud, the recorder.
aisar	1	ahishar (1.00), adoniram (0.67), abda (0.67), tribute (0.05)	1 Reis 4:6 — And Ahishar was over the household: and Adoniram the son of Abda was over the tribute.
ben-hur	1	hur (0.12), names (0.02), ephraim (0.01), mount (0.01)	1 Reis 4:8 — And these are their names: The son of Hur, in mount Ephraim:
ben-dequer	1	dekar (1.00), makaz (1.00), elon-beth-hanan (1.00), shaalbim (0.67)	1 Reis 4:9 — The son of Dekar, in Makaz, and in Shaalbim, and Beth-shemesh, and Elon-beth-hanan:
macaz	1	dekar (1.00), makaz (1.00), elon-beth-hanan (1.00), shaalbim (0.67)	1 Reis 4:9 — The son of Dekar, in Makaz, and in Shaalbim, and Beth-shemesh, and Elon-beth-hanan:
bete-hanã	1	dekar (1.00), makaz (1.00), elon-beth-hanan (1.00), shaalbim (0.67)	1 Reis 4:9 — The son of Dekar, in Makaz, and in Shaalbim, and Beth-shemesh, and Elon-beth-hanan:
ben-hesede	1	hesed (1.00), aruboth (1.00), sochoh (1.00), hepher (0.20)	1 Reis 4:10 — The son of Hesed, in Aruboth; to him pertained Sochoh, and all the land of Hepher:
arubote	1	hesed (1.00), aruboth (1.00), sochoh (1.00), hepher (0.20)	1 Reis 4:10 — The son of Hesed, in Aruboth; to him pertained Sochoh, and all the land of Hepher:
ben-abinadabe	1	taphath (1.00), dor (0.29), abinadab (0.15), region (0.08)	1 Reis 4:11 — The son of Abinadab, in all the region of Dor; which had Taphath the daughter of Solomon to wife:
tafate	1	taphath (1.00), dor (0.29), abinadab (0.15), region (0.08)	1 Reis 4:11 — The son of Abinadab, in all the region of Dor; which had Taphath the daughter of Solomon to wife:
ainadabe	1	ahinadab (1.00), iddo (0.14), mahanaim (0.14), son (0.00)	1 Reis 4:14 — Ahinadab the son of Iddo had Mahanaim:
parua	1	paruah (1.00), issachar (0.05), jehoshaphat (0.03), son (0.00)	1 Reis 4:17 — Jehoshaphat the son of Paruah, in Issachar:
corços	1	roebucks (1.00), fallowdeer (1.00), harts (0.67), fatted (0.33)	1 Reis 4:23 — Ten fat oxen, and twenty oxen out of the pastures, and an hundred sheep, beside harts, and roebucks, and fallowdeer, and fatted fowl.
ezraíta	1	ezrahite (1.00), chalcol (1.00), darda (1.00), mahol (1.00)	1 Reis 4:31 — For he was wiser than all men; than Ethan the Ezrahite, and Heman, and Chalcol, and Darda, the sons of Mahol: and his fame was in all nations round ab
maol	1	ezrahite (1.00), chalcol (1.00), darda (1.00), mahol (1.00)	1 Reis 4:31 — For he was wiser than all men; than Ethan the Ezrahite, and Heman, and Chalcol, and Darda, the sons of Mahol: and his fame was in all nations round ab
infortúnio	1	occurrent (1.00), adversary (0.06), rest (0.01), side (0.01)	1 Reis 5:4 — But now the LORD my God hath given me rest on every side, so that there is neither adversary nor evil occurrent.
recessos	1	narrowed (1.00), rests (1.00), nethermost (0.29), beams (0.15)	1 Reis 6:6 — The nethermost chamber was five cubits broad, and the middle was six cubits broad, and the third was seven cubits broad: for without in the wall of th
pranchões	1	beams (0.15), boards (0.05), cedar (0.04), finished (0.03)	1 Reis 6:9 — So he built the house, and finished it; and covered the house with beams and boards of cedar.
tabuados	1	beams (0.15), boards (0.05), cedar (0.04), finished (0.03)	1 Reis 6:9 — So he built the house, and finished it; and covered the house with beams and boards of cedar.
bul	1	bul (1.00), fashion (0.13), eleventh (0.07), eighth (0.03)	1 Reis 6:38 — And in the eleventh year, in the month Bul, which is the eighth month, was the house finished throughout all the parts thereof, and according to all t
travalhava	1	worker (1.00), widow's (0.33), tyre (0.05), naphtali (0.04)	1 Reis 7:14 — He was a widow's son of the tribe of Naphtali, and his father was a man of Tyre, a worker in brass: and he was filled with wisdom, and understanding, 
barrenta	1	zarthan (1.00), succoth (0.12), clay (0.06), plain (0.02)	1 Reis 7:46 — In the plain of Jordan did the king cast them, in the clay ground between Succoth and Zarthan.
etanim	1	ethanim (1.00), assembled (0.03), feast (0.02), seventh (0.01)	1 Reis 8:2 — And all the men of Israel assembled themselves unto king Solomon at the feast in the month Ethanim, which is the seventh month.
hasor	1	levy (0.33), millo (0.20), megiddo (0.17), gezer (0.15)	1 Reis 9:15 — And this is the reason of the levy which king Solomon raised; for to build the house of the LORD, and his own house, and Millo, and the wall of Jerusa
especieiros	1	merchantmen (0.67), traffick (0.33), spice (0.33), arabia (0.25)	1 Reis 10:15 — Beside that he had of the merchantmen, and of the traffick of the spice merchants, and of all the kings of Arabia, and of the governors of the country
arráteis	1	pound (0.18), shields (0.06), beaten (0.05), shield (0.04)	1 Reis 10:17 — And he made three hundred shields of beaten gold; three pound of gold went to one shield: and the king put them in the house of the forest of Lebanon.
sidônias	1	zidonians (0.20), edomites (0.14), moabites (0.11), hittites (0.09)	1 Reis 11:1 — But king Solomon loved many strange women, together with the daughter of Pharaoh, women of the Moabites, Ammonites, Edomites, Zidonians, and Hittites;
heteias	1	zidonians (0.20), edomites (0.14), moabites (0.11), hittites (0.09)	1 Reis 11:1 — But king Solomon loved many strange women, together with the daughter of Pharaoh, women of the Moabites, Ammonites, Edomites, Zidonians, and Hittites;
rezom	1	rezon (1.00), eliadah (1.00), hadadezer (0.22), zobah (0.17)	1 Reis 11:23 — And God stirred him up another adversary, Rezon the son of Eliadah, which fled from his lord Hadadezer king of Zobah:
zereda	1	zereda (1.00), zeruah (1.00), ephrathite (0.50), nebat (0.08)	1 Reis 11:26 — And Jeroboam the son of Nebat, an Ephrathite of Zereda, Solomon's servant, whose mother's name was Zeruah, a widow woman, even he lifted up his hand a
zerua	1	zereda (1.00), zeruah (1.00), ephrathite (0.50), nebat (0.08)	1 Reis 11:26 — And Jeroboam the son of Nebat, an Ephrathite of Zereda, Solomon's servant, whose mother's name was Zeruah, a widow woman, even he lifted up his hand a
extinguí-la	1	jeroboam (0.02), became (0.01), cut (0.01), destroy (0.00)	1 Reis 13:34 — And this thing became sin unto the house of Jeroboam, even to cut it off, and to destroy it from off the face of the earth.
tabrimom	1	tabrimon (1.00), hezion (1.00), ben-hadad (0.07), asa (0.04)	1 Reis 15:18 — Then Asa took all the silver and the gold that were left in the treasures of the house of the LORD, and the treasures of the king's house, and deliver
heziom	1	tabrimon (1.00), hezion (1.00), ben-hadad (0.07), asa (0.04)	1 Reis 15:18 — Then Asa took all the silver and the gold that were left in the treasures of the house of the LORD, and the treasures of the king's house, and deliver
arsa	1	arza (1.00), zimri (0.14), tirzah (0.11), conspired (0.10)	1 Reis 16:9 — And his servant Zimri, captain of half his chariots, conspired against him, as he was in Tirzah, drinking himself drunk in the house of Arza steward o
etbaal	1	ethbaal (1.00), zidonians (0.20), jezebel (0.10), nebat (0.08)	1 Reis 16:31 — And it came to pass, as if it had been a light thing for him to walk in the sins of Jeroboam the son of Nebat, that he took to wife Jezebel the daught
hiel	1	hiel (1.00), beth-elite (1.00), segub (0.50), abiram (0.20)	1 Reis 16:34 — In his days did Hiel the Beth-elite build Jericho: he laid the foundation thereof in Abiram his firstborn, and set up the gates thereof in his younges
betelita	1	hiel (1.00), beth-elite (1.00), segub (0.50), abiram (0.20)	1 Reis 16:34 — In his days did Hiel the Beth-elite build Jericho: he laid the foundation thereof in Abiram his firstborn, and set up the gates thereof in his younges
cavacos	1	barrel (0.50), sticks (0.29), handful (0.20), cruse (0.20)	1 Reis 17:12 — And she said, As the LORD thy God liveth, I have not a cake, but an handful of meal in a barrel, and a little oil in a cruse: and, behold, I am gather
retalhavam	1	lancets (1.00), knives (0.33), gushed (0.29), aloud (0.08)	1 Reis 18:28 — And they cried aloud, and cut themselves after their manner with knives and lancets, till the blood gushed out upon them.
setima	1	ariseth (0.14), stop (0.07), chariot (0.03), ahab (0.02)	1 Reis 18:44 — And it came to pass at the seventh time, that he said, Behold, there ariseth a little cloud out of the sea, like a man's hand. And he said, Go up, say
seguí-lo	1	boiled (0.50), instruments (0.04), ministered (0.04), yoke (0.03)	1 Reis 19:21 — And he returned back from him, and took a yoke of oxen, and slew them, and boiled their flesh with the instruments of the oxen, and gave unto the peop
vice-rei	1	deputy (0.33), edom (0.02), king (0.00)	1 Reis 22:47 — There was then no king in Edom: a deputy was king.
desembocadura	1	emptied (0.18), laman (0.04), red (0.03), borders (0.02)	1 Néfi 2:8 — And it came to pass that he called the name of the river, Laman, and it emptied into the Red  Sea; and the valley was in the borders near the mouth th
sorrateiramente	1	crept (0.50), laban (0.02), walls (0.02), towards (0.02)	1 Néfi 4:5 — And it was by night; and I caused that they should hide themselves without the walls. And after they had hid themselves, I, Nephi, crept into the city
escurecidas	1	dimmed (1.00), prophesied (0.03), plates (0.01), brass (0.01)	1 Néfi 5:19 — Wherefore, he said that these plates of brass should never perish; neither should they be dimmed any more by time. And he prophesied many things conce
permanência	1	dreamed (0.10), tarried (0.05), dream (0.03), vision (0.02)	1 Néfi 8:2 — And it came to pass that while my father tarried in the wilderness he spake unto us, saying: Behold, I have dreamed a dream; or, in other words, I hav
barranca	1	extended (0.13), bank (0.09), along (0.05), rod (0.02)	1 Néfi 8:19 — And I beheld a rod of iron, and it extended along the bank of the river, and led to the tree by which I stood.
alparcas	1	shoe's (0.67), unloose (0.40), latchet (0.29), mightier (0.11)	1 Néfi 10:8 — Yea, even he should go forth and cry in the wilderness: Prepare ye the way of the Lord, and make his paths straight; for there standeth one among you 
betabara	1	bethabara (0.67), messiah (0.06), baptize (0.05), beyond (0.03)	1 Néfi 10:9 — And my father said he should baptize in Bethabara, beyond Jordan; and he also said he should baptize with water; even that he should baptize the Messi
repulsivo	1	loathsome (0.25), idleness (0.22), dwindled (0.18), filthy (0.07)	1 Néfi 12:23 — And it came to pass that I beheld, after they had dwindled in unbelief they became a dark, and loathsome, and a filthy people, full of idleness and al
pátrias-mães	1	beheld (0.01), gentiles (0.01), mother (0.01), battle (0.01)	1 Néfi 13:17 — And I beheld that their mother Gentiles were gathered together upon the waters, and upon the land also, to battle against them.
deu-mas	1	record (0.01), angel (0.01), bear (0.01), known (0.01)	1 Néfi 14:29 — And I bear record that I saw the things which my father saw, and the angel of the Lord did make them known unto me.
sul-sudeste	1	southeast (1.00), shazer (0.67), direction (0.18), traveled (0.14)	1 Néfi 16:13 — And it came to pass that we traveled for the space of four days, nearly a south– southeast direction, and we did pitch our tents again; and we did cal
naom	1	nahom (1.00), ishmael (0.03), buried (0.02), died (0.01)	1 Néfi 16:34 — And it came to pass that Ishmael died, and was buried in the place which was called Nahom.
irreântum	1	irreantum (1.00), interpreted (0.12), bountiful (0.06), honey (0.03)	1 Néfi 17:5 — And we did come to the land which we called Bountiful, because of its much fruit and also wild honey; and all these things were prepared of the Lord t
queixavam	1	complain (0.22), instructed (0.07), desirous (0.03), labor (0.02)	1 Néfi 17:18 — And thus my brethren did complain against me, and were desirous that they might not labor, for they did not believe that I could build a ship; neither
cabras-montesas	1	animals (0.25), forests (0.22), ore (0.20), cow (0.18)	1 Néfi 18:25 — And it came to pass that we did find upon the land of promise, as we journeyed in the wilderness, that there were beasts in the forests of every kind,
longínquos	1	pastors (0.18), listen (0.08), mention (0.06), isles (0.05)	1 Néfi 21:1 — And again: Hearken, O ye house of Israel, all ye that are broken off and are driven out because of the wickedness of the pastors of my people; yea, al
incontaminável	1	incorruptible (0.29), fadeth (0.25), undefiled (0.20), reserved (0.07)	1 Pedro 1:4 — To an inheritance incorruptible, and undefiled, and that fadeth not away, reserved in heaven for you,
incontaminado	1	spot (0.05), blemish (0.04), precious (0.02), lamb (0.01)	1 Pedro 1:19 — But with the precious blood of Christ, as of a lamb without blemish and without spot:
encrespamento	1	plaiting (1.00), adorning (0.67), wearing (0.25), outward (0.11)	1 Pedro 3:3 — Whose adorning let it not be that outward adorning of plaiting the hair, and of wearing of gold, or of putting on of apparel;
compostura	1	plaiting (1.00), adorning (0.67), wearing (0.25), outward (0.11)	1 Pedro 3:3 — Whose adorning let it not be that outward adorning of plaiting the hair, and of wearing of gold, or of putting on of apparel;
indagação	1	filth (0.33), figure (0.25), putting (0.10), whereunto (0.06)	1 Pedro 3:21 — The like figure whereunto even baptism doth also now save us (not the putting away of the filth of the flesh, but the answer of a good conscience towa
borracheiras	1	banquetings (1.00), revellings (0.67), idolatries (0.50), excess (0.25)	1 Pedro 4:3 — For the time past of our life may suffice us to have wrought the will of the Gentiles, when we walked in lasciviousness, lusts, excess of wine, revell
desenfreamento	1	riot (0.50), excess (0.25), run (0.03), strange (0.02)	1 Pedro 4:4 — Wherein they think it strange that ye run not with them to the same excess of riot, speaking evil of you:
vituperados	1	resteth (0.33), reproached (0.13), happy (0.06), glorified (0.03)	1 Pedro 4:14 — If ye be reproached for the name of Christ, happy are ye; for the spirit of glory and of God resteth upon you: on their part he is evil spoken of, but
co-eleita	1	elected (0.50), marcus (0.50), saluteth (0.40), babylon (0.01)	1 Pedro 5:13 — The church that is at Babylon, elected together with you, saluteth you; and so doth Marcus my son.
ramataim-zofim	1	ramathaim-zophim (1.00), tohu (1.00), zuph (0.50), ephrathite (0.50)	1 Samuel 1:1 — Now there was a certain man of Ramathaim-zophim, of mount Ephraim, and his name was Elkanah, the son of Jeroham, the son of Elihu, the son of Tohu, th
toú	1	ramathaim-zophim (1.00), tohu (1.00), zuph (0.50), ephrathite (0.50)	1 Samuel 1:1 — Now there was a certain man of Ramathaim-zophim, of mount Ephraim, and his name was Elkanah, the son of Jeroham, the son of Elihu, the son of Tohu, th
grandiosos	1	plagues (0.08), egyptians (0.02), woe (0.02), smote (0.01)	1 Samuel 4:8 — Woe unto us! who shall deliver us out of the hand of these mighty Gods? these are the Gods that smote the Egyptians with all the plagues in the wilder
vexame	1	emerods (0.22), parts (0.02), small (0.01), secret (0.01)	1 Samuel 5:9 — And it was so, that, after they had carried it about, the hand of the LORD was against the city with a very great destruction: and he smote the men of
vexação	1	deadly (0.18), lords (0.05), heavy (0.04), ark (0.01)	1 Samuel 5:11 — So they sent and gathered together all the lords of the Philistines, and said, Send away the ark of the God of Israel, and let it go again to his own 
trovoada	1	thundered (0.40), discomfited (0.20), thunder (0.06), drew (0.02)	1 Samuel 7:10 — And as Samuel was offering up the burnt offering, the Philistines drew near to battle against Israel: but the LORD thundered with a great thunder on t
bete-car	1	beth-car (1.00), mizpeh (0.09), pursued (0.04), philistines (0.01)	1 Samuel 7:11 — And the men of Israel went out of Mizpeh, and pursued the Philistines, and smote them, until they came under Beth-car.
petrechos	1	fifties (0.17), instruments (0.04), reap (0.04), harvest (0.03)	1 Samuel 8:12 — And he will appoint him captains over thousands, and captains over fifties; and will set them to ear his ground, and to reap his harvest, and to make 
zeror	1	zeror (1.00), bechorath (1.00), aphiah (1.00), abiel (0.50)	1 Samuel 9:1 — Now there was a man of Benjamin, whose name was Kish, the son of Abiel, the son of Zeror, the son of Bechorath, the son of Aphiah, a Benjamite, a migh
becorate	1	zeror (1.00), bechorath (1.00), aphiah (1.00), abiel (0.50)	1 Samuel 9:1 — Now there was a man of Benjamin, whose name was Kish, the son of Abiel, the son of Zeror, the son of Bechorath, the son of Aphiah, a Benjamite, a migh
salisa	1	shalisha (1.00), shalim (1.00), benjamites (0.22), ephraim (0.01)	1 Samuel 9:4 — And he passed through mount Ephraim, and passed through the land of Shalisha, but they found them not: then they passed through the land of Shalim, an
saalim	1	shalisha (1.00), shalim (1.00), benjamites (0.22), ephraim (0.01)	1 Samuel 9:4 — And he passed through mount Ephraim, and passed through the land of Shalisha, but they found them not: then they passed through the land of Shalim, an
zelza	1	zelzah (1.00), sorroweth (0.50), rachel's (0.33), wentest (0.13)	1 Samuel 10:2 — When thou art departed from me to day, then thou shalt find two men by Rachel's sepulchre in the border of Benjamin at Zelzah; and they will say unto 
apoderará	1	prophesy (0.02), turned (0.01), another (0.00), spirit (0.00)	1 Samuel 10:6 — And the Spirit of the LORD will come upon thee, and thou shalt prophesy with them, and shalt be turned into another man.
matri	1	matri (1.00), kish (0.09), family (0.02), benjamin (0.01)	1 Samuel 10:21 — When he had caused the tribe of Benjamin to come near by their families, the family of Matri was taken, and Saul the son of Kish was taken: and when t
nesciamente	1	foolishly (0.15), established (0.01), samuel (0.01), kept (0.01)	1 Samuel 13:13 — And Samuel said to Saul, Thou hast done foolishly: thou hast not kept the commandment of the LORD thy God, which he commanded thee: for now would the 
adentadas	1	coulters (1.00), forks (1.00), file (0.67), mattocks (0.67)	1 Samuel 13:21 — Yet they had a file for the mattocks, and for the coulters, and for the forks, and for the axes, and to sharpen the goads.
aguilhadas	1	coulters (1.00), forks (1.00), file (0.67), mattocks (0.67)	1 Samuel 13:21 — Yet they had a file for the mattocks, and for the coulters, and for the forks, and for the axes, and to sharpen the goads.
desfiladeiros	1	bozez (1.00), seneh (1.00), philistines' (0.40), passages (0.20)	1 Samuel 14:4 — And between the passages, by which Jonathan sought to go over unto the Philistines' garrison, there was a sharp rock on the one side, and a sharp rock
bozez	1	bozez (1.00), seneh (1.00), philistines' (0.40), passages (0.20)	1 Samuel 14:4 — And between the passages, by which Jonathan sought to go over unto the Philistines' garrison, there was a sharp rock on the one side, and a sharp rock
sené	1	bozez (1.00), seneh (1.00), philistines' (0.40), passages (0.20)	1 Samuel 14:4 — And between the passages, by which Jonathan sought to go over unto the Philistines' garrison, there was a sharp rock on the one side, and a sharp rock
telaim	1	telaim (1.00), footmen (0.15), numbered (0.01), ten (0.01)	1 Samuel 15:4 — And Saul gathered the people together, and numbered them in Telaim, two hundred thousand footmen, and ten thousand men of Judah.
feitiçaria	1	witchcraft (0.40), stubbornness (0.29), idolatry (0.13), rebellion (0.06)	1 Samuel 15:23 — For rebellion is as the sin of witchcraft, and stubbornness is as iniquity and idolatry. Because thou hast rejected the word of the LORD, he hath also
efes-damim	1	shochoh (1.00), ephes-dammim (1.00), azekah (0.25), belongeth (0.06)	1 Samuel 17:1 — Now the Philistines gathered together their armies to battle, and were gathered together at Shochoh, which belongeth to Judah, and pitched between Sho
grevas	1	greaves (1.00), target (0.50), legs (0.09), shoulders (0.07)	1 Samuel 17:6 — And he had greaves of brass upon his legs, and a target of brass between his shoulders.
seixos	1	shepherd's (0.67), scrip (0.18), bag (0.17), sling (0.17)	1 Samuel 17:40 — And he took his staff in his hand, and chose him five smooth stones out of the brook, and put them in a shepherd's bag which he had, even in a scrip; 
surrão	1	shepherd's (0.67), scrip (0.18), bag (0.17), sling (0.17)	1 Samuel 17:40 — And he took his staff in his hand, and chose him five smooth stones out of the brook, and put them in a shepherd's bag which he had, even in a scrip; 
secu	1	sechu (1.00), naioth (0.33), ramah (0.06), asked (0.02)	1 Samuel 19:22 — Then went he also to Ramah, and came to a great well that is in Sechu: and he asked and said, Where are Samuel and David? And one said, Behold, they b
ausentando-te	1	ezel (1.00), stayed (0.06), business (0.04), quickly (0.04)	1 Samuel 20:19 — And when thou hast stayed three days, then thou shalt go down quickly, and come to the place where thou didst hide thyself when the business was in ha
ezel	1	ezel (1.00), stayed (0.06), business (0.04), quickly (0.04)	1 Samuel 20:19 — And when thou hast stayed three days, then thou shalt go down quickly, and come to the place where thou didst hide thyself when the business was in ha
trazer-mo	1	fetch (0.06), jesse (0.04), liveth (0.02), established (0.01)	1 Samuel 20:31 — For as long as the son of Jesse liveth upon the ground, thou shalt not be established, nor thy kingdom. Wherefore now send and fetch him unto me, for 
premente	1	ahimelech (0.13), required (0.05), spear (0.05), business (0.04)	1 Samuel 21:8 — And David said unto Ahimelech, And is there not here under thine hand spear or sword? for I have neither brought my sword nor my weapons with me, beca
dá-ma	1	slewest (1.00), goliath (0.29), wrapped (0.13), elah (0.12)	1 Samuel 21:9 — And the priest said, The sword of Goliath the Philistine, whom thou slewest in the valley of Elah, behold, it is here wrapped in a cloth behind the ep
portal	1	scrabbled (1.00), behaviour (0.50), spittle (0.50), feigned (0.33)	1 Samuel 21:13 — And he changed his behaviour before them, and feigned himself mad in their hands, and scrabbled on the doors of the gate, and let his spittle fall dow
herete	1	hareth (1.00), forest (0.04), gad (0.03), abide (0.02)	1 Samuel 22:5 — And the prophet Gad said unto David, Abide not in the hold; depart, and get thee into the land of Judah. Then David departed, and came into the forest
saira	1	ziph (0.20), wood (0.01), saul (0.01), seek (0.01)	1 Samuel 23:15 — And David saw that Saul was come out to seek his life: and David was in the wilderness of Ziph in a wood.
sela-hamalecote	1	selahammahlekoth (1.00), pursuing (0.14), philistines (0.01), returned (0.01)	1 Samuel 23:28 — Wherefore Saul returned from pursuing after David, and went against the Philistines: therefore they called that place Selahammahlekoth.
maoque	1	maoch (1.00), achish (0.10), gath (0.06), arose (0.01)	1 Samuel 27:2 — And David arose, and he passed over with the six hundred men that were with him unto Achish, the son of Maoch, king of Gath.
gersitas	1	gezrites (1.00), geshurites (0.40), invaded (0.33), shur (0.29)	1 Samuel 27:8 — And David and his men went up, and invaded the Geshurites, and the Gezrites, and the Amalekites: for those nations were of old the inhabitants of the 
queretitas	1	invasion (1.00), cherethites (0.20), ziklag (0.15), belongeth (0.06)	1 Samuel 30:14 — We made an invasion upon the south of the Cherethites, and upon the coast which belongeth to Judah, and upon the south of Caleb; and we burned Ziklag 
sifmote	1	siphmoth (1.00), eshtemoa (0.33), aroer (0.12)	1 Samuel 30:28 — And to them which were in Aroer, and to them which were in Siphmoth, and to them which were in Eshtemoa,
racal	1	rachal (1.00), jerahmeelites (0.67), kenites (0.25), cities (0.00)	1 Samuel 30:29 — And to them which were in Rachal, and to them which were in the cities of the Jerahmeelites, and to them which were in the cities of the Kenites,
corasã	1	chorashan (1.00), athach (1.00), hormah (0.20)	1 Samuel 30:30 — And to them which were in Hormah, and to them which were in Chorashan, and to them which were in Athach,
fraudulência	1	guile (0.12), exhortation (0.11), deceit (0.06), uncleanness (0.05)	1 Tessalonicenses 2:3 — For our exhortation was not of deceit, nor of uncleanness, nor in guile:
irrepreensívelmente	1	holily (1.00), unblameably (1.00), behaved (0.20), justly (0.18)	1 Tessalonicenses 2:10 — Ye are witnesses, and God also, how holily and justly and unblameably we behaved ourselves among you that believe:
desordeiros	1	feebleminded (1.00), unruly (0.40), patient (0.09), warn (0.09)	1 Tessalonicenses 5:14 — Now we exhort you, brethren, warn them that are unruly, comfort the feebleminded, support the weak, be patient toward all men.
parricidas	1	lawless (1.00), manslayers (1.00), unholy (0.15), disobedient (0.12)	1 Timóteo 1:9 — Knowing this, that the law is not made for a righteous man, but for the lawless and disobedient, for the ungodly and for sinners, for unholy and profa
matricidas	1	lawless (1.00), manslayers (1.00), unholy (0.15), disobedient (0.12)	1 Timóteo 1:9 — Knowing this, that the law is not made for a righteous man, but for the lawless and disobedient, for the ungodly and for sinners, for unholy and profa
intercessões	1	intercessions (1.00), supplications (0.09), exhort (0.05), giving (0.04)	1 Timóteo 2:1 — I exhort therefore, that, first of all, supplications, prayers, intercessions, and giving of thanks, be made for all men;
episcopado	1	desireth (0.06), bishop (0.03), office (0.02), true (0.01)	1 Timóteo 3:1 — This is a true saying, If a man desire the office of a bishop, he desireth a good work.
neófito	1	novice (1.00), condemnation (0.04), pride (0.02), devil (0.01)	1 Timóteo 3:6 — Not a novice, lest being lifted up with pride he fall into the condemnation of the devil.
corporal	1	bodily (0.40), profiteth (0.17), profitable (0.15), godliness (0.09)	1 Timóteo 4:8 — For bodily exercise profiteth little: but godliness is profitable unto all things, having promise of the life that now is, and of that which is to com
aproveitamento	1	profiting (1.00), meditate (0.13), wholly (0.06), appear (0.03)	1 Timóteo 4:15 — Meditate upon these things; give thyself wholly to them; that thy profiting may appear to all.
intrigantes	1	tattlers (1.00), busybodies (0.67), wandering (0.20), idle (0.11)	1 Timóteo 5:13 — And withal they learn to be idle, wandering about from house to house; and not only idle, but tattlers also and busybodies, speaking things which they
besaleel	1	uri (0.25), bezaleel (0.20), hur (0.12), brasen (0.07)	2 Crônicas 1:5 — Moreover the brasen altar, that Bezaleel the son of Uri, the son of Hur, had made, he put before the tabernacle of the LORD: and Solomon and the congr
sândalos	1	algum (0.50), skill (0.18), fir (0.09), timber (0.06)	2 Crônicas 2:8 — Send me also cedar trees, fir trees, and algum trees, out of Lebanon: for I know that thy servants can skill to cut timber in Lebanon; and, behold, my
carreteiros	1	bearers (0.50), overseers (0.29), hewers (0.20), burdens (0.06)	2 Crônicas 2:18 — And he set threescore and ten thousand of them to be bearers of burdens, and fourscore thousand to be hewers in the mountain, and three thousand and s
parvaim	1	parvaim (1.00), garnished (0.33), beauty (0.03), precious (0.02)	2 Crônicas 3:6 — And he garnished the house with precious stones for beauty: and the gold was gold of Parvaim.
flor-de-lis	1	handbreadth (0.50), thickness (0.40), baths (0.29), brim (0.22)	2 Crônicas 4:5 — And the thickness of it was an handbreadth, and the brim of it like the work of the brim of a cup, with flowers of lilies; and it received and held th
zeredá	1	zeredathah (1.00), succoth (0.12), clay (0.06), plain (0.02)	2 Crônicas 4:17 — In the plain of Jordan did the king cast them, in the clay ground between Succoth and Zeredathah.
hamate-zobá	1	hamath-zobah (1.00), prevailed (0.05), solomon (0.01), went (0.00)	2 Crônicas 8:3 — And Solomon went to Hamath-zobah, and prevailed against it.
adoraim	1	adoraim (1.00), azekah (0.25), lachish (0.09)	2 Crônicas 11:9 — And Adoraim, and Lachish, and Azekah,
zaã	1	shamariah (1.00), zaham (1.00), jeush (0.22), bare (0.01)	2 Crônicas 11:19 — Which bare him children; Jeush, and Shamariah, and Zaham.
suquitas	1	sukkiims (1.00), lubims (0.67), ethiopians (0.15), horsemen (0.04)	2 Crônicas 12:3 — With twelve hundred chariots, and threescore thousand horsemen: and the people were without number that came with him out of Egypt; the Lubims, the Su
micaía	1	uriel (0.40), michaiah (0.25), abijah (0.10), gibeah (0.04)	2 Crônicas 13:2 — He reigned three years in Jerusalem. His mother's name also was Michaiah the daughter of Uriel of Gibeah. And there was war between Abijah and Jeroboa
soberania	1	salt (0.05), ought (0.01), covenant (0.00), ever (0.00)	2 Crônicas 13:5 — Ought ye not to know that the LORD God of Israel gave the kingdom over Israel to David for ever, even to him and to his sons by a covenant of salt?
jesana	1	jeshanah (1.00), ephrain (1.00), abijah (0.10), towns (0.07)	2 Crônicas 13:19 — And Abijah pursued after Jeroboam, and took cities from him, Beth-el with the towns thereof, and Jeshanah with the towns thereof, and Ephrain with the
zefatá	1	zephathah (1.00), mareshah (0.22), array (0.06), asa (0.04)	2 Crônicas 14:10 — Then Asa went out against him, and they set the battle in array in the valley of Zephathah at Mareshah.
abel-maim	1	abel-maim (1.00), ijon (0.50), ben-hadad (0.07), store (0.05)	2 Crônicas 16:4 — And Ben-hadad hearkened unto king Asa, and sent the captains of his armies against the cities of Israel; and they smote Ijon, and Dan, and Abel-maim, 
bene-hail	1	benhail (1.00), michaiah (0.25), nethaneel (0.13), obadiah (0.10)	2 Crônicas 17:7 — Also in the third year of his reign he sent to his princes, even to Benhail, and to Obadiah, and to Zechariah, and to Nethaneel, and to Michaiah, to t
tobe-adonias	1	tobadonijah (1.00), jehonathan (0.50), tobijah (0.50), shemiramoth (0.40)	2 Crônicas 17:8 — And with them he sent Levites, even Shemaiah, and Nethaniah, and Zebadiah, and Asahel, and Shemiramoth, and Jehonathan, and Adonijah, and Tobijah, and
ziz	1	cliff (1.00), ziz (1.00), jeruel (1.00), brook (0.05)	2 Crônicas 20:16 — To morrow go ye down against them: behold, they come up by the cliff of Ziz; and ye shall find them at the end of the brook, before the wilderness of 
jeruel	1	cliff (1.00), ziz (1.00), jeruel (1.00), brook (0.05)	2 Crônicas 20:16 — To morrow go ye down against them: behold, they come up by the cliff of Ziz; and ye shall find them at the end of the brook, before the wilderness of 
desbaratados	1	ambushments (1.00), seir (0.05), smitten (0.02), sing (0.02)	2 Crônicas 20:22 — And when they began to sing and to praise, the LORD set ambushments against the children of Ammon, Moab, and mount Seir, which were come against Judah
dodava	1	dodavah (1.00), mareshah (0.22), eliezer (0.13), tarshish (0.09)	2 Crônicas 20:37 — Then Eliezer the son of Dodavah of Mareshah prophesied against Jehoshaphat, saying, Because thou hast joined thyself with Ahaziah, the LORD hath broke
elisafate	1	elishaphat (1.00), jehohanan (0.29), adaiah (0.20), jeroham (0.18)	2 Crônicas 23:1 — And in the seventh year Jehoiada strengthened himself, and took the captains of hundreds, Azariah the son of Jeroham, and Ishmael the son of Jehohanan
jeozabade	1	shimrith (1.00), shimeath (0.67), ammonitess (0.40), jehozabad (0.40)	2 Crônicas 24:26 — And these are they that conspired against him; Zabad the son of Shimeath an Ammonitess, and Jehozabad the son of Shimrith a Moabitess.
sinrite	1	shimrith (1.00), shimeath (0.67), ammonitess (0.40), jehozabad (0.40)	2 Crônicas 24:26 — And these are they that conspired against him; Zabad the son of Shimeath an Ammonitess, and Jehozabad the son of Shimrith a Moabitess.
joadã	1	jehoaddan (0.67), amaziah (0.05), nine (0.03), mother's (0.03)	2 Crônicas 25:1 — Amaziah was twenty and five years old when he began to reign, and he reigned twenty and nine years in Jerusalem. And his mother's name was Jehoaddan o
jabne	1	jabneh (1.00), warred (0.18), ashdod (0.11), gath (0.06)	2 Crônicas 26:6 — And he went forth and warred against the Philistines, and brake down the wall of Gath, and the wall of Jabneh, and the wall of Ashdod, and built citie
gur-baal	1	gurbaal (1.00), mehunims (1.00), arabians (0.29), helped (0.08)	2 Crônicas 26:7 — And God helped him against the Philistines, and against the Arabians that dwelt in Gurbaal, and the Mehunims.
jeizquias	1	jehizkiah (1.00), hadlai (1.00), meshillemoth (0.67), berechiah (0.18)	2 Crônicas 28:12 — Then certain of the heads of the children of Ephraim, Azariah the son of Johanan, Berechiah the son of Meshillemoth, and Jehizkiah the son of Shallum,
hadlai	1	jehizkiah (1.00), hadlai (1.00), meshillemoth (0.67), berechiah (0.18)	2 Crônicas 28:12 — Then certain of the heads of the children of Ephraim, Azariah the son of Johanan, Berechiah the son of Meshillemoth, and Jehizkiah the son of Shallum,
ginzo	1	shocho (1.00), gimzo (1.00), gederoth (0.67), ajalon (0.50)	2 Crônicas 28:18 — The Philistines also had invaded the cities of the low country, and of the south of Judah, and had taken Beth-shemesh, and Ajalon, and Gederoth, and S
ismaquias	1	ismachiah (1.00), cononiah (0.67), azaziah (0.50), mahath (0.50)	2 Crônicas 31:13 — And Jehiel, and Azaziah, and Nahath, and Asahel, and Jerimoth, and Jozabad, and Eliel, and Ismachiah, and Mahath, and Benaiah, were overseers under th
miniamim	1	shecaniah (0.67), miniamin (0.50), amariah (0.13), courses (0.11)	2 Crônicas 31:15 — And next him were Eden, and Miniamin, and Jeshua, and Shemaiah, Amariah, and Shecaniah, in the cities of the priests, in their set office, to give to 
asalias	1	joahaz (1.00), azaliah (0.67), joah (0.18), recorder (0.14)	2 Crônicas 34:8 — Now in the eighteenth year of his reign, when he had purged the land, and the house, he sent Shaphan the son of Azaliah, and Maaseiah the governor of 
joate	1	overseers (0.29), jahath (0.25), skill (0.18), faithfully (0.17)	2 Crônicas 34:12 — And the men did the work faithfully: and the overseers of them were Jahath and Obadiah, the Levites, of the sons of Merari; and Zechariah and Meshulla
tocate	1	tikvath (1.00), hasrah (1.00), huldah (0.67), wardrobe (0.67)	2 Crônicas 34:22 — And Hilkiah, and they that the king had appointed, went to Huldah the prophetess, the wife of Shallum the son of Tikvath, the son of Hasrah, keeper of
enviando-lhos	1	betimes (0.29), sending (0.11), rising (0.04), dwelling (0.04)	2 Crônicas 36:15 — And the LORD God of their fathers sent to them by his messengers, rising up betimes, and sending; because he had compassion on his people, and on his 
iluminação	1	shined (0.18), shine (0.04), darkness (0.01), knowledge (0.01)	2 Coríntios 4:6 — For God, who commanded the light to shine out of darkness, hath shined in our hearts, to give the light of the knowledge of the glory of God in the fa
mortificação	1	dying (0.25), bearing (0.05), manifest (0.02), always (0.02)	2 Coríntios 4:10 — Always bearing about in the body the dying of the Lord Jesus, that the life also of Jesus might be made manifest in our body.
concórdia	1	concord (1.00), infidel (0.67), belial (0.12), believeth (0.03)	2 Coríntios 6:15 — And what concord hath Christ with Belial? or what part hath he that believeth with an infidel?
solicitude	1	earnest (0.20), titus (0.14), care (0.05), thanks (0.02)	2 Coríntios 8:16 — But thanks be to God, which put the same earnest care into the heart of Titus for you.
desapercebidos	1	unprepared (0.67), haply (0.29), confident (0.22), boasting (0.12)	2 Coríntios 9:4 — Lest haply if they of Macedonia come with me, and find you unprepared, we (that we say not, ye) should be ashamed in this same confident boasting.
sementeira	1	ministereth (0.67), sower (0.22), sown (0.06), fruits (0.04)	2 Coríntios 9:10 — Now he that ministereth seed to the sower both minister bread for your food, and multiply your seed sown, and increase the fruits of your righteousnes
fraudulentos	1	transforming (1.00), deceitful (0.09), workers (0.06), false (0.02)	2 Coríntios 11:13 — For such are false apostles, deceitful workers, transforming themselves into the apostles of Christ.
aretas	1	aretas (1.00), damascenes (1.00), apprehend (0.67), garrison (0.14)	2 Coríntios 11:32 — In Damascus the governor under Aretas the king kept the city of the Damascenes with a garrison, desirous to apprehend me:
damascenos	1	aretas (1.00), damascenes (1.00), apprehend (0.67), garrison (0.14)	2 Coríntios 11:32 — In Damascus the governor under Aretas the king kept the city of the Damascenes with a garrison, desirous to apprehend me:
inefáveis	1	unspeakable (0.29), paradise (0.18), lawful (0.04), caught (0.03)	2 Coríntios 12:4 — How that he was caught up into paradise, and heard unspeakable words, which it is not lawful for a man to utter.
detrações	1	debates (1.00), wraths (1.00), backbitings (1.00), whisperings (1.00)	2 Coríntios 12:20 — For I fear, lest, when I come, I shall not find you such as I would, and that I shall be found unto you such as ye would not: lest there be debates, e
mexericos	1	debates (1.00), wraths (1.00), backbitings (1.00), whisperings (1.00)	2 Coríntios 12:20 — For I fear, lest, when I come, I shall not find you such as I would, and that I shall be found unto you such as ye would not: lest there be debates, e
tisbita	1	leather (1.00), hairy (0.33), girt (0.33), tishbite (0.29)	2 Reis 1:8 — And they answered him, He was an hairy man, and girt with a girdle of leather about his loins. And he said, It is Elijah the Tishbite.
fundeiros	1	kir-haraseth (1.00), slingers (1.00), felled (0.67), wells (0.15)	2 Reis 3:25 — And they beat down the cities, and on every good piece of land cast every man his stone, and filled it; and they stopped all the wells of water, and f
parra	1	gourds (1.00), shred (1.00), lap (0.50), pottage (0.25)	2 Reis 4:39 — And one went out into the field to gather herbs, and found a wild vine, and gathered thereof wild gourds his lap full, and came and shred them into th
colocíntidas	1	gourds (1.00), shred (1.00), lap (0.50), pottage (0.25)	2 Reis 4:39 — And one went out into the field to gather herbs, and found a wild vine, and gathered thereof wild gourds his lap full, and came and shred them into th
baal-salisa	1	baal-shalisha (1.00), husk (0.67), loaves (0.06), firstfruits (0.06)	2 Reis 4:42 — And there came a man from Baal-shalisha, and brought the man of God bread of the firstfruits, twenty loaves of barley, and full ears of corn in the hu
farfar	1	abana (1.00), pharpar (1.00), rage (0.10), damascus (0.03)	2 Reis 5:12 — Are not Abana and Pharpar, rivers of Damascus, better than all the waters of Israel? may I not wash in them, and be clean? So he turned and went away 
alí	1	syrians (0.04), alive (0.02), famine (0.02), kill (0.01)	2 Reis 7:4 — If we say, We will enter into the city, then the famine is in the city, and we shall die there: and if we sit still here, we die also. Now therefore c
zair	1	zair (1.00), edomites (0.14), joram (0.09), compassed (0.05)	2 Reis 8:21 — So Joram went over to Zair, and all the chariots with him: and he rose by night, and smote the Edomites which compassed him about, and the captains of
envia-lho	1	horseman (0.67), spied (0.29), watchman (0.10), joram (0.09)	2 Reis 9:17 — And there stood a watchman on the tower in Jezreel, and he spied the company of Jehu as he came, and said, I see a company. And Joram said, Take an ho
bidcar	1	bidkar (1.00), jezreelite (0.22), rode (0.13), naboth (0.11)	2 Reis 9:25 — Then said Jehu to Bidkar his captain, Take up, and cast him in the portion of the field of Naboth the Jezreelite: for remember how that, when I and th
gur	1	gur (1.00), ibleam (0.50), megiddo (0.17), ahaziah (0.06)	2 Reis 9:27 — But when Ahaziah the king of Judah saw this, he fled by the way of the garden house. And Jehu followed after him, and said, Smite him also in the char
ibleão	1	gur (1.00), ibleam (0.50), megiddo (0.17), ahaziah (0.06)	2 Reis 9:27 — But when Ahaziah the king of Judah saw this, he fled by the way of the garden house. And Jehu followed after him, and said, Smite him also in the char
jeoseba	1	jehosheba (1.00), bedchamber (0.29), stole (0.20), nurse (0.20)	2 Reis 11:2 — But Jehosheba, the daughter of king Joram, sister of Ahaziah, took Joash the son of Ahaziah, and stole him from among the king's sons which were slain
eletomou	1	hundreds (0.06), guard (0.03), rulers (0.02), captains (0.02)	2 Reis 11:19 — And he took the rulers over hundreds, and the captains, and the guard, and all the people of the land; and they brought down the king from the house o
arrolamento	1	jehoash (0.12), dedicated (0.07), passeth (0.05), account (0.02)	2 Reis 12:4 — And Jehoash said to the priests, All the money of the dedicated things that is brought into the house of the LORD, even the money of every one that pa
sila	1	silla (1.00), millo (0.20), conspiracy (0.14), joash (0.05)	2 Reis 12:20 — And his servants arose, and made a conspiracy, and slew Joash in the house of Millo, which goeth down to Silla.
jozacar	1	jozachar (1.00), shimeath (0.67), shomer (0.67), jehozabad (0.40)	2 Reis 12:21 — For Jozachar the son of Shimeath, and Jehozabad the son of Shomer, his servants, smote him, and he died; and they buried him with his fathers in the c
jeoadã	1	jehoaddan (0.67), nine (0.03), mother's (0.03), reigned (0.01)	2 Reis 14:2 — He was twenty and five years old when he began to reign, and reigned twenty and nine years in Jerusalem. And his mother's name was Jehoaddan of Jerusa
arié	1	arieh (1.00), gileadites (0.40), argob (0.33), pekah (0.15)	2 Reis 15:25 — But Pekah the son of Remaliah, a captain of his, conspired against him, and smote him in Samaria, in the palace of the king's house, with Argob and Ar
ava	1	cuthah (1.00), ava (1.00), sepharvaim (0.29), hamath (0.06)	2 Reis 17:24 — And the king of Assyria brought men from Babylon, and from Cuthah, and from Ava, and from Hamath, and from Sepharvaim, and placed them in the cities o
sucote-benote	1	succoth-benoth (1.00), cuth (1.00), nergal (1.00), ashima (1.00)	2 Reis 17:30 — And the men of Babylon made Succoth-benoth, and the men of Cuth made Nergal, and the men of Hamath made Ashima,
nergal	1	succoth-benoth (1.00), cuth (1.00), nergal (1.00), ashima (1.00)	2 Reis 17:30 — And the men of Babylon made Succoth-benoth, and the men of Cuth made Nergal, and the men of Hamath made Ashima,
asima	1	succoth-benoth (1.00), cuth (1.00), nergal (1.00), ashima (1.00)	2 Reis 17:30 — And the men of Babylon made Succoth-benoth, and the men of Cuth made Nergal, and the men of Hamath made Ashima,
nibaz	1	nibhaz (1.00), tartak (1.00), sepharvites (1.00), anammelech (1.00)	2 Reis 17:31 — And the Avites made Nibhaz and Tartak, and the Sepharvites burnt their children in fire to Adrammelech and Anammelech, the gods of Sepharvaim.
tartaque	1	nibhaz (1.00), tartak (1.00), sepharvites (1.00), anammelech (1.00)	2 Reis 17:31 — And the Avites made Nibhaz and Tartak, and the Sepharvites burnt their children in fire to Adrammelech and Anammelech, the gods of Sepharvaim.
sefarvitas	1	nibhaz (1.00), tartak (1.00), sepharvites (1.00), anammelech (1.00)	2 Reis 17:31 — And the Avites made Nibhaz and Tartak, and the Sepharvites burnt their children in fire to Adrammelech and Anammelech, the gods of Sepharvaim.
anameleque	1	nibhaz (1.00), tartak (1.00), sepharvites (1.00), anammelech (1.00)	2 Reis 17:31 — And the Avites made Nibhaz and Tartak, and the Sepharvites burnt their children in fire to Adrammelech and Anammelech, the gods of Sepharvaim.
abi	1	abi (1.00), zachariah (0.40), nine (0.03), mother's (0.03)	2 Reis 18:2 — Twenty and five years old was he when he began to reign; and he reigned twenty and nine years in Jerusalem. His mother's name also was Abi, the daught
neustã	1	nehushtan (1.00), groves (0.08), brasen (0.07), serpent (0.04)	2 Reis 18:4 — He removed the high places, and brake the images, and cut down the groves, and brake in pieces the brasen serpent that Moses had made: for unto those 
lavadeiro	1	rabsaris (1.00), tartan (0.67), fuller's (0.40), conduit (0.29)	2 Reis 18:17 — And the king of Assyria sent Tartan and Rabsaris and Rabshakeh from Lachish to king Hezekiah with a great host against Jerusalem. And they went up and
berodaque-baladã	1	berodach-baladan (1.00), baladan (0.67), letters (0.06), sick (0.02)	2 Reis 20:12 — At that time Berodach-baladan, the son of Baladan, king of Babylon, sent letters and a present unto Hezekiah: for he had heard that Hezekiah had been 
hefzibá	1	hephzi-bah (0.67), mother's (0.03), manasseh (0.01), fifty (0.01)	2 Reis 21:1 — Manasseh was twelve years old when he began to reign, and reigned fifty and five years in Jerusalem. And his mother's name was Hephzi-bah.
mesulemete	1	meshullemeth (1.00), haruz (1.00), jotbah (1.00), amon (0.11)	2 Reis 21:19 — Amon was twenty and two years old when he began to reign, and he reigned two years in Jerusalem. And his mother's name was Meshullemeth, the daughter 
haruz	1	meshullemeth (1.00), haruz (1.00), jotbah (1.00), amon (0.11)	2 Reis 21:19 — Amon was twenty and two years old when he began to reign, and he reigned two years in Jerusalem. And his mother's name was Meshullemeth, the daughter 
jotbá	1	meshullemeth (1.00), haruz (1.00), jotbah (1.00), amon (0.11)	2 Reis 21:19 — Amon was twenty and two years old when he began to reign, and he reigned two years in Jerusalem. And his mother's name was Meshullemeth, the daughter 
jedida	1	jedidah (1.00), boscath (1.00), adaiah (0.20), josiah (0.04)	2 Reis 22:1 — Josiah was eight years old when he began to reign, and he reigned thirty and one years in Jerusalem. And his mother's name was Jedidah, the daughter o
boscate	1	jedidah (1.00), boscath (1.00), adaiah (0.20), josiah (0.04)	2 Reis 22:1 — Josiah was eight years old when he began to reign, and he reigned thirty and one years in Jerusalem. And his mother's name was Jedidah, the daughter o
azalias	1	azaliah (0.67), eighteenth (0.11), shaphan (0.08), meshullam (0.08)	2 Reis 22:3 — And it came to pass in the eighteenth year of king Josiah, that the king sent Shaphan the son of Azaliah, the son of Meshullam, the scribe, to the hou
natã-meleque	1	nathan-melech (1.00), chamberlain (0.29), entering (0.04), chamber (0.04)	2 Reis 23:11 — And he took away the horses that the kings of Judah had given to the sun, at the entering in of the house of the LORD, by the chamber of Nathan-melech
masite	1	ashtoreth (0.50), milcom (0.50), chemosh (0.22), zidonians (0.20)	2 Reis 23:13 — And the high places that were before Jerusalem, which were on the right hand of the mount of corruption, which Solomon the king of Israel had builded 
zebida	1	zebudah (1.00), rumah (1.00), pedaiah (0.22), eleven (0.07)	2 Reis 23:36 — Jehoiakim was twenty and five years old when he began to reign; and he reigned eleven years in Jerusalem. And his mother's name was Zebudah, the daugh
neusta	1	nehushta (1.00), elnathan (0.33), jehoiachin (0.22), eighteen (0.07)	2 Reis 24:8 — Jehoiachin was eighteen years old when he began to reign, and he reigned in Jerusalem three months. And his mother's name was Nehushta, the daughter o
intercessão	1	inflicting (1.00), opposition (0.40), affixed (0.29), intercession (0.14)	2 Néfi 2:10 — And because of the intercession for all, all men come unto God; wherefore, they stand in the presence of him to be judged of him according to the trut
moribundo	1	dying (0.25), amen (0.01), hearken (0.01), remember (0.01)	2 Néfi 3:25 — And now, blessed art thou, Joseph. Behold, thou art little; wherefore hearken unto the words of thy brother, Nephi, and it shall be done unto thee eve
impropriamente	1	amiss (0.29), liberally (0.25), asketh (0.12), ascend (0.10)	2 Néfi 4:35 — Yea, I know that God will give liberally to him that asketh. Yea, my God will give me, if I ask not amiss; therefore I will lift up my voice unto thee
embebedados	1	oppress (0.07), savior (0.06), drunken (0.04), redeemer (0.02)	2 Néfi 6:18 — And I will feed them that oppress thee, with their own flesh; and they shall be drunken with their own blood as with sweet wine; and all flesh shall k
açoitadores	1	smiter (1.00), spitting (0.50), cheeks (0.17), plucked (0.07)	2 Néfi 7:6 — I gave my back to the smiter, and my cheeks to them that plucked off the hair. I hid not my face from shame and spitting.
tilintantes	1	cauls (0.67), bravery (0.50), tires (0.50), tinkling (0.33)	2 Néfi 13:18 — In that day the Lord will take away the bravery of their tinkling ornaments, and cauls, and round tires like the moon;
coifas	1	cauls (0.67), bravery (0.50), tires (0.50), tinkling (0.33)	2 Néfi 13:18 — In that day the Lord will take away the bravery of their tinkling ornaments, and cauls, and round tires like the moon;
toucados	1	headbands (0.67), tablets (0.40), bonnets (0.25), ornaments (0.11)	2 Néfi 13:20 — The bonnets, and the ornaments of the legs, and the headbands, and the tablets, and the ear– rings;
penteados	1	stomacher (0.67), girding (0.50), baldness (0.18), stink (0.15)	2 Néfi 13:24 — And it shall come to pass, instead of sweet smell there shall be stink; and instead of a girdle, a rent; and instead of well set hair,  baldness; and 
corpete	1	stomacher (0.67), girding (0.50), baldness (0.18), stink (0.15)	2 Néfi 13:24 — And it shall come to pass, instead of sweet smell there shall be stink; and instead of a girdle, a rent; and instead of well set hair,  baldness; and 
chamejante	1	create (0.20), assemblies (0.20), shining (0.13), defense (0.13)	2 Néfi 14:5 — And the Lord will create upon every dwelling–place of mount Zion, and upon her assemblies, a cloud and smoke by day and the shining of a flaming fire 
claudicantes	1	swiftly (0.29), ensign (0.13), speed (0.11), hiss (0.10)	2 Néfi 15:26 — And he will lift up an ensign to the nations from far, and will hiss unto them from the end of the earth; and behold, they shall come with speed swift
entenebrecimento	1	dimness (0.40), grievously (0.22), lightly (0.14), vexation (0.12)	2 Néfi 19:1 — Nevertheless, the dimness shall not be such as was in her vexation, when at first he lightly afflicted the land of Zebulun, and the land of Naphtali, 
substituí-los-emos	1	sycamores (1.00), bricks (0.33), cedars (0.07), change (0.05)	2 Néfi 19:10 — The bricks are fallen down, but we will build with hewn stones; the sycamores are cut down, but we will change them into cedars.
escancarada	1	syrians (0.04), behind (0.03), devour (0.03), stretched (0.02)	2 Néfi 19:12 — The Syrians before and the Philistines behind; and they shall devour Israel with open mouth. For all this his anger is not turned away, but his hand i
escurecida	1	fuel (0.25), darkened (0.06), spare (0.02), wrath (0.01)	2 Néfi 19:19 — Through the wrath of the Lord of Hosts is the land darkened, and the people shall be as the fuel of the fire; no man shall spare his brother.
porta-estandarte	1	bearer (1.00), fainteth (0.33), standard (0.06), fruitful (0.05)	2 Néfi 20:18 — And shall consume the glory of his forest, and of his fruitful field, both soul and body; and they shall be as when a standard–bearer fainteth.
cuse	1	pathros (0.29), cush (0.22), shinar (0.22), islands (0.13)	2 Néfi 21:11 — And it shall come to pass in that day that the Lord shall set his hand again the second time to recover the remnant of his people which shall be left,
sinar	1	pathros (0.29), cush (0.22), shinar (0.22), islands (0.13)	2 Néfi 21:11 — And it shall come to pass in that day that the Lord shall set his hand again the second time to recover the remnant of his people which shall be left,
feri-lo-á	1	shod (0.25), streams (0.14), egyptian (0.08), shake (0.02)	2 Néfi 21:15 — And the Lord shall utterly destroy the tongue of the Egyptian sea; and with his mighty wind he shall shake his hand over the river, and shall smite it
aflitivo	1	cruel (0.09), sinners (0.04), fierce (0.03), desolate (0.01)	2 Néfi 23:9 — Behold, the day of the Lord cometh, cruel both with wrath and fierce anger, to lay the land desolate; and he shall destroy the sinners thereof out of 
lingote	1	wedge (0.40), ophir (0.14), golden (0.03), precious (0.02)	2 Néfi 23:12 — I will make a man more precious than fine gold; even a man than the golden wedge of Ophir.
lúgubres	1	satyrs (0.67), doleful (0.50), owls (0.25), dance (0.13)	2 Néfi 23:21 — But wild beasts of the desert shall lie there; and their houses shall be full of doleful creatures; and owls shall dwell there, and satyrs shall dance
pô-los-á	1	cleave (0.04), joined (0.03), choose (0.02), strangers (0.02)	2 Néfi 24:1 — For the Lord will have mercy on Jacob, and will yet choose Israel, and set them in their own land; and the strangers shall be joined with them, and th
possuí-las-á	1	handmaids (0.22), oppressors (0.17), captives (0.04), rule (0.02)	2 Néfi 24:2 — And the people shall take them and bring them to their place; yea, from far unto the ends of the earth; and they shall return to their lands of promis
cobri-los-ão	1	crush (0.33), whirlwinds (0.29), powder (0.22), grind (0.18)	2 Néfi 26:5 — And they that kill the prophets, and the saints, the depths of the earth shall swallow them up, saith the Lord of Hosts; and mountains shall cover the
arraial	1	camped (0.67), dwindled (0.18), forts (0.17), siege (0.08)	2 Néfi 26:15 — After my seed and the seed of my brethren shall have dwindled in unbelief, and shall have been smitten by the Gentiles; yea, after the Lord God shall 
malevolência	1	envyings (0.17), malice (0.15), strifes (0.14), churches (0.02)	2 Néfi 26:21 — And there are many churches built up which cause envyings, and strifes, and malice.
borrascas	1	devouring (0.20), earthquake (0.13), storm (0.08), tempest (0.07)	2 Néfi 27:2 — And when that day shall come they shall be visited of the Lord of Hosts, with thunder and with earthquake, and with a great noise, and with storm, and
ofensor	1	offender (0.50), reproveth (0.33), naught (0.07), snare (0.04)	2 Néfi 27:32 — And they that make a man an offender for a word, and lay a snare for him that reproveth in the gate, and turn aside the just for a thing of naught.
procedentes	1	especially (0.10), worth (0.06), remnant (0.01), book (0.01)	2 Néfi 28:2 — And the things which shall be written out of the book shall be of great worth unto the children of men, and especially unto our seed, which is a remna
dissoluta	1	vexed (0.09), conversation (0.09), filthy (0.07), lot (0.02)	2 Pedro 2:7 — And delivered just Lot, vexed with the filthy conversation of the wicked:
espojadouro	1	wallowing (0.67), vomit (0.20), dog (0.12), mire (0.12)	2 Pedro 2:22 — But it is happened unto them according to the true proverb, The dog is turned to his own vomit again; and the sow that was washed to her wallowing in 
dize-mo	1	jonathan (0.02), matter (0.02), fallen (0.01), fled (0.01)	2 Samuel 1:4 — And David said unto him, How went the matter? I pray thee, tell me. And he answered, That the people are fled from the battle, and many of the people 
jasar	1	jasher (0.67), bade (0.08), use (0.03), bow (0.02)	2 Samuel 1:18 — (Also he bade them teach the children of Judah the use of the bow: behold, it is written in the book of Jasher.)
desprezivelmente	1	vilely (1.00), gilboa (0.22), dew (0.05), shield (0.04)	2 Samuel 1:21 — Ye mountains of Gilboa, let there be no dew, neither let there be rain, upon you, nor fields of offerings: for there the shield of the mighty is vilel
assuritas	1	ashurites (0.67), jezreel (0.06), gilead (0.02), ephraim (0.01)	2 Samuel 2:9 — And made him king over Gilead, and over the Ashurites, and over Jezreel, and over Ephraim, and over Benjamin, and over all Israel.
helcate-hazurim	1	fellow's (1.00), helkath-hazzurim (1.00), gibeon (0.06), fellow (0.05)	2 Samuel 2:16 — And they caught every one his fellow by the head, and thrust his sword in his fellow's side; so they fell down together: wherefore that place was call
gia	1	giah (1.00), ammah (0.50), abishai (0.08), gibeon (0.06)	2 Samuel 2:24 — Joab also and Abishai pursued after Abner: and the sun went down when they were come to the hill of Ammah, that lieth before Giah by the way of the wi
bitron	1	bithron (1.00), mahanaim (0.14), abner (0.04), plain (0.02)	2 Samuel 2:29 — And Abner and his men walked all that night through the plain, and passed over Jordan, and went through all Bithron, and they came to Mahanaim.
quileabe	1	chileab (1.00), maacah (0.50), carmelite (0.33), talmai (0.29)	2 Samuel 3:3 — And his second, Chileab, of Abigail the wife of Nabal the Carmelite; and the third, Absalom the son of Maacah the daughter of Talmai king of Geshur;
incursão	1	pursuing (0.14), troop (0.14), abner (0.04), hebron (0.03)	2 Samuel 3:22 — And, behold, the servants of David and Joab came from pursuing a troop, and brought in a great spoil with them: but Abner was not with David in Hebron
sirá	1	sirah (1.00), abner (0.04), messengers (0.03), joab (0.02)	2 Samuel 3:26 — And when Joab was come out from David, he sent messengers after Abner, which brought him again from the well of Sirah: but David knew it not.
vilão	1	lamented (0.15), dieth (0.06), abner (0.04), fool (0.03)	2 Samuel 3:33 — And the king lamented over Abner, and said, Died Abner as a fool dieth?
entregar-mos-ás	1	doubtless (0.22), enquired (0.06), philistines (0.01), wilt (0.01)	2 Samuel 5:19 — And David enquired of the LORD, saying, Shall I go up to the Philistines? wilt thou deliver them into mine hand? And the LORD said unto David, Go up: 
baalim	1	baale (1.00), cherubims (0.04), dwelleth (0.03), thence (0.01)	2 Samuel 6:2 — And David arose, and went with all the people that were with him from Baale of Judah, to bring up from thence the ark of God, whose name is called by 
pandeiros	1	cornets (0.67), timbrels (0.33), psalteries (0.13), cymbals (0.13)	2 Samuel 6:5 — And David and all the house of Israel played before the LORD on all manner of instruments made of fir wood, even on harps, and on psalteries, and on t
nacom	1	nachon's (1.00), uzzah (0.40), threshingfloor (0.11), shook (0.09)	2 Samuel 6:6 — And when they came to Nachon's threshingfloor, Uzzah put forth his hand to the ark of God, and took hold of it; for the oxen shook it.
peres-uzá	1	perez-uzzah (1.00), uzzah (0.40), breach (0.09), displeased (0.07)	2 Samuel 6:8 — And David was displeased, because the LORD had made a breach upon Uzzah: and he called the name of the place Perez-uzzah to this day.
metegue-ama	1	metheg-ammah (1.00), subdued (0.09), philistines (0.01), smote (0.01)	2 Samuel 8:1 — And after this it came to pass, that David smote the Philistines, and subdued them: and David took Metheg-ammah out of the hand of the Philistines.
betá	1	betah (1.00), berothai (1.00), hadadezer (0.22), exceeding (0.02)	2 Samuel 8:8 — And from Betah, and from Berothai, cities of Hadadezer, king David took exceeding much brass.
berotai	1	betah (1.00), berothai (1.00), hadadezer (0.22), exceeding (0.02)	2 Samuel 8:8 — And from Betah, and from Berothai, cities of Hadadezer, king David took exceeding much brass.
mandou-lha	1	uriah (0.08), letter (0.05), wrote (0.02), joab (0.02)	2 Samuel 11:14 — And it came to pass in the morning, that David wrote a letter to Joab, and sent it by the hand of Uriah.
jerubesete	1	jerubbesheth (1.00), thebez (0.67), millstone (0.18), uriah (0.08)	2 Samuel 11:21 — Who smote Abimelech the son of Jerubbesheth? did not a woman cast a piece of a millstone upon him from the wall, that he died in Thebez? why went ye n
jedidias	1	jedidiah (1.00), nathan (0.05), prophet (0.01), sent (0.00)	2 Samuel 12:25 — And he sent by the hand of Nathan the prophet; and he called his name Jedidiah, because of the LORD.
chegando-lhos	1	sister (0.02), lie (0.01), hold (0.01), eat (0.00)	2 Samuel 13:11 — And when she had brought them unto him to eat, he took hold of her, and said unto her, Come lie with me, my sister.
baal-hazor	1	baal-hazor (1.00), sheepshearers (0.50), invited (0.40), absalom (0.02)	2 Samuel 13:23 — And it came to pass after two full years, that Absalom had sheepshearers in Baal-hazor, which is beside Ephraim: and Absalom invited all the king's so
amiur	1	talmai (0.29), geshur (0.22), ammihud (0.18), mourned (0.07)	2 Samuel 13:37 — But Absalom fled, and went to Talmai, the son of Ammihud, king of Geshur. And David mourned for his son every day.
aimás	1	ahimaaz (0.13), abiathar (0.07), seer (0.05), zadok (0.04)	2 Samuel 15:27 — The king said also unto Zadok the priest, Art not thou a seer? return into the city in peace, and your two sons with you, Ahimaaz thy son, and Jonatha
itra	1	ithra (1.00), israelite (0.40), nahash (0.22), joab's (0.22)	2 Samuel 17:25 — And Absalom made Amasa captain of the host instead of Joab: which Amasa was a man's son, whose name was Ithra an Israelite, that went in to Abigail th
sobi	1	shobi (1.00), rogelim (0.67), lo-debar (0.50), ammiel (0.29)	2 Samuel 17:27 — And it came to pass, when David was come to Mahanaim, that Shobi the son of Nahash of Rabbah of the children of Ammon, and Machir the son of Ammiel of
beritas	1	berites (1.00), beth-maachah (0.67), abel (0.08), tribes (0.01)	2 Samuel 20:14 — And he went through all the tribes of Israel unto Abel, and to Beth-maachah, and all the Berites: and they were gathered together, and went also after
jairita	1	jairite (1.00), ira (0.29), ruler (0.02), chief (0.01)	2 Samuel 20:26 — And Ira also the Jairite was a chief ruler about David.
armoni	1	armoni (1.00), adriel (0.67), meholathite (0.67), rizpah (0.40)	2 Samuel 21:8 — But the king took the two sons of Rizpah the daughter of Aiah, whom she bare unto Saul, Armoni and Mephibosheth; and the five sons of Michal the daugh
estendeu-lho	1	rizpah (0.40), aiah (0.33), dropped (0.29), birds (0.08)	2 Samuel 21:10 — And Rizpah the daughter of Aiah took sackcloth, and spread it for her upon the rock, from the beginning of harvest until water dropped upon them out o
isbi-benobe	1	ishbi-benob (1.00), giant (0.22), weighed (0.10), girded (0.05)	2 Samuel 21:16 — And Ishbi-benob, which was of the sons of the giant, the weight of whose spear weighed three hundred shekels of brass in weight, he being girded with 
jaaré-oregim	1	jaare-oregim (1.00), gob (0.67), elhanan (0.40), beth-lehemite (0.40)	2 Samuel 21:19 — And there was again a battle in Gob with the Philistines, where Elhanan the son of Jaare-oregim, a Beth-lehemite, slew the brother of Goliath the Gitt
salmista	1	psalmist (1.00), jesse (0.04), sweet (0.02), anointed (0.02)	2 Samuel 23:1 — Now these be the last words of David. David the son of Jesse said, and the man who was raised up on high, the anointed of the God of Jacob, and the sw
josebe-bassebete	1	tachmonite (1.00), adino (1.00), eznite (1.00), spear (0.05)	2 Samuel 23:8 — These be the names of the mighty men whom David had: The Tachmonite that sat in the seat, chief among the captains; the same was Adino the Eznite: he 
taquemoni	1	tachmonite (1.00), adino (1.00), eznite (1.00), spear (0.05)	2 Samuel 23:8 — These be the names of the mighty men whom David had: The Tachmonite that sat in the seat, chief among the captains; the same was Adino the Eznite: he 
adino	1	tachmonite (1.00), adino (1.00), eznite (1.00), spear (0.05)	2 Samuel 23:8 — These be the names of the mighty men whom David had: The Tachmonite that sat in the seat, chief among the captains; the same was Adino the Eznite: he 
eznita	1	tachmonite (1.00), adino (1.00), eznite (1.00), spear (0.05)	2 Samuel 23:8 — These be the names of the mighty men whom David had: The Tachmonite that sat in the seat, chief among the captains; the same was Adino the Eznite: he 
aoí	1	dodo (0.33), ahohite (0.33), defied (0.29), eleazar (0.03)	2 Samuel 23:9 — And after him was Eleazar the son of Dodo the Ahohite, one of the three mighty men with David, when they defied the Philistines that were there gather
agé	1	agee (1.00), hararite (0.40), lentiles (0.40), shammah (0.22)	2 Samuel 23:11 — And after him was Shammah the son of Agee the Hararite. And the Philistines were gathered together into a troop, where was a piece of ground full of l
elica	1	harodite (1.00), elika (1.00), shammah (0.22)	2 Samuel 23:25 — Shammah the Harodite, Elika the Harodite,
paltita	1	paltite (1.00), ikkesh (0.50), tekoite (0.50), helez (0.40)	2 Samuel 23:26 — Helez the Paltite, Ira the son of Ikkesh the Tekoite,
mebunai	1	anethothite (1.00), mebunnai (1.00), hushathite (0.33), abiezer (0.25)	2 Samuel 23:27 — Abiezer the Anethothite, Mebunnai the Hushathite,
zalmom	1	zalmon (0.67), maharai (0.50), ahohite (0.33), netophathite (0.25)	2 Samuel 23:28 — Zalmon the Ahohite, Maharai the Netophathite,
elebe	1	heleb (1.00), ribai (0.67), netophathite (0.25), ittai (0.25)	2 Samuel 23:29 — Heleb the son of Baanah, a Netophathite, Ittai the son of Ribai out of Gibeah of the children of Benjamin,
hidai	1	hiddai (1.00), gaash (0.40), pirathonite (0.33), brooks (0.13)	2 Samuel 23:30 — Benaiah the Pirathonite, Hiddai of the brooks of Gaash,
abi-albom	1	abi-albon (1.00), barhumite (1.00), arbathite (0.67), azmaveth (0.22)	2 Samuel 23:31 — Abi-albon the Arbathite, Azmaveth the Barhumite,
barumita	1	abi-albon (1.00), barhumite (1.00), arbathite (0.67), azmaveth (0.22)	2 Samuel 23:31 — Abi-albon the Arbathite, Azmaveth the Barhumite,
jásen	1	jashen (1.00), eliahba (0.67), shaalbonite (0.67), jonathan (0.02)	2 Samuel 23:32 — Eliahba the Shaalbonite, of the sons of Jashen, Jonathan,
ararita	1	sharar (1.00), ahiam (0.67), hararite (0.40), shammah (0.22)	2 Samuel 23:33 — Shammah the Hararite, Ahiam the son of Sharar the Hararite,
aasbai	1	ahasbai (1.00), eliam (0.67), gilonite (0.67), maachathite (0.40)	2 Samuel 23:34 — Eliphelet the son of Ahasbai, the son of the Maachathite, Eliam the son of Ahithophel the Gilonite,
hezrai	1	hezrai (1.00), paarai (1.00), arbite (1.00), carmelite (0.33)	2 Samuel 23:35 — Hezrai the Carmelite, Paarai the Arbite,
paarai	1	hezrai (1.00), paarai (1.00), arbite (1.00), carmelite (0.33)	2 Samuel 23:35 — Hezrai the Carmelite, Paarai the Arbite,
arbita	1	hezrai (1.00), paarai (1.00), arbite (1.00), carmelite (0.33)	2 Samuel 23:35 — Hezrai the Carmelite, Paarai the Arbite,
igal	1	gadite (1.00), igal (0.67), zobah (0.17), bani (0.13)	2 Samuel 23:36 — Igal the son of Nathan of Zobah, Bani the Gadite,
gadita	1	gadite (1.00), igal (0.67), zobah (0.17), bani (0.13)	2 Samuel 23:36 — Igal the son of Nathan of Zobah, Bani the Gadite,
hodsi	1	tahtim-hodshi (1.00), dan-jaan (1.00), zidon (0.09), gilead (0.02)	2 Samuel 24:6 — Then they came to Gilead, and to the land of Tahtim-hodshi; and they came to Dan-jaan, and about to Zidon,
dã-jaã	1	tahtim-hodshi (1.00), dan-jaan (1.00), zidon (0.09), gilead (0.02)	2 Samuel 24:6 — Then they came to Gilead, and to the land of Tahtim-hodshi; and they came to Dan-jaan, and about to Zidon,
fez-lho	1	advise (0.50), days' (0.14), pursue (0.04), pestilence (0.03)	2 Samuel 24:13 — So Gad came to David, and told him, and said unto him, Shall seven years of famine come unto thee in thy land? or wilt thou flee three months before t
dissolutos	1	unreasonable (0.67), delivered (0.00), wicked (0.00), faith (0.00)	2 Tessalonicenses 3:2 — And that we may be delivered from unreasonable and wicked men: for all men have not faith.
lóide	1	grandmother (1.00), lois (1.00), eunice (1.00), unfeigned (0.33)	2 Timóteo 1:5 — When I call to remembrance the unfeigned faith that is in thee, which dwelt first in thy grandmother Lois, and thy mother Eunice; and I am persuaded t
eunice	1	grandmother (1.00), lois (1.00), eunice (1.00), unfeigned (0.33)	2 Timóteo 1:5 — When I call to remembrance the unfeigned faith that is in thee, which dwelt first in thy grandmother Lois, and thy mother Eunice; and I am persuaded t
figelo	1	phygellus (1.00), hermogenes (1.00), asia (0.09), knowest (0.02)	2 Timóteo 1:15 — This thou knowest, that all they which are in Asia be turned away from me; of whom are Phygellus and Hermogenes.
hermógenes	1	phygellus (1.00), hermogenes (1.00), asia (0.09), knowest (0.02)	2 Timóteo 1:15 — This thou knowest, that all they which are in Asia be turned away from me; of whom are Phygellus and Hermogenes.
janes	1	jannes (1.00), jambres (1.00), reprobate (0.40), withstood (0.12)	2 Timóteo 3:8 — Now as Jannes and Jambres withstood Moses, so do these also resist the truth: men of corrupt minds, reprobate concerning the faith.
jambres	1	jannes (1.00), jambres (1.00), reprobate (0.40), withstood (0.12)	2 Timóteo 3:8 — Now as Jannes and Jambres withstood Moses, so do these also resist the truth: men of corrupt minds, reprobate concerning the faith.
réprobos	1	jannes (1.00), jambres (1.00), reprobate (0.40), withstood (0.12)	2 Timóteo 3:8 — Now as Jannes and Jambres withstood Moses, so do these also resist the truth: men of corrupt minds, reprobate concerning the faith.
pergaminhos	1	carpus (1.00), parchments (1.00), troas (0.29), cloke (0.25)	2 Timóteo 4:13 — The cloke that I left at Troas with Carpus, when thou comest, bring with thee, and the books, but especially the parchments.
latoeiro	1	coppersmith (1.00), alexander (0.33), reward (0.02), works (0.01)	2 Timóteo 4:14 — Alexander the coppersmith did me much evil: the Lord reward him according to his works:
êubulo	1	eubulus (1.00), greeteth (1.00), pudens (1.00), linus (1.00)	2 Timóteo 4:21 — Do thy diligence to come before winter. Eubulus greeteth thee, and Pudens, and Linus, and Claudia, and all the brethren.
lino	1	eubulus (1.00), greeteth (1.00), pudens (1.00), linus (1.00)	2 Timóteo 4:21 — Do thy diligence to come before winter. Eubulus greeteth thee, and Pudens, and Linus, and Claudia, and all the brethren.
cláudia	1	eubulus (1.00), greeteth (1.00), pudens (1.00), linus (1.00)	2 Timóteo 4:21 — Do thy diligence to come before winter. Eubulus greeteth thee, and Pudens, and Linus, and Claudia, and all the brethren.
diótrefes	1	diotrephes (1.00), preeminence (0.50), loveth (0.03), receiveth (0.03)	3 João 1:9 — I wrote unto the church: but Diotrephes, who loveth to have the preeminence among them, receiveth us not.
primazia	1	diotrephes (1.00), preeminence (0.50), loveth (0.03), receiveth (0.03)	3 João 1:9 — I wrote unto the church: but Diotrephes, who loveth to have the preeminence among them, receiveth us not.
aduladoras	1	lyings (0.20), flattering (0.11), gadianton (0.07), zoramites (0.06)	3 Néfi 1:29 — And there was also a cause of much sorrow among the Lamanites; for behold, they had many children who did grow up and began to wax strong in years, th
heroicamente	1	maintaining (0.33), firmness (0.22), supported (0.18), lachoneus (0.13)	3 Néfi 3:2 — Lachoneus, most noble and chief governor of the land, behold, I write this epistle unto you, and do give unto you exceedingly great praise because of 
lástima	1	brave (1.00), anxiety (0.22), await (0.18), noble (0.13)	3 Néfi 3:3 — And it seemeth a pity unto me, most noble Lachoneus, that ye should be so foolish and vain as to suppose that ye can stand against so many brave men w
presunçoso	1	brave (1.00), anxiety (0.22), await (0.18), noble (0.13)	3 Néfi 3:3 — And it seemeth a pity unto me, most noble Lachoneus, that ye should be so foolish and vain as to suppose that ye can stand against so many brave men w
equívoco	1	mistake (0.67), reckoning (0.13), thirty (0.01), third (0.01)	3 Néfi 8:2 — And now it came to pass, if there was no mistake made by this man in the reckoning of our time, the thirty and third year had passed away;
onia	1	onihah (1.00), mocum (1.00), hide (0.02), stead (0.01)	3 Néfi 9:7 — Yea, and the city of Onihah and the inhabitants thereof, and the city of Mocum and the inhabitants thereof, and the city of Jerusalem and the inhabita
mocum	1	onihah (1.00), mocum (1.00), hide (0.02), stead (0.01)	3 Néfi 9:7 — Yea, and the city of Onihah and the inhabitants thereof, and the city of Mocum and the inhabitants thereof, and the city of Jerusalem and the inhabita
gadiândi	1	gadiandi (1.00), gadiomnah (1.00), gimgimno (1.00), sunk (0.11)	3 Néfi 9:8 — And behold, the city of Gadiandi, and the city of Gadiomnah, and the city of Jacob, and the city of Gimgimno, all these have I caused to be sunk, and 
gadiomna	1	gadiandi (1.00), gadiomnah (1.00), gimgimno (1.00), sunk (0.11)	3 Néfi 9:8 — And behold, the city of Gadiandi, and the city of Gadiomnah, and the city of Jacob, and the city of Gimgimno, all these have I caused to be sunk, and 
gingimno	1	gadiandi (1.00), gadiomnah (1.00), gimgimno (1.00), sunk (0.11)	3 Néfi 9:8 — And behold, the city of Gadiandi, and the city of Gadiomnah, and the city of Jacob, and the city of Gimgimno, all these have I caused to be sunk, and 
jacobugate	1	jacobugath (1.00), combinations (0.10), murders (0.06), government (0.05)	3 Néfi 9:9 — And behold, that great city Jacobugath, which was inhabited by the people of king Jacob, have I caused to be burned with fire because of their sins an
áspera	1	harsh (1.00), conversing (0.40), center (0.15), pierce (0.14)	3 Néfi 11:3 — And it came to pass that while they were thus conversing one with another, they heard a voice as if it came out of heaven; and they cast their eyes ro
divorciada	1	divorced (0.33), saving (0.13), committeth (0.10), marry (0.07)	3 Néfi 12:32 — Verily, verily, I say unto you, that whosoever shall put away his wife, saving for the cause of fornication, causeth her to commit adultery; and whoso
fa-reis	1	shed (0.02), remembrance (0.02), always (0.02), baptized (0.01)	3 Néfi 18:11 — And this shall ye always do to those who repent and are baptized in my name; and ye shall do it in remembrance of my blood, which I have shed for you,
matôni	1	mathoni (1.00), mathonihah (1.00), kumen (1.00), kumenonhi (1.00)	3 Néfi 19:4 — And it came to pass that on the morrow, when the multitude was gathered together, behold, Nephi and his brother whom he had raised from the dead, whos
matonia	1	mathoni (1.00), mathonihah (1.00), kumen (1.00), kumenonhi (1.00)	3 Néfi 19:4 — And it came to pass that on the morrow, when the multitude was gathered together, behold, Nephi and his brother whom he had raised from the dead, whos
cumen	1	mathoni (1.00), mathonihah (1.00), kumen (1.00), kumenonhi (1.00)	3 Néfi 19:4 — And it came to pass that on the morrow, when the multitude was gathered together, behold, Nephi and his brother whom he had raised from the dead, whos
cumenôni	1	mathoni (1.00), mathonihah (1.00), kumen (1.00), kumenonhi (1.00)	3 Néfi 19:4 — And it came to pass that on the morrow, when the multitude was gathered together, behold, Nephi and his brother whom he had raised from the dead, whos
semnon	1	mathoni (1.00), mathonihah (1.00), kumen (1.00), kumenonhi (1.00)	3 Néfi 19:4 — And it came to pass that on the morrow, when the multitude was gathered together, behold, Nephi and his brother whom he had raised from the dead, whos
dizimados	1	adversaries (0.05), lifted (0.01), enemies (0.01), cut (0.01)	3 Néfi 20:17 — Thy hand shall be lifted up upon thine adversaries, and all thine enemies shall be cut off.
convincente	1	convincing (0.17), fit (0.09), kindreds (0.06), seeth (0.03)	3 Néfi 28:29 — And it shall come to pass, when the Lord seeth fit in his wisdom that they shall minister unto all the scattered tribes of Israel, and unto all nation
submersas	1	renewed (0.20), sunk (0.11), stead (0.01), waters (0.01)	4 Néfi 1:9 — But there were many cities which had been sunk, and waters came up in the stead thereof; therefore these cities could not be renewed.
itas	1	ites (1.00), murderers (0.10), heirs (0.09), robbers (0.03)	4 Néfi 1:17 — There were no robbers, nor murderers, neither were there Lamanites, nor any manner of —ites; but they were in one, the children of Christ, and heirs t
ducentésimo	1	division (0.15), thirty (0.01), year (0.00), hundred (0.00)	4 Néfi 1:35 — And now it came to pass in this year, yea, in the two hundred and thirty and first year, there was a great division among the people.
olisem	1	thank-offering (1.00), olishem (1.00), potiphar (0.40), plain (0.02)	Abraão 1:10 — Even the thank-offering of a child did the priest of Pharaoh offer upon the altar which stood by the hill called Potiphar’s Hill, at the head of the p
onita	1	onitah (1.00), descent (0.33), directly (0.29), virtue (0.10)	Abraão 1:11 — Now, this priest had offered upon this altar three virgins at one time, who were the daughters of Onitah, one of the royal descent directly from the l
raleenos	1	rahleenos (1.00), hieroglyphics (1.00), figures (0.40), signifies (0.40)	Abraão 1:14 — That you may have an understanding of these gods, I have given you the fashion of them in the figures at the beginning, which manner of figures is cal
hieróglifos	1	rahleenos (1.00), hieroglyphics (1.00), figures (0.40), signifies (0.40)	Abraão 1:14 — That you may have an understanding of these gods, I have given you the fashion of them in the figures at the beginning, which manner of figures is cal
olea	1	kokob (1.00), olea (1.00), shinehah (0.67), kokaubeam (0.67)	Abraão 3:13 — And he said unto me: This is Shinehah, which is the sun. And he said unto me: Kokob, which is star. And he said unto me: Olea, which is the moon. And 
gnolaum	1	gnolaum (1.00), intelligent (0.67), existed (0.67), exist (0.14)	Abraão 3:18 — Howbeit that he made the greater star; as, also, if there be two spirits , and one shall be more intelligent than the other, yet these two spirits, no
ausentassem	1	assembled (0.03), wait (0.02), promise (0.02), depart (0.01)	Atos 1:4 — And, being assembled together with them, commanded them that they should not depart from Jerusalem, but wait for the promise of the Father, which, sai
aceldama	1	aceldama (1.00), dwellers (0.50), proper (0.14), tongue (0.01)	Atos 1:19 — And it was known unto all the dwellers at Jerusalem; insomuch as that field is called in their proper tongue, Aceldama, that is to say, The field of b
cirene	1	proselytes (0.67), phrygia (0.50), libya (0.50), cyrene (0.40)	Atos 2:10 — Phrygia, and Pamphylia, in Egypt, and in the parts of Libya about Cyrene, and strangers of Rome, Jews and proselytes,
iletrados	1	unlearned (0.25), ignorant (0.10), boldness (0.09), marvelled (0.08)	Atos 4:13 — Now when they saw the boldness of Peter and John, and perceived that they were unlearned and ignorant men, they marvelled; and they took knowledge of 
teudas	1	theudas (1.00), somebody (0.67), boasting (0.12), nought (0.06)	Atos 5:36 — For before these days rose up Theudas, boasting himself to be somebody; to whom a number of men, about four hundred, joined themselves: who was slain;
prócoro	1	prochorus (1.00), nicanor (1.00), timon (1.00), parmenas (1.00)	Atos 6:5 — And the saying pleased the whole multitude: and they chose Stephen, a man full of faith and of the Holy Ghost, and Philip, and Prochorus, and Nicanor,
nicanor	1	prochorus (1.00), nicanor (1.00), timon (1.00), parmenas (1.00)	Atos 6:5 — And the saying pleased the whole multitude: and they chose Stephen, a man full of faith and of the Holy Ghost, and Philip, and Prochorus, and Nicanor,
timão	1	prochorus (1.00), nicanor (1.00), timon (1.00), parmenas (1.00)	Atos 6:5 — And the saying pleased the whole multitude: and they chose Stephen, a man full of faith and of the Holy Ghost, and Philip, and Prochorus, and Nicanor,
pármenas	1	prochorus (1.00), nicanor (1.00), timon (1.00), parmenas (1.00)	Atos 6:5 — And the saying pleased the whole multitude: and they chose Stephen, a man full of faith and of the Holy Ghost, and Philip, and Prochorus, and Nicanor,
nicolau	1	prochorus (1.00), nicanor (1.00), timon (1.00), parmenas (1.00)	Atos 6:5 — And the saying pleased the whole multitude: and they chose Stephen, a man full of faith and of the Holy Ghost, and Philip, and Prochorus, and Nicanor,
emor	1	sychem (1.00), emmor (1.00), sum (0.09), bought (0.04)	Atos 7:16 — And were carried over into Sychem, and laid in the sepulchre that Abraham bought for a sum of money of the sons of Emmor the father of Sychem.
renfã	1	remphan (1.00), moloch (0.67), figures (0.40), star (0.10)	Atos 7:43 — Yea, ye took up the tabernacle of Moloch, and the star of your god Remphan, figures which ye made to worship them: and I will carry you away beyond Ba
mordomo-mor	1	candace (1.00), eunuch (0.25), ethiopians (0.15), ethiopia (0.09)	Atos 8:27 — And he arose and went: and, behold, a man of Ethiopia, an eunuch of great authority under Candace queen of the Ethiopians, who had the charge of all h
candace	1	candace (1.00), eunuch (0.25), ethiopians (0.15), ethiopia (0.09)	Atos 8:27 — And he arose and went: and, behold, a man of Ethiopia, an eunuch of great authority under Candace queen of the Ethiopians, who had the charge of all h
sarona	1	saron (1.00), lydda (0.50), dwelt (0.01), turned (0.01)	Atos 9:35 — And all that dwelt at Lydda and Saron saw him, and turned to the Lord.
apresentou-lha	1	presented (0.08), widows (0.06), alive (0.02), saints (0.01)	Atos 9:41 — And he gave her his hand, and lifted her up, and when he had called the saints and widows, presented her alive.
cíprios	1	cyrene (0.40), grecians (0.40), cyprus (0.22), antioch (0.11)	Atos 11:20 — And some of them were men of Cyprus and Cyrene, which, when they were come to Antioch, spake unto the Grecians, preaching the Lord Jesus.
cirenenses	1	cyrene (0.40), grecians (0.40), cyprus (0.22), antioch (0.11)	Atos 11:20 — And some of them were men of Cyprus and Cyrene, which, when they were come to Antioch, spake unto the Grecians, preaching the Lord Jesus.
quaternos	1	quaternions (1.00), easter (1.00), apprehended (0.50), intending (0.50)	Atos 12:4 — And when he had apprehended him, he put him in prison, and delivered him to four quaternions of soldiers to keep him; intending after Easter to bring 
blasto	1	blastus (1.00), chamberlain (0.29), highly (0.13), accord (0.08)	Atos 12:20 — And Herod was highly displeased with them of Tyre and Sidon: but they came with one accord to him, and, having made Blastus the king's chamberlain the
camarista	1	blastus (1.00), chamberlain (0.29), highly (0.13), accord (0.08)	Atos 12:20 — And Herod was highly displeased with them of Tyre and Sidon: but they came with one accord to him, and, having made Blastus the king's chamberlain the
níger	1	niger (1.00), manaen (1.00), lucius (0.67), cyrene (0.40)	Atos 13:1 — Now there were in the church that was at Antioch certain prophets and teachers; as Barnabas, and Simeon that was called Niger, and Lucius of Cyrene, a
manaém	1	niger (1.00), manaen (1.00), lucius (0.67), cyrene (0.40)	Atos 13:1 — Now there were in the church that was at Antioch certain prophets and teachers; as Barnabas, and Simeon that was called Niger, and Lucius of Cyrene, a
selêucia	1	seleucia (1.00), cyprus (0.22), sailed (0.12), thence (0.01)	Atos 13:4 — So they, being sent forth by the Holy Ghost, departed unto Seleucia; and from thence they sailed to Cyprus.
salamina	1	salamis (1.00), synagogues (0.04), preached (0.02), minister (0.01)	Atos 13:5 — And when they were at Salamis, they preached the word of God in the synagogues of the Jews: and they had also John to their minister.
barjesus	1	bar-jesus (1.00), paphos (0.67), sorcerer (0.50), isle (0.25)	Atos 13:6 — And when they had gone through the isle unto Paphos, they found a certain sorcerer, a false prophet, a Jew, whose name was Bar-jesus:
sérgio	1	sergius (1.00), paulus (1.00), deputy (0.33), barnabas (0.07)	Atos 13:7 — Which was with the deputy of the country, Sergius Paulus, a prudent man; who called for Barnabas and Saul, and desired to hear the word of God.
elimas	1	elymas (1.00), sorcerer (0.50), deputy (0.33), withstood (0.12)	Atos 13:8 — But Elymas the sorcerer (for so is his name by interpretation) withstood them, seeking to turn away the deputy from the faith.
licaônia	1	lycaonia (0.67), derbe (0.40), ware (0.29), lystra (0.29)	Atos 14:6 — They were ware of it, and fled unto Lystra and Derbe, cities of Lycaonia, and unto the region that lieth round about:
licaônica	1	lycaonia (0.67), voices (0.05), likeness (0.05), speech (0.03)	Atos 14:11 — And when the people saw what Paul had done, they lifted up their voices, saying in the speech of Lycaonia, The gods are come down to us in the likenes
atália	1	attalia (1.00), perga (0.50), preached (0.02), word (0.00)	Atos 14:25 — And when they had preached the word in Perga, they went down into Attalia:
samotrácia	1	samothracia (1.00), neapolis (1.00), loosing (0.29), troas (0.29)	Atos 16:11 — Therefore loosing from Troas, we came with a straight course to Samothracia, and the next day to Neapolis;
neápolis	1	samothracia (1.00), neapolis (1.00), loosing (0.29), troas (0.29)	Atos 16:11 — Therefore loosing from Troas, we came with a straight course to Samothracia, and the next day to Neapolis;
colônia	1	colony (1.00), philippi (0.29), abiding (0.20), macedonia (0.08)	Atos 16:12 — And from thence to Philippi, which is the chief city of that part of Macedonia, and a colony: and we were in that city abiding certain days.
anfípolis	1	amphipolis (1.00), apollonia (1.00), thessalonica (0.29), synagogue (0.04)	Atos 17:1 — Now when they had passed through Amphipolis and Apollonia, they came to Thessalonica, where was a synagogue of the Jews:
apolônia	1	amphipolis (1.00), apollonia (1.00), thessalonica (0.29), synagogue (0.04)	Atos 17:1 — Now when they had passed through Amphipolis and Apollonia, they came to Thessalonica, where was a synagogue of the Jews:
epicureus	1	philosophers (1.00), epicureans (1.00), stoicks (1.00), encountered (1.00)	Atos 17:18 — Then certain philosophers of the Epicureans, and of the Stoicks, encountered him. And some said, What will this babbler say? other some, He seemeth to
dionísio	1	dionysius (1.00), areopagite (1.00), damaris (1.00), clave (0.13)	Atos 17:34 — Howbeit certain men clave unto him, and believed: among the which was Dionysius the Areopagite, and a woman named Damaris, and others with them.
areopagita	1	dionysius (1.00), areopagite (1.00), damaris (1.00), clave (0.13)	Atos 17:34 — Howbeit certain men clave unto him, and believed: among the which was Dionysius the Areopagite, and a woman named Damaris, and others with them.
damaris	1	dionysius (1.00), areopagite (1.00), damaris (1.00), clave (0.13)	Atos 17:34 — Howbeit certain men clave unto him, and believed: among the which was Dionysius the Areopagite, and a woman named Damaris, and others with them.
ambulantes	1	exorcists (1.00), preacheth (0.40), vagabond (0.33), adjure (0.33)	Atos 19:13 — Then certain of the vagabond Jews, exorcists, took upon them to call over them which had evil spirits the name of the Lord Jesus, saying, We adjure yo
sacrílegos	1	blasphemers (0.67), goddess (0.33), robbers (0.03), churches (0.02)	Atos 19:37 — For ye have brought hither these men, which are neither robbers of churches, nor yet blasphemers of your goddess.
sópatro	1	sopater (1.00), secundus (1.00), berea (0.50), thessalonians (0.50)	Atos 20:4 — And there accompanied him into Asia Sopater of Berea; and of the Thessalonians, Aristarchus and Secundus; and Gaius of Derbe, and Timotheus; and of As
êutico	1	eutychus (1.00), loft (0.67), window (0.11), sunk (0.11)	Atos 20:9 — And there sat in a window a certain young man named Eutychus, being fallen into a deep sleep: and as Paul was long preaching, he sunk down with sleep,
alvorada	1	talked (0.04), eaten (0.02), break (0.01), till (0.01)	Atos 20:11 — When he therefore was come up again, and had broken bread, and eaten, and talked a long while, even till break of day, so he departed.
mitilene	1	mitylene (1.00), assos (0.67), met (0.03), took (0.00)	Atos 20:14 — And when he met with us at Assos, we took him in, and came to Mitylene.
quios	1	chios (1.00), samos (1.00), trogyllium (1.00), miletus (0.67)	Atos 20:15 — And we sailed thence, and came the next day over against Chios; and the next day we arrived at Samos, and tarried at Trogyllium; and the next day we c
samos	1	chios (1.00), samos (1.00), trogyllium (1.00), miletus (0.67)	Atos 20:15 — And we sailed thence, and came the next day over against Chios; and the next day we arrived at Samos, and tarried at Trogyllium; and the next day we c
trogílio	1	chios (1.00), samos (1.00), trogyllium (1.00), miletus (0.67)	Atos 20:15 — And we sailed thence, and came the next day over against Chios; and the next day we arrived at Samos, and tarried at Trogyllium; and the next day we c
cós	1	coos (1.00), rhodes (1.00), patara (1.00), launched (0.33)	Atos 21:1 — And it came to pass, that after we were gotten from them, and had launched, we came with a straight course unto Coos, and the day following unto Rhode
pátara	1	coos (1.00), rhodes (1.00), patara (1.00), launched (0.33)	Atos 21:1 — And it came to pass, that after we were gotten from them, and had launched, we came with a straight course unto Coos, and the day following unto Rhode
ptolemaida	1	ptolemais (1.00), saluted (0.20), tyre (0.05), course (0.03)	Atos 21:7 — And when we had finished our course from Tyre, we came to Ptolemais, and saluted the brethren, and abode with them one day.
mnasom	1	mnason (1.00), cyprus (0.22), caesarea (0.11), lodge (0.07)	Atos 21:16 — There went with us also certain of the disciples of Caesarea, and brought with them one Mnason of Cyprus, an old disciple, with whom we should lodge.
cíprio	1	mnason (1.00), cyprus (0.22), caesarea (0.11), lodge (0.07)	Atos 21:16 — There went with us also certain of the disciples of Caesarea, and brought with them one Mnason of Cyprus, an old disciple, with whom we should lodge.
sicários	1	leddest (0.33), uproar (0.20), madest (0.15), murderers (0.10)	Atos 21:38 — Art not thou that Egyptian, which before these days madest an uproar, and leddest out into the wilderness four thousand men that were murderers?
célebre	1	citizen (0.50), tarsus (0.33), cilicia (0.22), mean (0.05)	Atos 21:39 — But Paul said, I am a man which am a Jew of Tarsus, a city in Cilicia, a citizen of no mean city: and, I beseech thee, suffer me to speak unto the peo
havendo-lho	1	licence (0.67), beckoned (0.25), stairs (0.18), hebrew (0.07)	Atos 21:40 — And when he had given him licence, Paul stood on the stairs, and beckoned with the hand unto the people. And when there was made a great silence, he s
acuradamente	1	perfectly (0.17), agreed (0.10), wouldest (0.06), enquire (0.04)	Atos 23:20 — And he said, The Jews have agreed to desire thee that thou wouldest bring down Paul to morrow into the council, as though they would enquire somewhat 
lisias	1	claudius (0.50), lysias (0.50), greeting (0.33), felix (0.22)	Atos 23:26 — Claudius Lysias unto the most excellent governor Felix sendeth greeting.
antipátride	1	antipatris (1.00), soldiers (0.06), paul (0.01), night (0.01)	Atos 23:31 — Then the soldiers, as it was commanded them, took Paul, and brought him by night to Antipatris.
drusila	1	drusilla (1.00), jewess (0.67), felix (0.22), paul (0.01)	Atos 24:24 — And after certain days, when Felix came with his wife Drusilla, which was a Jewess, he sent for Paul, and heard him concerning the faith in Christ.
pórcio	1	porcius (1.00), felix' (1.00), felix (0.22), festus (0.15)	Atos 24:27 — But after two years Porcius Festus came into Felix' room: and Felix, willing to shew the Jews a pleasure, left Paul bound.
interrogatório	1	examination (1.00), specially (0.29), agrippa (0.14), somewhat (0.03)	Atos 25:26 — Of whom I have no certain thing to write unto my lord. Wherefore I have brought him forth before you, and specially before thee, O king Agrippa, that,
venturoso	1	agrippa (0.14), accused (0.09), happy (0.06), touching (0.05)	Atos 26:2 — I think myself happy, king Agrippa, because I shall answer for myself this day before thee touching all the things whereof I am accused of the Jews:
adramitino	1	adramyttium (1.00), macedonian (1.00), launched (0.33), aristarchus (0.33)	Atos 27:2 — And entering into a ship of Adramyttium, we launched, meaning to sail by the coasts of Asia; one Aristarchus, a Macedonian of Thessalonica, being with
macedônio	1	adramyttium (1.00), macedonian (1.00), launched (0.33), aristarchus (0.33)	Atos 27:2 — And entering into a ship of Adramyttium, we launched, meaning to sail by the coasts of Asia; one Aristarchus, a Macedonian of Thessalonica, being with
lícia	1	myra (1.00), lycia (1.00), pamphylia (0.33), cilicia (0.22)	Atos 27:5 — And when we had sailed over the sea of Cilicia and Pamphylia, we came to Myra, a city of Lycia.
cnido	1	slowly (1.00), cnidus (1.00), salmone (1.00), scarce (0.33)	Atos 27:7 — And when we had sailed slowly many days, and scarce were come over against Cnidus, the wind not suffering us, we sailed under Crete, over against Salm
salmone	1	slowly (1.00), cnidus (1.00), salmone (1.00), scarce (0.33)	Atos 27:7 — And when we had sailed slowly many days, and scarce were come over against Cnidus, the wind not suffering us, we sailed under Crete, over against Salm
laseia	1	havens (1.00), lasea (1.00), hardly (0.18), passing (0.13)	Atos 27:8 — And, hardly passing it, came unto a place which is called The fair havens; nigh whereunto was the city of Lasea.
fênice	1	commodious (1.00), advised (0.67), haven (0.50), phenice (0.50)	Atos 27:12 — And because the haven was not commodious to winter in, the more part advised to depart thence also, if by any means they might attain to Phenice, and 
euro-aquilão	1	euroclydon (1.00), tempestuous (0.40), wind (0.02), arose (0.01)	Atos 27:14 — But not long after there arose against it a tempestuous wind, called Euroclydon.
clauda	1	clauda (1.00), boat (0.33), island (0.20), running (0.06)	Atos 27:16 — And running under a certain island which is called Clauda, we had much work to come by the boat:
sirte	1	undergirding (1.00), quicksands (1.00), strake (1.00), helps (0.50)	Atos 27:17 — Which when they had taken up, they used helps, undergirding the ship; and, fearing lest they should fall into the quicksands, strake sail, and so were
arriadas	1	undergirding (1.00), quicksands (1.00), strake (1.00), helps (0.50)	Atos 27:17 — Which when they had taken up, they used helps, undergirding the ship; and, fearing lest they should fall into the quicksands, strake sail, and so were
enseada	1	creek (1.00), minded (0.13), shore (0.09), discovered (0.05)	Atos 27:39 — And when it was day, they knew not the land: but they discovered a certain creek with a shore, into the which they were minded, if it were possible, t
pólux	1	wintered (1.00), castor (1.00), pollux (1.00), alexandria (0.50)	Atos 28:11 — And after three months we departed in a ship of Alexandria, which had wintered in the isle, whose sign was Castor and Pollux.
siracusa	1	syracuse (1.00), landing (0.67), tarried (0.05), three (0.00)	Atos 28:12 — And landing at Syracuse, we tarried there three days.
régio	1	rhegium (1.00), puteoli (1.00), fetched (0.11), blew (0.08)	Atos 28:13 — And from thence we fetched a compass, and came to Rhegium: and after one day the south wind blew, and we came the next day to Puteoli:
putéoli	1	rhegium (1.00), puteoli (1.00), fetched (0.11), blew (0.08)	Atos 28:13 — And from thence we fetched a compass, and came to Rhegium: and after one day the south wind blew, and we came the next day to Puteoli:
ignominiosa	1	ignominious (1.00), nehor (0.18), manti (0.09), acknowledge (0.08)	Alma 1:15 — And it came to pass that they took him; and his name was Nehor; and they carried him upon the top of the hill Manti, and there he was caused, or rathe
solidez	1	homely (1.00), steadiness (0.40), silk (0.33), fatlings (0.22)	Alma 1:29 — And now, because of the steadiness of the church they began to be exceedingly rich, having abundance of all things whatsoever they stood in need—an ab
privá-los-ia	1	deprive (0.67), amlici (0.14), privileges (0.13), rights (0.08)	Alma 2:4 — Therefore, if it were possible that Amlici should gain the voice of the people, he, being a wicked man, would deprive them of their rights and privile
capitães-mores	1	amlicites (0.09), numbers (0.08), higher (0.07), captains (0.02)	Alma 2:13 — And thus they were prepared to meet the Amlicites at the time of their coming. And there were appointed captains, and higher captains, and chief capta
aniú	1	amnihu (1.00), amlicites (0.09), sidon (0.05), ran (0.03)	Alma 2:15 — And it came to pass that the Amlicites came upon the hill Amnihu, which was east of the river Sidon, which ran by the land of Zarahemla, and there the
zerã	1	zeram (1.00), limher (1.00), amnor (0.50), amlicites (0.09)	Alma 2:22 — Now those whom he had sent out to watch the camp of the Amlicites were called Zeram, and Amnor, and Manti, and Limher; these were they who went out wi
límer	1	zeram (1.00), limher (1.00), amnor (0.50), amlicites (0.09)	Alma 2:22 — Now those whom he had sent out to watch the camp of the Amlicites were called Zeram, and Amnor, and Manti, and Limher; these were they who went out wi
minon	1	minon (1.00), amlicites (0.09), astonishment (0.05), numerous (0.04)	Alma 2:24 — Behold, we followed the camp of the Amlicites, and to our great astonishment, in the land of Minon, above the land of Zarahemla, in the course of the 
ribanceira	1	cleared (1.00), throwing (0.40), bank (0.09), amlicites (0.09)	Alma 2:34 — And thus he cleared the ground, or rather the bank, which was on the west of the river Sidon, throwing the bodies of the Lamanites who had been slain 
hermontes	1	hermounts (1.00), infested (0.50), ravenous (0.33), reached (0.20)	Alma 2:37 — Yea, they were met on every hand, and slain and driven, until they were scattered on the west, and on the north, until they had reached the wilderness
destruí-lo-á	1	wolf (0.20), wolves (0.18), shepherd (0.03), devour (0.03)	Alma 5:59 — For what shepherd is there among you having many sheep doth not watch over them, that the wolves enter not and devour his flock? And behold, if a wolf
voraz	1	ravenous (0.33), wolf (0.20), fold (0.09), commandeth (0.07)	Alma 5:60 — And now I say unto you that the good shepherd doth call after you; and if you will hearken unto his voice he will bring you into his fold, and ye are 
restrito	1	address (1.00), confined (0.29), attempt (0.12), permitted (0.10)	Alma 7:1 — Behold my beloved brethren, seeing that I have been permitted to come unto you, therefore I attempt to address you in my language; yea, by my own mout
irrepreensivelmente	1	awaken (0.50), sense (0.25), blameless (0.08), duty (0.04)	Alma 7:22 — And now my beloved brethren, I have said these things unto you that I might awaken you to a sense of your duty to God, that ye may walk blameless befo
espoliador	1	owed (0.33), complained (0.29), owe (0.22), evidences (0.20)	Alma 11:2 — Now if a man owed another, and he would not pay that which he did owe, he was complained of to the judge; and the judge executed authority, and sent f
honorários	1	senum (0.40), senine (0.29), wages (0.07), equal (0.04)	Alma 11:3 — And the judge received for his wages according to his time—a senine of gold for a day, or a senum of silver, which is equal to a senine of gold; and t
leá	1	shiblum (0.67), leah (0.07), half (0.01)	Alma 11:17 — And a leah is the half of a shiblum.
antion	1	antion (1.00), shiblons (1.00), equal (0.04), gold (0.00)	Alma 11:19 — Now an antion of gold is equal to three shiblons.
desatadas	1	loosing (0.29), bands (0.03), redemption (0.02), judged (0.02)	Alma 11:41 — Therefore the wicked remain as though there had been no redemption made, except it be the loosing of the bands of death; for behold, the day cometh th
atreveremos	1	fain (0.40), dare (0.29), spotless (0.17), rocks (0.06)	Alma 12:14 — For our words will condemn us, yea, all our works will condemn us; we shall not be found spotless; and our thoughts will also condemn us; and in this 
antiona	1	antionah (1.00), immortal (0.13), mortal (0.09), changed (0.04)	Alma 12:20 — But there was one Antionah, who was a chief ruler among them, came forth and said unto him: What is this that thou hast said, that man should rise fro
amoniaítas	1	ammonihahites (1.00), ammonihah (0.08), eleventh (0.07), greatness (0.03)	Alma 16:9 — And thus ended the eleventh year of the judges, the Lamanites having been driven out of the land, and the people of Ammonihah were destroyed; yea, eve
reuni-los-emos	1	flattered (0.50), cheer (0.11), search (0.02), preserve (0.02)	Alma 17:31 — And it came to pass that he flattered them by his words, saying: My brethren, be of good cheer and let us go in search of the flocks, and we will gath
abis	1	abish (1.00), remarkable (1.00), lamanitish (0.67), converted (0.05)	Alma 19:16 — And it came to pass that they did call on the name of the Lord, in their might, even until they had all fallen to the earth, save it were one of the L
antiono	1	antiomno (1.00), flatter (0.25), middoni (0.13), lamoni (0.05)	Alma 20:4 — Now Lamoni said unto Ammon: I know, in the strength of the Lord thou canst do all things. But behold, I will go with thee to the land of Middoni; for 
infelicidade	1	middoni (0.13), arrived (0.11), happened (0.07), stiffnecked (0.06)	Alma 20:30 — And, as it happened, it was their lot to have fallen into the hands of a more hardened and a more stiffnecked people; therefore they would not hearken
ani-ânti	1	ani (1.00), muloki (0.67), ammah (0.50), contended (0.15)	Alma 21:11 — Therefore, when he saw that they would not hear his words, he departed out of their synagogue, and came over to a village which was called Ani– Anti, 
simnilom	1	shimnilom (1.00), shemlon (0.29), shilom (0.13), lemuel (0.06)	Alma 23:12 — And also of the people of the Lamanites who were in the land of Shilom, and who were in the land of Shemlon, and in the city of Lemuel, and in the cit
ânti-néfi-leítas	1	lehies (1.00), anti (0.13), names (0.02), nephi (0.00)	Alma 23:17 — And it came to pass that they called their names Anti– Nephi– Lehies; and they were called by this name and were no more called Lamanites.
condoídos	1	swollen (0.25), slaying (0.14), forbear (0.07), repented (0.03)	Alma 24:24 — Now when the Lamanites saw this they did forbear from slaying them; and there were many whose hearts had swollen in them for those of their brethren w
compungidos	1	stung (1.00), relying (0.33), threw (0.20), murders (0.06)	Alma 24:25 — And it came to pass that they threw down their weapons of war, and they would not take them again, for they were stung for the murders which they had 
amulonita	1	actual (0.50), amulonites (0.29), nehor (0.18), descendants (0.13)	Alma 24:29 — Now, among those who joined the people of the Lord, there were none who were Amalekites or Amulonites, or who were of the order of Nehor, but they wer
mosaica	1	type (0.25), performances (0.25), considering (0.22), outward (0.11)	Alma 25:15 — Yea, and they did keep the law of Moses; for it was expedient that they should keep the law of Moses as yet, for it was not all fulfilled. But notwith
incorreção	1	grossest (1.00), incorrectness (0.67), convince (0.20), transgressor (0.14)	Alma 26:24 — For they said unto us: Do ye suppose that ye can bring the Lamanites to the knowledge of the truth? Do ye suppose that ye can convince the Lamanites o
privações	1	privation (1.00), relying (0.33), traveled (0.14), amongst (0.11)	Alma 26:28 — And now behold, we have come, and been forth amongst them; and we have been patient in our sufferings, and we have suffered every privation; yea, we h
incomensurável	1	incomprehensible (1.00), reception (0.40), journeyings (0.17), jershon (0.08)	Alma 28:8 — And this is the account of Ammon and his brethren, their journeyings in the land of Nephi, their sufferings in the land, their sorrows, and their affl
desvairada	1	frenzied (1.00), derangement (1.00), comes (0.14), belief (0.13)	Alma 30:16 — Ye look forward and say that ye see a remission of your sins. But behold, it is the effect of a frenzied mind; and this derangement of your minds come
rameumptom	1	rameumptom (1.00), interpreted (0.12), stand (0.00), being (0.00)	Alma 31:21 — Now the place was called by them Rameumptom, which, being interpreted, is the holy stand.
suntuosos	1	ringlets (1.00), ornamented (0.50), bracelets (0.15), costly (0.13)	Alma 31:28 — Behold, O my God, their costly apparel, and their ringlets, and their bracelets, and their ornaments of gold, and all their precious things which they
influente	1	foremost (0.33), labored (0.11), especially (0.10), poverty (0.08)	Alma 32:5 — And they came unto Alma; and the one who was the foremost among them said unto him: Behold, what shall these my brethren do, for they are despised of 
inexprimível	1	rack (1.00), inexpressible (1.00), horror (0.33), murdered (0.07)	Alma 36:14 — Yea, and I had murdered many of his children, or rather led them away unto destruction; yea, and in fine so great had been my iniquities, that the ver
cruciante	1	exquisite (0.50), pains (0.10), bitter (0.04), sweet (0.02)	Alma 36:21 — Yea, I say unto you, my son, that there could be nothing so exquisite and so bitter as were my pains. Yea, and again I say unto you, my son, that on t
gazelém	1	gazelem (1.00), discover (0.07), shine (0.04), abominations (0.01)	Alma 37:23 — And the Lord said: I will prepare unto my servant Gazelem, a stone, which shall shine forth in darkness unto light, that I may discover unto my people
liahona	1	liahona (1.00), director (0.40), ball (0.18), com (0.14)	Alma 37:38 — And now, my son, I have somewhat to say concerning the thing which our fathers call a ball, or director—or our fathers called it Liahona, which is, be
siron	1	siron (1.00), isabel (1.00), harlot (0.05), grievous (0.04)	Alma 39:3 — And this is not all, my son. Thou didst do that which was grievous unto me; for thou didst forsake the ministry, and did go over into the land of Siro
circunspecção	1	soberness (0.20), claim (0.09), plan (0.05), grant (0.03)	Alma 42:31 — And now, O my son, ye are called of God to preach the word unto this people. And now, my son, go thy way, declare the word with truth and soberness, t
apoderasse	1	leaving (0.13), marched (0.12), remaining (0.11), manti (0.09)	Alma 43:25 — Now Moroni, leaving a part of his army in the land of Jershon, lest by any means a part of the Lamanites should come into that land and take possessio
ferocidade	1	perceiving (0.40), shrink (0.25), inspired (0.18), fierceness (0.12)	Alma 43:48 — And it came to pass that when the men of Moroni saw the fierceness and the anger of the Lamanites, they were about to shrink and flee from them. And M
teimosia	1	stubbornness (0.29), swords (0.03), contend (0.03), angry (0.02)	Alma 44:17 — And now Moroni was angry, because of the stubbornness of the Lamanites; therefore he commanded his people that they should fall upon them and slay the
desprotegida	1	exposed (0.33), soldier (0.25), pierced (0.14), swept (0.10)	Alma 44:18 — But behold, their naked skins and their bare heads were exposed to the sharp swords of the Nephites; yea, behold they were pierced and smitten, yea, a
precárias	1	precarious (1.00), withstanding (1.00), rejoicings (0.40), dangerous (0.29)	Alma 46:7 — And there were many in the church who believed in the flattering words of Amalickiah, therefore they dissented even from the church; and thus were the
infatigavelmente	1	swell (0.22), privileges (0.13), bestowed (0.07), welfare (0.07)	Alma 48:12 — Yea, a man whose heart did swell with thanksgiving to his God, for the many privileges and blessings which he bestowed upon his people; a man who did 
despreparados	1	unprepared (0.67), sorry (0.13), sending (0.11), shedding (0.06)	Alma 48:23 — Now, they were sorry to take up arms against the Lamanites, because they did not delight in the shedding of blood; yea, and this was not all—they were
desapontamento	1	ridge (1.00), disappointment (0.67), dug (0.50), entrance (0.11)	Alma 49:4 — But behold, how great was their disappointment; for behold, the Nephites had dug up a ridge of earth round about them, which was so high that the Lama
divisória	1	fortifying (1.00), possessing (0.50), strongholds (0.13), running (0.06)	Alma 50:11 — And thus he cut off all the strongholds of the Lamanites in the east wilderness, yea, and also on the west, fortifying the line between the Nephites a
desavenças	1	quarrelings (1.00), murderings (0.67), plunderings (0.40), verified (0.17)	Alma 50:21 — And we see that these promises have been verified to the people of Nephi; for it has been their quarrelings and their contentions, yea, their murderin
apoderaria	1	consequences (0.50), serious (0.20), unite (0.18), morianton (0.10)	Alma 50:32 — Now behold, the people who were in the land Bountiful, or rather Moroni, feared that they would hearken to the words of Morianton and unite with his p
apetrechos	1	morianton (0.10), flight (0.08), stop (0.07), northward (0.03)	Alma 50:33 — Therefore Moroni sent an army, with their camp, to head the people of Morianton, to stop their flight into the land northward.
solicitação	1	strengthening (0.33), imparted (0.25), felt (0.15), lamanite (0.13)	Alma 54:2 — And it came to pass that Moroni felt to rejoice exceedingly at this request, for he desired the provisions which were imparted for the support of the 
apoderar-nos	1	defend (0.05), murder (0.04), ourselves (0.03), sought (0.01)	Alma 54:13 — Behold, I am in my anger, and also my people; ye have sought to murder us, and we have only sought to defend ourselves. But behold, if ye seek to dest
encarregamo-los	1	critical (0.67), resolve (0.67), determine (0.40), selected (0.25)	Alma 57:16 — And now, in those critical circumstances, it became a very serious matter to determine concerning these prisoners of war; nevertheless, we did resolve
impávidos	1	undaunted (1.00), firm (0.07), sixty (0.05), remainder (0.03)	Alma 57:20 — And as the remainder of our army were about to give way before the Lamanites, behold, those two thousand and sixty were firm and undaunted.
atrevemos	1	attack (0.14), strongholds (0.13), durst (0.05), numerous (0.04)	Alma 58:2 — And they were so much more numerous than was our army that we durst not go forth and attack them in their strongholds.
indiferença	1	indifference (1.00), freedom (0.06), government (0.05), angry (0.02)	Alma 59:13 — And it came to pass that Moroni was angry with the government, because of their indifference concerning the freedom of their country.
recriminação	1	cimeters (0.22), condemnation (0.04), swords (0.03), somewhat (0.03)	Alma 60:2 — For behold, I have somewhat to say unto them by the way of condemnation; for behold, ye yourselves know that ye have been appointed to gather together
queixaríamos	1	complain (0.22), murmur (0.06), suffered (0.02), nor (0.00)	Alma 60:4 — But behold, were this all we had suffered we would not murmur nor complain.
insurreições	1	insurrections (1.00), spark (0.50), usurp (0.40), extinct (0.20)	Alma 60:27 — And I will come unto you, and if there be any among you that has a desire for freedom, yea, if there be even a spark of freedom remaining, behold I wi
marchásses	1	except (0.01), repent (0.01), commanded (0.00), against (0.00)	Alma 61:20 — But ye have said, except they repent the Lord hath commanded you that ye should go against them.
hagote	1	hagoth (1.00), launched (0.33), curious (0.12), narrow (0.07)	Alma 63:5 — And it came to pass that Hagoth, he being an exceedingly curious man, therefore he went forth and built him an exceedingly large ship, on the borders 
biqueate-áven	1	aven (0.50), kir (0.33), holdeth (0.17), sceptre (0.15)	Amós 1:5 — I will break also the bar of Damascus, and cut off the inhabitant from the plain of Aven, and him that holdeth the sceptre from the house of Eden: and
bete-éden	1	aven (0.50), kir (0.33), holdeth (0.17), sceptre (0.15)	Amós 1:5 — I will break also the bar of Damascus, and cut off the inhabitant from the plain of Aven, and him that holdeth the sceptre from the house of Eden: and
calne	1	calneh (0.67), gath (0.06), hamath (0.06), kingdoms (0.02)	Amós 6:2 — Pass ye unto Calneh, and see; and from thence go ye to Hamath the great: then go down to Gath of the Philistines: be they better than these kingdoms? 
banqueteadores	1	banquet (0.13), captive (0.02), stretched (0.02), removed (0.02)	Amós 6:7 — Therefore now shall they go captive with the first that go captive, and the banquet of them that stretched themselves shall be removed.
quebraduras	1	clefts (0.29), breaches (0.13), commandeth (0.07), smite (0.01)	Amós 6:11 — For, behold, the LORD commandeth, and he will smite the great house with breaches, and the little house with clefts.
paradisíaca	1	american (1.00), paradisiacal (1.00), continent (0.50), personally (0.50)	Regras de Fé 1:10 — We believe in the literal gathering of Israel and in the restoration of the Ten Tribes ; that Zion (the New Jerusalem) will be built upon the American
preeminência	1	preeminence (0.50), firstborn (0.02), body (0.01), beginning (0.01)	Colossenses 1:18 — And he is the head of the body, the church: who is the beginning, the firstborn from the dead; that in all things he might have the preeminence.
corporalmente	1	godhead (0.50), bodily (0.40), dwelleth (0.03), fulness (0.02)	Colossenses 2:9 — For in him dwelleth all the fulness of the Godhead bodily.
bel-prazer	1	intruding (1.00), vainly (1.00), fleshly (0.50), beguile (0.40)	Colossenses 2:18 — Let no man beguile you of your reward in a voluntary humility and worshipping of angels, intruding into those things which he hath not seen, vainly pu
maledicência	1	communication (0.20), malice (0.15), blasphemy (0.13), filthy (0.07)	Colossenses 3:8 — But now ye also put off all these; anger, wrath, malice, blasphemy, filthy communication out of your mouth.
hierápolis	1	hierapolis (1.00), laodicea (0.33), zeal (0.10), record (0.01)	Colossenses 4:13 — For I bear him record, that he hath a great zeal for you, and them that are in Laodicea, and them in Hierapolis.
laodicenses	1	laodiceans (0.67), laodicea (0.33), epistle (0.04), likewise (0.02)	Colossenses 4:16 — And when this epistle is read among you, cause that it be read also in the church of the Laodiceans; and that ye likewise read the epistle from Laodic
aspenaz	1	ashpenaz (1.00), eunuchs (0.12), master (0.01), certain (0.01)	Daniel 1:3 — And the king spake unto Ashpenaz the master of his eunuchs, that he should bring certain of the children of Israel, and of the king's seed, and of the
caiadura	1	plaister (0.33), fingers (0.11), candlestick (0.06), palace (0.04)	Daniel 5:5 — In the same hour came forth fingers of a man's hand, and wrote over against the candlestick upon the plaister of the wall of the king's palace: and th
ufarsim	1	upharsin (1.00), mene (0.67), tekel (0.67), writing (0.03)	Daniel 5:25 — And this is the writing that was written, MENE, MENE, TEKEL, UPHARSIN.
peres	1	peres (1.00), persians (0.33), medes (0.13), divided (0.02)	Daniel 5:28 — PERES; Thy kingdom is divided, and given to the Medes and Persians.
arrecadador	1	raiser (1.00), taxes (0.33), estate (0.11), few (0.01)	Daniel 11:20 — Then shall stand up in his estate a raiser of taxes in the glory of the kingdom: but within few days he shall be destroyed, neither in anger, nor in b
inundantes	1	overflown (0.50), flood (0.04), arms (0.02), prince (0.02)	Daniel 11:22 — And with the arms of a flood shall they be overflown from before him, and shall be broken; yea, also the prince of the covenant.
fulgor	1	firmament (0.07), brightness (0.06), shine (0.04), stars (0.03)	Daniel 12:3 — And they that be wise shall shine as the brightness of the firmament; and they that turn many to righteousness as the stars for ever and ever.
enfurecê-las	1	publish (0.08), stir (0.04), harden (0.03), satan (0.01)	Doutrina e Convênios 10:32 — And, behold, they will publish this, and Satan will harden the hearts of the people to stir them up to anger against you, that they will not believe m
prostar-vos-eis	1	worship (0.01), fall (0.01), name (0.00), down (0.00)	Doutrina e Convênios 18:40 — And you shall fall down and worship the Father in my name .
ínfima	1	smallest (0.40), punishments (0.33), withdrew (0.13), tasted (0.12)	Doutrina e Convênios 19:20 — Wherefore, I command you again to repent, lest I humble you with my almighty power; and that you confess your sins, lest you suffer these punishments 
ofensores	1	revilers (0.67), reviling (0.50), trusting (0.40), humility (0.08)	Doutrina e Convênios 19:30 — And thou shalt do it with all humility, trusting in me, reviling not against revilers.
contraída	1	contracted (1.00), printer (0.67), debt (0.13), release (0.09)	Doutrina e Convênios 19:35 — Pay the debt thou hast contracted with the printer. Release thyself from bondage .
corruptibilidade	1	corruptibleness (1.00), extent (0.67), treasures (0.03), pour (0.02)	Doutrina e Convênios 19:38 — Pray always, and I will pour out my Spirit upon you, and great shall be your blessing—yea, even more than if you should obtain treasures of earth and 
aspereza	1	backbiting (0.67), hardness (0.06), each (0.03), lying (0.03)	Doutrina e Convênios 20:54 — And see that there is no iniquity in the church, neither hardness with each other, neither lying, backbiting , nor evil speaking ;
votação	1	ordaining (1.00), vote (0.40), bishops (0.29), presiding (0.17)	Doutrina e Convênios 20:66 — But the presiding elders, traveling bishops, high councilors, high priests, and elders, may have the privilege of ordaining, where there is no branch 
invalidados	1	covenants (0.03), new (0.01), everlasting (0.01), beginning (0.01)	Doutrina e Convênios 22:1 — Behold, I say unto you that all old covenants have I caused to be done away in this thing; and this is a new and an everlasting covenant , even that w
vocalmente	1	vocally (0.29), knight (0.22), cross (0.04), friends (0.02)	Doutrina e Convênios 23:6 — Behold, I manifest unto you, Joseph Knight, by these words, that you must take up your cross , in the which you must pray vocally before the world as 
mortíferos	1	poisons (1.00), poisonous (0.25), deadly (0.18), healing (0.09)	Doutrina e Convênios 24:13 — Require not miracles , except I shall command you, except casting out devils , healing the sick, and against poisonous serpents, and against deadly po
escrevente	1	cowdery (0.05), oliver (0.04), whithersoever (0.04), scribe (0.04)	Doutrina e Convênios 25:6 — And thou shalt go with him at the time of his going, and be unto him for a scribe, while there is no one to be a scribe for him, that I may send my se
hiram	1	page (0.50), deceiveth (0.25), hiram (0.10), satan (0.01)	Doutrina e Convênios 28:11 — And again, thou shalt take thy brother, Hiram Page, between him and thee alone, and tell him that those things which he hath written from that stone a
apoderarão	1	maggots (1.00), flies (0.20), hold (0.01), inhabitants (0.01)	Doutrina e Convênios 29:18 — Wherefore, I the Lord God will send forth flies upon the face of the earth, which shall take hold of the inhabitants thereof, and shall eat their fles
bicheiras	1	maggots (1.00), flies (0.20), hold (0.01), inhabitants (0.01)	Doutrina e Convênios 29:18 — Wherefore, I the Lord God will send forth flies upon the face of the earth, which shall take hold of the inhabitants thereof, and shall eat their fles
philip	1	burroughs (1.00), wherever (0.67), region (0.08), philip (0.06)	Doutrina e Convênios 30:10 — And your labor shall be at your brother Philip Burroughs’, and in that region round about, yea, wherever you can be heard, until I command you to go f
burroughs	1	burroughs (1.00), wherever (0.67), region (0.08), philip (0.06)	Doutrina e Convênios 30:10 — And your labor shall be at your brother Philip Burroughs’, and in that region round about, yea, wherever you can be heard, until I command you to go f
northrop	1	northrop (1.00), discerner (0.67), two-edged (0.33), sharper (0.25)	Doutrina e Convênios 33:1 — Behold, I say unto you, my servants Ezra and Northrop, open ye your ears and hearken to the voice of the Lord your God, whose word is quick and powerf
indoutos	1	thresh (0.29), unlearned (0.25), weak (0.03), despised (0.03)	Doutrina e Convênios 35:13 — Wherefore, I call upon the weak things of the world, those who are unlearned and despised, to thresh the nations by the power of my Spirit ;
virilmente	1	manfully (1.00), buckler (0.15), behalf (0.08), gird (0.05)	Doutrina e Convênios 35:14 — And their arm shall be my arm, and I will be their shield and their buckler; and I will gird up their loins, and they shall fight manfully for me; and
seráficas	1	seraphic (1.00), expanse (0.22), alpha (0.11), omega (0.11)	Doutrina e Convênios 38:1 — Thus saith the Lord your God, even Jesus Christ, the Great I Am , Alpha and Omega, the beginning and the end, the same which looked upon the wide expa
covel	1	covel (1.00), covenanted (0.07), james (0.04), obey (0.02)	Doutrina e Convênios 40:1 — Behold, verily I say unto you, that the heart of my servant James Covel was right before me, for he covenanted with me that he would obey my word.
dirigentes	1	regularly (0.33), authority (0.02), ordained (0.01), heads (0.01)	Doutrina e Convênios 42:11 — Again I say unto you, that it shall not be given to any one to go forth to preach my gospel, or to build up my church, except he be ordained by some o
cumpri-los-ão	1	articles (0.67), teachings (0.50), directed (0.18), covenants (0.03)	Doutrina e Convênios 42:13 — And they shall observe the covenants and church articles to do them, and these shall be their teachings, as they shall be directed by the Spirit.
resíduo	1	amply (1.00), supplied (0.50), individuals (0.33), consecration (0.14)	Doutrina e Convênios 42:33 — And again, if there shall be properties in the hands of the church, or any individuals of it, more than is necessary for their support after this firs
desoladora	1	desolating (0.67), overflowing (0.15), sickness (0.08), scourge (0.07)	Doutrina e Convênios 45:31 — And there shall be men standing in that generation , that shall not pass until they shall see an overflowing scourge ; for a desolating sickness shall
tenras	1	leaves (0.11), shoot (0.09), summer (0.06), fig (0.04)	Doutrina e Convênios 45:37 — Ye look and behold the fig trees , and ye see them with your eyes, and ye say when they begin to shoot forth, and their leaves are yet tender, that su
ouvi-la-ão	1	laughed (0.12), folly (0.05), utter (0.03), mourn (0.03)	Doutrina e Convênios 45:49 — And the Lord shall utter his voice, and all the ends of the earth shall hear it; and the nations of the earth shall mourn , and they that have laughed
transcrição	1	transcribing (1.00), regular (0.40), duties (0.14), history (0.13)	Doutrina e Convênios 47:1 — Behold, it is expedient in me that my servant John should write and keep a regular history , and assist you, my servant Joseph, in transcribing all th
shakers	1	shakers (1.00), leman (0.67), parley (0.20), sidney (0.04)	Doutrina e Convênios 49:1 — Hearken unto my word, my servants Sidney, and Parley, and Leman; for behold, verily I say unto you, that I give unto you a commandment that you shall 
detroit	1	detroit (1.00), murdock (0.67), hyrum (0.08), smith (0.02)	Doutrina e Convênios 52:8 — And also my servant John Murdock, and my servant Hyrum Smith, take their journey unto the same place by the way of Detroit.
harvey	1	harvey (1.00), whitlock (1.00), whitmer (0.20), journey (0.01)	Doutrina e Convênios 52:25 — Let my servants David Whitmer and Harvey Whitlock also take their journey, and preach by the way unto this same land.
whitlock	1	harvey (1.00), whitlock (1.00), whitmer (0.20), journey (0.01)	Doutrina e Convênios 52:25 — Let my servants David Whitmer and Harvey Whitlock also take their journey, and preach by the way unto this same land.
edson	1	edson (1.00), scott (1.00), fuller (0.40), journey (0.01)	Doutrina e Convênios 52:28 — Let my servants Edson Fuller and Jacob Scott also take their journey.
fuller	1	edson (1.00), scott (1.00), fuller (0.40), journey (0.01)	Doutrina e Convênios 52:28 — Let my servants Edson Fuller and Jacob Scott also take their journey.
jacob	1	edson (1.00), scott (1.00), fuller (0.40), journey (0.01)	Doutrina e Convênios 52:28 — Let my servants Edson Fuller and Jacob Scott also take their journey.
scott	1	edson (1.00), scott (1.00), fuller (0.40), journey (0.01)	Doutrina e Convênios 52:28 — Let my servants Edson Fuller and Jacob Scott also take their journey.
zebedee	1	coltrin (1.00), hancock (0.50), zebedee (0.18), levi (0.02)	Doutrina e Convênios 52:29 — Let my servants Levi W. Hancock and Zebedee Coltrin also take their journey.
coltrin	1	coltrin (1.00), hancock (0.50), zebedee (0.18), levi (0.02)	Doutrina e Convênios 52:29 — Let my servants Levi W. Hancock and Zebedee Coltrin also take their journey.
wheeler	1	wheeler (1.00), baldwin (1.00), carter (0.18), william (0.07)	Doutrina e Convênios 52:31 — Let my servants Wheeler Baldwin and William Carter also take their journey.
baldwin	1	wheeler (1.00), baldwin (1.00), carter (0.18), william (0.07)	Doutrina e Convênios 52:31 — Let my servants Wheeler Baldwin and William Carter also take their journey.
humphrey	1	humphrey (1.00), wakefield (0.67), eastern (0.13), journey (0.01)	Doutrina e Convênios 52:35 — And again, I say unto you, let my servants Joseph Wakefield and Solomon Humphrey take their journey into the eastern lands;
heman	1	basset (1.00), simonds (1.00), ryder (1.00), consequence (0.15)	Doutrina e Convênios 52:37 — In consequence of transgression, let that which was bestowed upon Heman Basset be taken from him, and placed upon the head of Simonds Ryder.
basset	1	basset (1.00), simonds (1.00), ryder (1.00), consequence (0.15)	Doutrina e Convênios 52:37 — In consequence of transgression, let that which was bestowed upon Heman Basset be taken from him, and placed upon the head of Simonds Ryder.
simonds	1	basset (1.00), simonds (1.00), ryder (1.00), consequence (0.15)	Doutrina e Convênios 52:37 — In consequence of transgression, let that which was bestowed upon Heman Basset be taken from him, and placed upon the head of Simonds Ryder.
ryder	1	basset (1.00), simonds (1.00), ryder (1.00), consequence (0.15)	Doutrina e Convênios 52:37 — In consequence of transgression, let that which was bestowed upon Heman Basset be taken from him, and placed upon the head of Simonds Ryder.
recebimento	1	reception (0.40), ordination (0.33), laying (0.04), elder (0.03)	Doutrina e Convênios 53:3 — Take upon you mine ordination, even that of an elder, to preach faith and repentance and remission of sins, according to my word, and the reception of
plebeus	1	low (0.03), rich (0.02), testimony (0.01), preach (0.01)	Doutrina e Convênios 58:47 — Let them preach by the way, and bear testimony of the truth in all places, and call upon the rich, the high and the low, and the poor to repent.
subscrição	1	subscription (1.00), agent (0.13), moneys (0.12), purchase (0.10)	Doutrina e Convênios 58:51 — And an epistle and subscription, to be presented unto all the churches to obtain moneys, to be put into the hands of the bishop, of himself or the age
segui-los-ão	1	mansions (0.14), labors (0.06), crown (0.02), inherit (0.02)	Doutrina e Convênios 59:2 — For those that live shall inherit the earth, and those that die shall rest from all their labors, and their works shall follow them; and they shall re
servi-lo-ás	1	mind (0.01), serve (0.01), commandment (0.01), love (0.01)	Doutrina e Convênios 59:5 — Wherefore, I give unto them a commandment, saying thus: Thou shalt love the Lord thy God with all thy heart , with all thy might, mind, and strength; 
flagelados	1	scourged (0.20), forbidden (0.06), synagogue (0.04), shed (0.02)	Doutrina e Convênios 63:31 — And if by blood , as you are forbidden to shed blood, lo, your enemies are upon you, and ye shall be scourged from city to city, and from synagogue to
titus	1	billings (1.00), dispose (1.00), excepting (0.50), reserve (0.20)	Doutrina e Convênios 63:39 — Let my servant Titus Billings, who has the care thereof, dispose of the land, that he may be prepared in the coming spring to take his journey up unto
billings	1	billings (1.00), dispose (1.00), excepting (0.50), reserve (0.20)	Doutrina e Convênios 63:39 — Let my servant Titus Billings, who has the care thereof, dispose of the land, that he may be prepared in the coming spring to take his journey up unto
solícitos	1	requireth (0.40), obedient (0.06), willing (0.03), mind (0.01)	Doutrina e Convênios 64:34 — Behold, the Lord requireth the heart and a willing mind; and the willing and obedient shall eat the good of the land of Zion in these last days.
pôr-se-ão	1	liars (0.15), proved (0.10), hypocrites (0.06), apostles (0.02)	Doutrina e Convênios 64:39 — And liars and hypocrites shall be proved by them, and they who are not apostles and prophets shall be known .
lymam	1	mclellin (0.40), luke (0.29), hyde (0.22), johnson (0.20)	Doutrina e Convênios 68:7 — This is the word of the Lord unto you, my servant Orson Hyde, and also unto my servant Luke Johnson, and unto my servant Lyman Johnson, and unto my se
profusamente	1	manifestations (0.25), abundantly (0.04), multiplied (0.04), abundance (0.02)	Doutrina e Convênios 70:13 — Yea, even more abundantly, which abundance is multiplied unto them through the manifestations of the Spirit.
dodds	1	dodds (1.00), wilson (0.67), western (0.40), calves (0.09)	Doutrina e Convênios 75:15 — And again, I say unto my servant Asa Dodds, and unto my servant Calves Wilson, that they also shall take their journey unto the western countries, and
ashley	1	major (1.00), ashley (1.00), burr (1.00), riggs (1.00)	Doutrina e Convênios 75:17 — And again, I say unto my servant Major N. Ashley, and my servant Burr Riggs, let them take their journey also into the south country.
burr	1	major (1.00), ashley (1.00), burr (1.00), riggs (1.00)	Doutrina e Convênios 75:17 — And again, I say unto my servant Major N. Ashley, and my servant Burr Riggs, let them take their journey also into the south country.
riggs	1	major (1.00), ashley (1.00), burr (1.00), riggs (1.00)	Doutrina e Convênios 75:17 — And again, I say unto my servant Major N. Ashley, and my servant Burr Riggs, let them take their journey also into the south country.
emer	1	emer (0.25), carter (0.18), harris (0.11), united (0.07)	Doutrina e Convênios 75:30 — Wherefore, let my servant Simeon Carter and my servant Emer Harris be united in the ministry;
stanton	1	stanton (1.00), seymour (0.67), brunson (0.67), daniel (0.03)	Doutrina e Convênios 75:33 — And also my servant Daniel Stanton and my servant Seymour Brunson;
gideon	1	sylvester (0.50), carter (0.18), gideon (0.03), smith (0.02)	Doutrina e Convênios 75:34 — And also my servant Sylvester Smith and my servant Gideon Carter;
ruggles	1	ruggles (1.00), eames (1.00), burnett (0.67), stephen (0.20)	Doutrina e Convênios 75:35 — And also my servant Ruggles Eames and my servant Stephen Burnett ;
eames	1	ruggles (1.00), eames (1.00), burnett (0.67), stephen (0.20)	Doutrina e Convênios 75:35 — And also my servant Ruggles Eames and my servant Stephen Burnett ;
micah	1	welton (1.00), micah (0.07), eden (0.05), smith (0.02)	Doutrina e Convênios 75:36 — And also my servant Micah B. Welton and also my servant Eden Smith . Even so. Amen.
welton	1	welton (1.00), micah (0.07), eden (0.05), smith (0.02)	Doutrina e Convênios 75:36 — And also my servant Micah B. Welton and also my servant Eden Smith . Even so. Amen.
6?resposta	1	—	Doutrina e Convênios 77:1 — Q. What is the sea of glass spoken of by John, 4th chapter, and 6th verse of the Revelation? A. It is the earth , in its sanctified , immortal , and e
versículo?r	1	—	Doutrina e Convênios 77:2 — Q. What are we to understand by the four beasts, spoken of in the same verse? A. They are figurative expressions, used by the Revelator, John, in desc
figurativas	1	figurative (1.00), expressions (1.00), describing (1.00), revelator (0.25)	Doutrina e Convênios 77:2 — Q. What are we to understand by the four beasts, spoken of in the same verse? A. They are figurative expressions, used by the Revelator, John, in desc
ordens?r	1	—	Doutrina e Convênios 77:3 — Q. Are the four beasts limited to individual beasts, or do they represent classes or orders ? A. They are limited to four individual beasts, which wer
animais?r	1	—	Doutrina e Convênios 77:4 — Q. What are we to understand by the eyes and wings , which the beasts had? A. Their eyes are a representation of light and knowledge, that is, they ar
joão?r	1	—	Doutrina e Convênios 77:5 — Q. What are we to understand by the four and twenty elders , spoken of by John? A. We are to understand that these elders whom John saw, were elders w
selos?r	1	—	Doutrina e Convênios 77:6 — Q. What are we to understand by the book which John saw, which was sealed on the back with seven seals? A. We are to understand that it contains the r
selado?r	1	—	Doutrina e Convênios 77:7 — Q. What are we to understand by the seven seals with which it was sealed? A. We are to understand that the first seal contains the things of the first
capítulo?r	1	—	Doutrina e Convênios 77:10 — Q. What time are the things spoken of in this chapter to be accomplished? A. They are to be accomplished in the sixth thousand years, or the opening o
tribo?r	1	—	Doutrina e Convênios 77:11 — Q. What are we to understand by sealing the one hundred and forty-four thousand, out of all the tribes of Israel—twelve thousand out of every tribe? A
centuplicadas	1	thankfulness (0.67), fold (0.09), added (0.08), glorious (0.03)	Doutrina e Convênios 78:19 — And he who receiveth all things with thankfulness shall be made glorious; and the things of this earth shall be added unto him, even an hundred fold ,
patridge	1	phelps (0.29), stewardships (0.29), whitmer (0.20), gilbert (0.15)	Doutrina e Convênios 82:11 — Therefore, verily I say unto you, that it is expedient for my servants Edward Partridge and Newel K. Whitney, A. Sidney Gilbert and Sidney Rigdon, and
malévolas	1	upbraided (0.50), rebellion (0.06), former (0.03), unbelief (0.03)	Doutrina e Convênios 84:76 — But, verily I say unto all those to whom the kingdom has been given—from you it must be preached unto them, that they shall repent of their former evi
flagelá-las	1	scourge (0.07), almighty (0.02), wickedness (0.01), laid (0.01)	Doutrina e Convênios 84:96 — For I, the Almighty , have laid my hands upon the nations, to scourge them for their wickedness .
seculares	1	secular (1.00), employ (0.22), agent (0.13), direct (0.08)	Doutrina e Convênios 84:113 — He should also employ an agent to take charge and to do his secular business as he shall direct.
albany	1	albany (1.00), boston (1.00), abolishment (1.00), york (0.20)	Doutrina e Convênios 84:114 — Nevertheless, let the bishop go unto the city of New York, also to the city of Albany, and also to the city of Boston, and warn the people of those ci
boston	1	albany (1.00), boston (1.00), abolishment (1.00), york (0.20)	Doutrina e Convênios 84:114 — Nevertheless, let the bishop go unto the city of New York, also to the city of Albany, and also to the city of Boston, and warn the people of those ci
vívida	1	steady (0.67), vivid (0.67), shaft (0.29), lightning (0.11)	Doutrina e Convênios 85:8 — While that man, who was called of God and appointed, that putteth forth his hand to steady the ark of God, shall fall by the shaft of death, like as a
vívido	1	vivid (0.67), chastening (0.22), consumption (0.22), earthquake (0.13)	Doutrina e Convênios 87:6 — And thus, with the sword and by bloodshed the inhabitants of the earth shall mourn ; and with famine , and plague, and earthquake, and the thunder of 
tumultuadas	1	commotion (0.50), fail (0.02), surely (0.01), hearts (0.00)	Doutrina e Convênios 88:91 — And all things shall be in commotion ; and surely, men’s hearts shall fail them; for fear shall come upon all people.
inamovível	1	immovable (0.29), unchangeable (0.29), determination (0.18), fixed (0.17)	Doutrina e Convênios 88:133 — Art thou a brother or brethren? I salute you in the name of the Lord Jesus Christ, in token or remembrance of the everlasting covenant, in which coven
machucaduras	1	tobacco (1.00), bruises (0.67), skill (0.18), herb (0.06)	Doutrina e Convênios 89:8 — And again, tobacco is not for the body , neither for the belly, and is not good for man, but is an herb for bruises and all sick cattle, to be used wi
salutares	1	wholesome (0.50), constitution (0.33), herbs (0.10), nature (0.07)	Doutrina e Convênios 89:10 — And again, verily I say unto you, all wholesome herbs God hath ordained for the constitution, nature, and use of man—
vienna	1	vienna (1.00), jaques (1.00), expenses (0.50), handmaid (0.04)	Doutrina e Convênios 90:28 — And again, verily I say unto you, it is my will that my handmaid Vienna Jaques should receive money to bear her expenses, and go up unto the land of Z
jaques	1	vienna (1.00), jaques (1.00), expenses (0.50), handmaid (0.04)	Doutrina e Convênios 90:28 — And again, verily I say unto you, it is my will that my handmaid Vienna Jaques should receive money to bear her expenses, and go up unto the land of Z
livre-arbítrio	1	agency (0.29), plainly (0.06), condemnation (0.04), manifest (0.02)	Doutrina e Convênios 93:31 — Behold, here is the agency of man, and here is the condemnation of man; because that which was from the beginning is plainly manifest unto them, and t
alfus	1	alphus (1.00), omegus (1.00), ahman (0.67), school (0.13)	Doutrina e Convênios 95:17 — And let the higher part of the inner court be dedicated unto me for the school of mine apostles, saith Son Ahman ; or, in other words, Alphus; or, in 
omegus	1	alphus (1.00), omegus (1.00), ahman (0.67), school (0.13)	Doutrina e Convênios 95:17 — And let the higher part of the inner court be dedicated unto me for the school of mine apostles, saith Son Ahman ; or, in other words, Alphus; or, in 
centuplicada	1	hundred-fold (0.50), patiently (0.15), revile (0.09), reward (0.02)	Doutrina e Convênios 98:25 — And again, if your enemy shall smite you the second time, and you revile not against your enemy, and bear it patiently, your reward shall be an hundre
quádruplo	1	four-fold (0.40), trespasses (0.10), trespassed (0.10), restore (0.04)	Doutrina e Convênios 98:47 — But if the children shall repent, or the children’s children, and turn to the Lord their God, with all their hearts and with all their might, mind, an
demostração	1	demonstration (0.67), receiveth (0.03), declare (0.01), power (0.00)	Doutrina e Convênios 99:2 — And who receiveth you receiveth me; and you shall have power to declare my word in the demonstration of my Holy Spirit.
gould	1	gould (1.00), hyde (0.22), orson (0.15), inasmuch (0.01)	Doutrina e Convênios 100:14 — Thy brethren, my servants Orson Hyde and John Gould, are in my hands; and inasmuch as they keep my commandments they shall be saved.
interinamente	1	preside (0.07), council (0.02), appoint (0.02), number (0.01)	Doutrina e Convênios 102:25 — And the said council of high priests shall have power to appoint one of their own number to preside over such council for the time being.
harris.depois	1	—	Doutrina e Convênios 102:34 — The twelve councilors then proceeded to cast lots or ballot, to ascertain who should speak first, and the following was the result, namely: 1, Oliver 
curtume	1	tannery (1.00), resides (0.25), laboring (0.18), stewardship (0.07)	Doutrina e Convênios 104:20 — Let my servant Sidney Rigdon have appointed unto him the place where he now resides, and the lot of the tannery for his stewardship, for his support w
radicada	1	kirtland (0.12), consent (0.08), united (0.07), order (0.01)	Doutrina e Convênios 104:21 — And let all things be done according to the counsel of the order, and united consent or voice of the order, which dwell in the land of Kirtland.
potassa	1	ashery (1.00), situated (0.67), mercantile (0.50), stands (0.40)	Doutrina e Convênios 104:39 — And again, let my servant Newel K. Whitney have appointed unto him the houses and lot where he now resides, and the lot and building on which the merc
proveniente	1	avails (0.67), treasury (0.10), used (0.06), sacred (0.05)	Doutrina e Convênios 104:64 — And the avails of the sacred things shall be had in the treasury, and a seal shall be upon it; and it shall not be used or taken out of the treasury b
provenientes	1	improving (1.00), fives (1.00), twenties (0.67), stewardships (0.29)	Doutrina e Convênios 104:68 — And all moneys that you receive in your stewardships, by improving upon the properties which I have appointed unto you, in houses, or in lands, or in 
freedom	1	warren (0.50), presiding (0.17), regions (0.07), freedom (0.06)	Doutrina e Convênios 106:1 — It is my will that my servant Warren A. Cowdery should be appointed and ordained a presiding high priest over my church, in the land of Freedom and th
levítica	1	levitical (0.40), officiate (0.22), deacon (0.22), direction (0.18)	Doutrina e Convênios 107:10 — High priests after the order of the Melchizedek Priesthood have a right to officiate in their own standing , under the direction of the presidency, in
preenchimento	1	calls (1.00), assistance (0.14), administering (0.14), traveling (0.11)	Doutrina e Convênios 107:38 — It is the duty of the traveling high council to call upon the Seventy , when they need assistance, to fill the several calls for preaching and adminis
cedolamaque	1	shedolamak (1.00), eighty-seven (0.67), ordination (0.33), fortieth (0.25)	Doutrina e Convênios 107:45 — God called upon Cainan in the wilderness in the fortieth year of his age; and he met Adam in journeying to the place Shedolamak. He was eighty-seven y
indômita	1	savage (0.67), remnants (0.29), condition (0.29), converted (0.05)	Doutrina e Convênios 109:65 — And cause that the remnants of Jacob, who have been cursed and smitten because of their transgression, be converted from their wild and savage conditi
resplandescentes	1	seraphs (1.00), acclamations (1.00), mingle (0.22), hosanna (0.15)	Doutrina e Convênios 109:79 — And also this church, to put upon it thy name . And help us by the power of thy Spirit, that we may mingle our voices with those bright, shining serap
calçamento	1	color (1.00), pulpit (0.67), breastwork (0.50), paved (0.40)	Doutrina e Convênios 110:2 — We saw the Lord standing upon the breastwork of the pulpit, before us; and under his feet was a paved work of pure gold , in color like amber.
higbee	1	higbee (1.00), 52d (1.00), reference (0.67), 1st (0.50)	Doutrina e Convênios 113:7 — Questions by Elias Higbee: What is meant by the command in Isaiah, 52d chapter, 1st verse, which saith: Put on thy strength, O Zion—and what people ha
inacabado	1	cornerstone (0.33), anything (0.06), finished (0.03), diligently (0.02)	Doutrina e Convênios 115:12 — Thus let them from that time forth labor diligently until it shall be finished, from the cornerstone thereof unto the top thereof, until there shall n
spring	1	adam-ondi-ahman (0.33), spring (0.06), ancient (0.04), named (0.03)	Doutrina e Convênios 116:1 — Spring Hill is named by the Lord Adam-ondi-Ahman , because, said he, it is the place where Adam shall come to visit his people, or the Ancient of Days
hill	1	adam-ondi-ahman (0.33), spring (0.06), ancient (0.04), named (0.03)	Doutrina e Convênios 116:1 — Spring Hill is named by the Lord Adam-ondi-Ahman , because, said he, it is the place where Adam shall come to visit his people, or the Ancient of Days
olaa	1	olaha (1.00), shinehah (0.67), weighty (0.50), adam-ondi-ahman (0.33)	Doutrina e Convênios 117:8 — Is there not room enough on the mountains of Adam-ondi-Ahman , and on the plains of Olaha Shinehah , or the land where Adam dwelt, that you should cov
pequenez	1	nicolaitane (1.00), littleness (1.00), adam-ondi-ahman (0.33), whitney (0.14)	Doutrina e Convênios 117:11 — Let my servant Newel K. Whitney be ashamed of the Nicolaitane band and of all their secret abominations , and of all his littleness of soul before me,
seol	1	controllest (1.00), subjectest (1.00), benighted (1.00), sheol (1.00)	Doutrina e Convênios 121:4 — O Lord God Almighty , maker of heaven , earth, and seas, and of all things that in them are, and who controllest and subjectest the devil, and the dar
amistosas	1	friendly (0.20), warm (0.17), hail (0.05), friends (0.02)	Doutrina e Convênios 121:9 — Thy friends do stand by thee, and they shall hail thee again with warm hearts and friendly hands.
indescritível	1	unspeakable (0.29), revealed (0.02), since (0.02), gift (0.02)	Doutrina e Convênios 121:26 — God shall give unto you knowledge by his Holy Spirit , yea, by the unspeakable gift of the Holy Ghost, that has not been revealed since the world was 
coercivas	1	unchanging (1.00), compulsory (1.00), constant (0.67), scepter (0.50)	Doutrina e Convênios 121:46 — The Holy Ghost shall be thy constant companion , and thy scepter an unchanging scepter of righteousness and truth; and thy dominion shall be an everla
convívio	1	accusations (1.00), cling (1.00), prowl (1.00), dragged (0.67)	Doutrina e Convênios 122:6 — If thou art accused with all manner of false accusations; if thine enemies fall upon thee; if they tear thee from the society of thy father and mother
prole	1	accusations (1.00), cling (1.00), prowl (1.00), dragged (0.67)	Doutrina e Convênios 122:6 — If thou art accused with all manner of false accusations; if thine enemies fall upon thee; if they tear thee from the society of thy father and mother
encapeladas	1	billowing (1.00), surge (1.00), conspire (1.00), gape (1.00)	Doutrina e Convênios 122:7 — And if thou shouldst be cast into the pit , or into the hands of murderers, and the sentence of death passed upon thee; if thou be cast into the deep 
mandíbulas	1	billowing (1.00), surge (1.00), conspire (1.00), gape (1.00)	Doutrina e Convênios 122:7 — And if thou shouldst be cast into the pit , or into the hands of murderers, and the sentence of death passed upon thee; if thou be cast into the deep 
montante	1	damages (1.00), injuries (0.67), personal (0.50), amount (0.33)	Doutrina e Convênios 123:2 — And also of all the property and amount of damages which they have sustained, both of character and personal injuries , as well as real property;
nefandas	1	magazines (1.00), encyclopedias (1.00), histories (1.00), concatenation (1.00)	Doutrina e Convênios 123:5 — And all that are in the magazines, and in the encyclopedias, and all the libelous histories that are published, and are writing, and by whom, and pres
execrável	1	damning (1.00), tyranny (1.00), riveted (1.00), mainspring (1.00)	Doutrina e Convênios 123:7 — It is an imperative duty that we owe to God, to angels, with whom we shall be brought to stand, and also to ourselves, to our wives and children , who
tirania	1	damning (1.00), tyranny (1.00), riveted (1.00), mainspring (1.00)	Doutrina e Convênios 123:7 — It is an imperative duty that we owe to God, to angels, with whom we shall be brought to stand, and also to ourselves, to our wives and children , who
conclamá-los	1	favor (0.09), heed (0.02), call (0.01), zion (0.01)	Doutrina e Convênios 124:6 — For, behold, I am about to call upon them to give heed to the light and glory of Zion, for the set time has come to favor her.
bennett	1	bennett (1.00), sending (0.11), labor (0.02), fail (0.02)	Doutrina e Convênios 124:16 — Again, let my servant John C. Bennett help you in your labor in sending my word to the kings and people of the earth, and stand by you, even you my se
hospedagem	1	contemplate (0.67), boarding (0.50), traveler (0.50), acceptation (0.40)	Doutrina e Convênios 124:23 — And it shall be for a house for boarding, a house that strangers may come from afar to lodge therein; therefore let it be a good house, worthy of all 
dirigente	1	healthful (1.00), pollution (0.67), habitation (0.03), governor (0.02)	Doutrina e Convênios 124:24 — This house shall be a healthful habitation if it be built unto my name, and if the governor which shall be appointed unto it shall not suffer any poll
penúria	1	poverty (0.08), belongeth (0.06), acceptable (0.05), ordinance (0.05)	Doutrina e Convênios 124:30 — For this ordinance belongeth to my house, and cannot be acceptable to me, only in the days of your poverty, wherein ye are not able to build a house u
munícipes	1	anointings (1.00), memorials (1.00), conversations (1.00), municipals (1.00)	Doutrina e Convênios 124:39 — Therefore, verily I say unto you, that your anointings , and your washings, and your baptisms for the dead, and your solemn assemblies , and your memo
almon	1	babbitt (1.00), aspireth (1.00), almon (0.67), setteth (0.08)	Doutrina e Convênios 124:84 — And with my servant Almon Babbitt, there are many things with which I am not pleased; behold, he aspireth to establish his counsel instead of the coun
babbit	1	babbitt (1.00), aspireth (1.00), almon (0.67), setteth (0.08)	Doutrina e Convênios 124:84 — And with my servant Almon Babbitt, there are many things with which I am not pleased; behold, he aspireth to establish his counsel instead of the coun
warsaw	1	warsaw (1.00), burlington (1.00), madison (1.00), carthage (0.40)	Doutrina e Convênios 124:88 — Let my servant William go and proclaim my everlasting gospel with a loud voice, and with great joy, as he shall be moved upon by my Spirit , unto the 
burlington	1	warsaw (1.00), burlington (1.00), madison (1.00), carthage (0.40)	Doutrina e Convênios 124:88 — Let my servant William go and proclaim my everlasting gospel with a loud voice, and with great joy, as he shall be moved upon by my Spirit , unto the 
madison	1	warsaw (1.00), burlington (1.00), madison (1.00), carthage (0.40)	Doutrina e Convênios 124:88 — Let my servant William go and proclaim my everlasting gospel with a loud voice, and with great joy, as he shall be moved upon by my Spirit , unto the 
patriarcais	1	patriarchal (0.50), keys (0.03), henceforth (0.03), blessings (0.03)	Doutrina e Convênios 124:92 — That from henceforth he shall hold the keys of the patriarchal blessings upon the heads of all my people,
mortífero	1	deadly (0.18), poison (0.12), administer (0.05), heal (0.03)	Doutrina e Convênios 124:98 — And these signs shall follow him—he shall heal the sick , he shall cast out devils, and shall be delivered from those who would administer unto him de
ásperas	1	speeches (0.20), clothe (0.07), folly (0.05), charity (0.04)	Doutrina e Convênios 124:116 — And let him repent of all his folly , and clothe himself with charity ; and cease to do evil, and lay aside all his hard speeches ;
kimball	1	kimball (1.00), page (0.50), willard (0.50), richards (0.50)	Doutrina e Convênios 124:129 — They are Heber C. Kimball, Parley P. Pratt, Orson Pratt, Orson Hyde, William Smith, John Taylor, John E. Page, Wilford Woodruff, Willard Richards, Geo
bent	1	grover (1.00), dort (1.00), dunbar (1.00), fullmer (1.00)	Doutrina e Convênios 124:132 — Namely, Samuel Bent, Henry G. Sherwood, George W. Harris, Charles C. Rich, Thomas Grover, Newel Knight, David Dort, Dunbar Wilson—Seymour Brunson I ha
rich	1	grover (1.00), dort (1.00), dunbar (1.00), fullmer (1.00)	Doutrina e Convênios 124:132 — Namely, Samuel Bent, Henry G. Sherwood, George W. Harris, Charles C. Rich, Thomas Grover, Newel Knight, David Dort, Dunbar Wilson—Seymour Brunson I ha
grover	1	grover (1.00), dort (1.00), dunbar (1.00), fullmer (1.00)	Doutrina e Convênios 124:132 — Namely, Samuel Bent, Henry G. Sherwood, George W. Harris, Charles C. Rich, Thomas Grover, Newel Knight, David Dort, Dunbar Wilson—Seymour Brunson I ha
dort	1	grover (1.00), dort (1.00), dunbar (1.00), fullmer (1.00)	Doutrina e Convênios 124:132 — Namely, Samuel Bent, Henry G. Sherwood, George W. Harris, Charles C. Rich, Thomas Grover, Newel Knight, David Dort, Dunbar Wilson—Seymour Brunson I ha
dunbar	1	grover (1.00), dort (1.00), dunbar (1.00), fullmer (1.00)	Doutrina e Convênios 124:132 — Namely, Samuel Bent, Henry G. Sherwood, George W. Harris, Charles C. Rich, Thomas Grover, Newel Knight, David Dort, Dunbar Wilson—Seymour Brunson I ha
aaron	1	grover (1.00), dort (1.00), dunbar (1.00), fullmer (1.00)	Doutrina e Convênios 124:132 — Namely, Samuel Bent, Henry G. Sherwood, George W. Harris, Charles C. Rich, Thomas Grover, Newel Knight, David Dort, Dunbar Wilson—Seymour Brunson I ha
fullmer	1	grover (1.00), dort (1.00), dunbar (1.00), fullmer (1.00)	Doutrina e Convênios 124:132 — Namely, Samuel Bent, Henry G. Sherwood, George W. Harris, Charles C. Rich, Thomas Grover, Newel Knight, David Dort, Dunbar Wilson—Seymour Brunson I ha
alpheus	1	grover (1.00), dort (1.00), dunbar (1.00), fullmer (1.00)	Doutrina e Convênios 124:132 — Namely, Samuel Bent, Henry G. Sherwood, George W. Harris, Charles C. Rich, Thomas Grover, Newel Knight, David Dort, Dunbar Wilson—Seymour Brunson I ha
cutler	1	grover (1.00), dort (1.00), dunbar (1.00), fullmer (1.00)	Doutrina e Convênios 124:132 — Namely, Samuel Bent, Henry G. Sherwood, George W. Harris, Charles C. Rich, Thomas Grover, Newel Knight, David Dort, Dunbar Wilson—Seymour Brunson I ha
huntington	1	grover (1.00), dort (1.00), dunbar (1.00), fullmer (1.00)	Doutrina e Convênios 124:132 — Namely, Samuel Bent, Henry G. Sherwood, George W. Harris, Charles C. Rich, Thomas Grover, Newel Knight, David Dort, Dunbar Wilson—Seymour Brunson I ha
noah	1	packard (1.00), lyman (0.14), amasa (0.13), counselors (0.10)	Doutrina e Convênios 124:136 — I give unto him Amasa Lyman and Noah Packard for counselors, that they may preside over the quorum of high priests of my church, saith the Lord.
packard	1	packard (1.00), lyman (0.14), amasa (0.13), counselors (0.10)	Doutrina e Convênios 124:136 — I give unto him Amasa Lyman and Noah Packard for counselors, that they may preside over the quorum of high priests of my church, saith the Lord.
hicks	1	hicks (1.00), baker (0.20), williams (0.14), instituted (0.14)	Doutrina e Convênios 124:137 — And again, I say unto you, I give unto you John A. Hicks, Samuel Williams, and Jesse Baker, which priesthood is to preside over the quorum of elders ,
jesse	1	hicks (1.00), baker (0.20), williams (0.14), instituted (0.14)	Doutrina e Convênios 124:137 — And again, I say unto you, I give unto you John A. Hicks, Samuel Williams, and Jesse Baker, which priesthood is to preside over the quorum of elders ,
baker	1	hicks (1.00), baker (0.20), williams (0.14), instituted (0.14)	Doutrina e Convênios 124:137 — And again, I say unto you, I give unto you John A. Hicks, Samuel Williams, and Jesse Baker, which priesthood is to preside over the quorum of elders ,
butterfield	1	butterfield (1.00), miles (1.00), herriman (1.00), zera (1.00)	Doutrina e Convênios 124:138 — And again, I give unto you Joseph Young, Josiah Butterfield, Daniel Miles, Henry Herriman, Zera Pulsipher, Levi Hancock, James Foster, to preside over
herriman	1	butterfield (1.00), miles (1.00), herriman (1.00), zera (1.00)	Doutrina e Convênios 124:138 — And again, I give unto you Joseph Young, Josiah Butterfield, Daniel Miles, Henry Herriman, Zera Pulsipher, Levi Hancock, James Foster, to preside over
pulsipher	1	butterfield (1.00), miles (1.00), herriman (1.00), zera (1.00)	Doutrina e Convênios 124:138 — And again, I give unto you Joseph Young, Josiah Butterfield, Daniel Miles, Henry Herriman, Zera Pulsipher, Levi Hancock, James Foster, to preside over
levy	1	butterfield (1.00), miles (1.00), herriman (1.00), zera (1.00)	Doutrina e Convênios 124:138 — And again, I give unto you Joseph Young, Josiah Butterfield, Daniel Miles, Henry Herriman, Zera Pulsipher, Levi Hancock, James Foster, to preside over
shadrach	1	roundy (1.00), vinson (0.67), bishopric (0.29), knight (0.22)	Doutrina e Convênios 124:141 — And again, I say unto you, I give unto you Vinson Knight, Samuel H. Smith, and Shadrach Roundy, if he will receive it, to preside over the bishopric ;
roundy	1	roundy (1.00), vinson (0.67), bishopric (0.29), knight (0.22)	Doutrina e Convênios 124:141 — And again, I say unto you, I give unto you Vinson Knight, Samuel H. Smith, and Shadrach Roundy, if he will receive it, to preside over the bishopric ;
rolfe	1	rolfe (1.00), stake (0.20), deacons (0.13), counselors (0.10)	Doutrina e Convênios 124:142 — And again, I say unto you, Samuel Rolfe and his counselors for priests , and the president of the teachers and his counselors, and also the president 
iowa	1	territory (1.00), iowa (1.00), saints (0.01), concerning (0.00)	Doutrina e Convênios 125:1 — What is the will of the Lord concerning the saints in the Territory of Iowa?
nashville	1	nashville (1.00), nauvoo (0.22), stakes (0.10), desires (0.03)	Doutrina e Convênios 125:4 — And let all those who come from the east, and the west, and the north, and the south, that have desires to dwell therein, take up their inheritance in
20:12	1	—	Doutrina e Convênios 128:6 — And further, I want you to remember that John the Revelator was contemplating this very subject in relation to the dead, when he declared, as you will
16:18	1	—	Doutrina e Convênios 128:10 — And again, for the precedent, Matthew 16:18, 19: And I say also unto thee, That thou art Peter, and upon this rock I will build my church; and the gat
summum	1	summum (1.00), bonum (1.00), grand (0.50), consists (0.50)	Doutrina e Convênios 128:11 — Now the great and grand secret of the whole matter, and the summum bonum of the whole subject that is lying before us, consists in obtaining the power
bonum	1	summum (1.00), bonum (1.00), grand (0.50), consists (0.50)	Doutrina e Convênios 128:11 — Now the great and grand secret of the whole matter, and the summum bonum of the whole subject that is lying before us, consists in obtaining the power
15:46	1	—	Doutrina e Convênios 128:13 — Consequently, the baptismal font was instituted as a similitude of the grave, and was commanded to be in a place underneath where the living are wont 
15:29	1	—	Doutrina e Convênios 128:16 — And now, in relation to the baptism for the dead, I will give you another quotation of Paul, 1 Corinthians 15:29: Else what shall they do which are ba
broome	1	detecting (1.00), broome (1.00), seneca (0.67), fayette (0.50)	Doutrina e Convênios 128:20 — And again, what do we hear? Glad tidings from Cumorah ! Moroni , an angel from heaven, declaring the fulfilment of the prophets—the book to be reveale
ministração	1	grand (0.50), administration (0.25), keys (0.03), whereby (0.03)	Doutrina e Convênios 129:9 — These are three grand keys whereby you may know whether any administration is from God.
sociabilidade	1	sociality (1.00), exists (1.00), coupled (0.20), exist (0.14)	Doutrina e Convênios 130:2 — And that same sociality which exists among us here will exist among us there, only it will be coupled with eternal glory , which glory we do not now e
14:23	1	—	Doutrina e Convênios 130:3 — John 14:23—The appearing of the Father and the Son, in that verse, is a personal appearance ; and the idea that the Father and the Son dwell in a man’
sectária	1	idea (1.00), notion (1.00), sectarian (0.67), personal (0.50)	Doutrina e Convênios 130:3 — John 14:23—The appearing of the Father and the Son, in that verse, is a personal appearance ; and the idea that the Father and the Son dwell in a man’
2:17	1	—	Doutrina e Convênios 130:10 — Then the white stone mentioned in Revelation 2:17, will become a Urim and Thummim to each individual who receives one, whereby things pertaining to a 
prévia	1	referred (1.00), millennium (0.67), decide (0.50), appearing (0.18)	Doutrina e Convênios 130:16 — I was left thus, without being able to decide whether this coming referred to the beginning of the millennium or to some previous appearing, or whethe
irrevogavelmente	1	irrevocably (1.00), predicated (0.67), decreed (0.07), foundations (0.05)	Doutrina e Convênios 130:20 — There is a law , irrevocably decreed in heaven before the foundations of this world, upon which all blessings are predicated—
imaterial	1	immaterial (1.00), purer (0.50), discerned (0.29), matter (0.02)	Doutrina e Convênios 131:7 — There is no such thing as immaterial matter. All spirit is matter, but it is more fine or pure, and can only be discerned by purer eyes;
cumpri-la-á	1	instituted (0.14), damned (0.09), pertaining (0.04), receiveth (0.03)	Doutrina e Convênios 132:6 — And as pertaining to the new and everlasting covenant , it was instituted for the fulness of my glory ; and he that receiveth a fulness thereof must a
invioladas	1	inviolate (1.00), control (0.50), framed (0.33), individual (0.33)	Doutrina e Convênios 134:2 — We believe that no government can exist in peace , except such laws are framed and held inviolate as will secure to each individual the free exercise 
inalienáveis	1	inherent (1.00), inalienable (1.00), unbecoming (1.00), calculated (1.00)	Doutrina e Convênios 134:5 — We believe that all men are bound to sustain and uphold the respective governments in which they reside, while protected in their inherent and inalien
perpetração	1	respects (1.00), criminality (1.00), tranquility (1.00), tendency (0.67)	Doutrina e Convênios 134:8 — We believe that the commission of crime should be punished according to the nature of the offense; that murder, treason, robbery, theft, and the breac
restrita	1	fostered (1.00), proscribed (1.00), citizens (0.50), civil (0.33)	Doutrina e Convênios 134:9 — We do not believe it just to mingle religious influence with civil government, whereby one religious society is fostered and another proscribed in its
excomungá-los	1	societies (1.00), physical (1.00), excommunicate (1.00), rules (0.50)	Doutrina e Convênios 134:10 — We believe that all religious societies have a right to deal with their members for disorderly conduct, according to the rules and regulations of such
maus-tratos	1	grievances (1.00), infringed (1.00), assaults (1.00), encroachments (1.00)	Doutrina e Convênios 134:11 — We believe that men should appeal to the civil law for redress of all wrongs and grievances, where personal abuse is inflicted or the right of propert
baleados	1	150 (1.00), 200 (1.00), announce (1.00), 27th (1.00)	Doutrina e Convênios 135:1 — To seal the testimony of this book and the Book of Mormon, we announce the martyrdom of Joseph Smith the Prophet, and Hyrum Smith the Patriarch. They 
mormonismo	1	mormonism (1.00), escutcheon (1.00), illinois (1.00), pledged (1.00)	Doutrina e Convênios 135:7 — They were innocent of any crime, as they had often been proved before, and were only confined in jail by the conspiracy of traitors and wicked men; an
brasão	1	mormonism (1.00), escutcheon (1.00), illinois (1.00), pledged (1.00)	Doutrina e Convênios 135:7 — They were innocent of any crime, as they had often been proved before, and were only confined in jail by the conspiracy of traitors and wicked men; an
illinois	1	mormonism (1.00), escutcheon (1.00), illinois (1.00), pledged (1.00)	Doutrina e Convênios 135:7 — They were innocent of any crime, as they had often been proved before, and were only confined in jail by the conspiracy of traitors and wicked men; an
carroções	1	necessaries (1.00), teams (0.67), wagons (0.18), provide (0.08)	Doutrina e Convênios 136:5 — Let each company provide themselves with all the teams, wagons, provisions, clothing, and other necessaries for the journey, that they can.
agrícolas	1	able-bodied (1.00), farming (1.00), utensils (1.00), pioneers (1.00)	Doutrina e Convênios 136:7 — Let each company, with their captains and presidents, decide how many can go next spring; then choose out a sufficient number of able-bodied and exper
benson	1	benson (1.00), erastus (0.40), organize (0.11), snow (0.07)	Doutrina e Convênios 136:12 — Let my servants Ezra T. Benson and Erastus Snow organize a company.
erastus	1	benson (1.00), erastus (0.40), organize (0.11), snow (0.07)	Doutrina e Convênios 136:12 — Let my servants Ezra T. Benson and Erastus Snow organize a company.
snow	1	benson (1.00), erastus (0.40), organize (0.11), snow (0.07)	Doutrina e Convênios 136:12 — Let my servants Ezra T. Benson and Erastus Snow organize a company.
circulantes	1	transcendent (1.00), circling (1.00), flames (0.18), heirs (0.09)	Doutrina e Convênios 137:2 — I saw the transcendent beauty of the gate through which the heirs of that kingdom will enter, which was like unto circling flames of fire;
refulgente	1	blazing (1.00), seated (0.67), whereon (0.06), throne (0.01)	Doutrina e Convênios 137:3 — Also the blazing throne of God, whereon was seated the Father and the Son .
3:18–20	1	—	Doutrina e Convênios 138:9 — “Which sometime were disobedient, when once the longsuffering of God waited in the days of Noah, while the ark was a preparing, wherein few, that is, 
4:6	1	—	Doutrina e Convênios 138:10 — “For for this cause was the gospel preached also to them that are dead, that they might be judged according to men in the flesh, but live according to
resplandecência	1	radiance (1.00), countenances (0.29), shone (0.17), sang (0.15)	Doutrina e Convênios 138:24 — Their countenances shone , and the radiance from the presence of the Lord rested upon them, and they sang praises unto his holy name.
vicário	1	vicarious (1.00), laying (0.04), remission (0.03), baptism (0.03)	Doutrina e Convênios 138:33 — These were taught faith in God, repentance from sin, vicarious baptism for the remission of sins, the gift of the Holy Ghost by the laying on of hands
tôfel	1	tophel (1.00), dizahab (1.00), hazeroth (0.33), paran (0.18)	Deuteronômio 1:1 — These be the words which Moses spake unto all Israel on this side Jordan in the wilderness, in the plain over against the Red sea, between Paran, and 
labã	1	tophel (1.00), dizahab (1.00), hazeroth (0.33), paran (0.18)	Deuteronômio 1:1 — These be the words which Moses spake unto all Israel on this side Jordan in the wilderness, in the plain over against the Red sea, between Paran, and 
di-zaabe	1	tophel (1.00), dizahab (1.00), hazeroth (0.33), paran (0.18)	Deuteronômio 1:1 — These be the words which Moses spake unto all Israel on this side Jordan in the wilderness, in the plain over against the Red sea, between Paran, and 
horma	1	bees (0.40), hormah (0.20), chased (0.13), seir (0.05)	Deuteronômio 1:44 — And the Amorites, which dwelt in that mountain, came out against you, and chased you, as bees do, and destroyed you in Seir, even unto Hormah.
zanzumins	1	zamzummims (1.00), giants (0.14), ammonites (0.08), accounted (0.07)	Deuteronômio 2:20 — (That also was accounted a land of giants: giants dwelt therein in old time; and the Ammonites call them Zamzummims;
avins	1	avims (1.00), hazerim (1.00), caphtorims (1.00), azzah (0.50)	Deuteronômio 2:23 — And the Avims which dwelt in Hazerim, even unto Azzah, the Caphtorims, which came forth out of Caphtor, destroyed them, and dwelt in their stead.)
cazerim	1	avims (1.00), hazerim (1.00), caphtorims (1.00), azzah (0.50)	Deuteronômio 2:23 — And the Avims which dwelt in Hazerim, even unto Azzah, the Caphtorims, which came forth out of Caphtor, destroyed them, and dwelt in their stead.)
caftorins	1	avims (1.00), hazerim (1.00), caphtorims (1.00), azzah (0.50)	Deuteronômio 2:23 — And the Avims which dwelt in Hazerim, even unto Azzah, the Caphtorims, which came forth out of Caphtor, destroyed them, and dwelt in their stead.)
basã-havote-jair	1	maachathi (1.00), bashan-havoth-jair (1.00), geshuri (0.67), argob (0.33)	Deuteronômio 3:14 — Jair the son of Manasseh took all the country of Argob unto the coasts of Geshuri and Maachathi; and called them after his own name, Bashan-havoth-jai
seixal	1	flint (0.22), scorpions (0.20), drought (0.18), serpents (0.09)	Deuteronômio 8:15 — Who led thee through that great and terrible wilderness, wherein were fiery serpents, and scorpions, and drought, where there was no water; who brough
muradas	1	mightier (0.11), fenced (0.05), greater (0.02), possess (0.01)	Deuteronômio 9:1 — Hear, O Israel: Thou art to pass over Jordan this day, to go in to possess nations greater and mightier than thyself, cities great and fenced up to he
quibrote-hataavá	1	taberah (0.67), massah (0.40), kibroth-hattaavah (0.33), provoked (0.06)	Deuteronômio 9:22 — And at Taberah, and at Massah, and at Kibroth-hattaavah, ye provoked the LORD to wrath.
beerote-bene-jaacã	1	jaakan (1.00), mosera (1.00), beeroth (0.29), priest's (0.04)	Deuteronômio 10:6 — And the children of Israel took their journey from Beeroth of the children of Jaakan to Mosera: there Aaron died, and there he was buried; and Eleazar
moserá	1	jaakan (1.00), mosera (1.00), beeroth (0.29), priest's (0.04)	Deuteronômio 10:6 — And the children of Israel took their journey from Beeroth of the children of Jaakan to Mosera: there Aaron died, and there he was buried; and Eleazar
jotbatá	1	gudgodah (1.00), jotbath (1.00), journeyed (0.04), rivers (0.03)	Deuteronômio 10:7 — From thence they journeyed unto Gudgodah; and from Gudgodah to Jotbath, a land of rivers of waters.
íbex	1	deer (1.00), pygarg (1.00), chamois (1.00), fallow (0.50)	Deuteronômio 14:5 — The hart, and the roebuck, and the fallow deer, and the wild goat, and the pygarg, and the wild ox, and the chamois.
litigiosas	1	plea (1.00), stroke (0.15), controversy (0.14), matters (0.07)	Deuteronômio 17:8 — If there arise a matter too hard for thee in judgment, between blood and blood, between plea and plea, and between stroke and stroke, being matters of
bucho	1	maw (1.00), cheeks (0.17), shoulder (0.05), priest's (0.04)	Deuteronômio 18:3 — And this shall be the priest's due from the people, from them that offer a sacrifice, whether it be ox or sheep; and they shall give unto the priest t
restituí-los-ás	1	astray (0.07), brother's (0.06), case (0.04), hide (0.02)	Deuteronômio 22:1 — Thou shalt not see thy brother's ox or his sheep go astray, and hide thyself from them: thou shalt in any case bring them again unto thy brother.
viril	1	privy (0.40), member (0.11), wounded (0.04), stones (0.01)	Deuteronômio 23:1 — He that is wounded in the stones, or hath his privy member cut off, shall not enter into the congregation of the LORD.
polução	1	chanceth (1.00), uncleanness (0.05), reason (0.02), abroad (0.02)	Deuteronômio 23:10 — If there be among you any man, that is not clean by reason of uncleanness that chanceth him by night, then shall he go abroad out of the camp, he shal
crestamento	1	inflammation (0.67), extreme (0.50), blasting (0.33), mildew (0.33)	Deuteronômio 28:22 — The LORD shall smite thee with a consumption, and with a fever, and with an inflammation, and with an extreme burning, and with the sword, and with bl
páreas	1	straitness (0.33), secretly (0.08), siege (0.08), distress (0.06)	Deuteronômio 28:57 — And toward her young one that cometh out from between her feet, and toward her children which she shall bear: for she shall eat them for want of all t
tremente	1	failing (0.50), sole (0.13), ease (0.07), trembling (0.07)	Deuteronômio 28:65 — And among these nations shalt thou find no ease, neither shall the sole of thy foot have rest: but the LORD shall give thee there a trembling heart, a
abrasada	1	admah (0.33), zeboim (0.33), overthrew (0.14), groweth (0.12)	Deuteronômio 29:23 — And that the whole land thereof is brimstone, and salt, and burning, that it is not sown, nor beareth, nor any grass groweth therein, like the overthr
chuvarada	1	distil (0.50), showers (0.20), drop (0.12), herb (0.06)	Deuteronômio 32:2 — My doctrine shall drop as the rain, my speech shall distil as the dew, as the small rain upon the tender herb, and as the showers upon the grass:
aguaceiro	1	distil (0.50), showers (0.20), drop (0.12), herb (0.06)	Deuteronômio 32:2 — My doctrine shall drop as the rain, my speech shall distil as the dew, as the small rain upon the tender herb, and as the showers upon the grass:
frouxidão	1	droppeth (1.00), decayeth (0.50), slothfulness (0.33), idleness (0.22)	Eclesiastes 10:18 — By much slothfulness the building decayeth; and through idleness of the hands the house droppeth through.
adolescência	1	childhood (0.40), remove (0.04), youth (0.03), vanity (0.02)	Eclesiastes 11:10 — Therefore remove sorrow from thy heart, and put away evil from thy flesh: for childhood and youth are vanity.
moedura	1	grinding (0.40), musick (0.12), bird (0.08), low (0.03)	Eclesiastes 12:4 — And the doors shall be shut in the streets, when the sound of the grinding is low, and he shall rise up at the voice of the bird, and all the daughter
predadores	1	bloodthirsty (0.50), cimeter (0.50), ferocious (0.29), shaven (0.22)	Enos 1:20 — And I bear record that the people of Nephi did seek diligently to restore the Lamanites unto the true faith in God. But our labors were vain; their ha
indecentes	1	jesting (1.00), talking (0.18), convenient (0.18), filthiness (0.07)	Efésios 5:4 — Neither filthiness, nor foolish talking, nor jesting, which are not convenient: but rather giving of thanks.
ruga	1	wrinkle (1.00), spot (0.05), blemish (0.04), glorious (0.03)	Efésios 5:27 — That he might present it to himself a glorious church, not having spot, or wrinkle, or any such thing; but that it should be holy and without blemish.
pórfiro	1	marble (0.40), pavement (0.25), beds (0.17), hangings (0.11)	Ester 1:6 — Where were white, green, and blue, hangings, fastened with cords of fine linen and purple to silver rings and pillars of marble: the beds were of gold
meumã	1	mehuman (1.00), biztha (1.00), harbona (1.00), bigtha (1.00)	Ester 1:10 — On the seventh day, when the heart of the king was merry with wine, he commanded Mehuman, Biztha, Harbona, Bigtha, and Abagtha, Zethar, and Carcas, th
bizta	1	mehuman (1.00), biztha (1.00), harbona (1.00), bigtha (1.00)	Ester 1:10 — On the seventh day, when the heart of the king was merry with wine, he commanded Mehuman, Biztha, Harbona, Bigtha, and Abagtha, Zethar, and Carcas, th
bigtá	1	mehuman (1.00), biztha (1.00), harbona (1.00), bigtha (1.00)	Ester 1:10 — On the seventh day, when the heart of the king was merry with wine, he commanded Mehuman, Biztha, Harbona, Bigtha, and Abagtha, Zethar, and Carcas, th
abagta	1	mehuman (1.00), biztha (1.00), harbona (1.00), bigtha (1.00)	Ester 1:10 — On the seventh day, when the heart of the king was merry with wine, he commanded Mehuman, Biztha, Harbona, Bigtha, and Abagtha, Zethar, and Carcas, th
zetar	1	mehuman (1.00), biztha (1.00), harbona (1.00), bigtha (1.00)	Ester 1:10 — On the seventh day, when the heart of the king was merry with wine, he commanded Mehuman, Biztha, Harbona, Bigtha, and Abagtha, Zethar, and Carcas, th
carcas	1	mehuman (1.00), biztha (1.00), harbona (1.00), bigtha (1.00)	Ester 1:10 — On the seventh day, when the heart of the king was merry with wine, he commanded Mehuman, Biztha, Harbona, Bigtha, and Abagtha, Zethar, and Carcas, th
carsena	1	carshena (1.00), shethar (1.00), admatha (1.00), meres (1.00)	Ester 1:14 — And the next unto him was Carshena, Shethar, Admatha, Tarshish, Meres, Marsena, and Memucan, the seven princes of Persia and Media, which saw the king
setar	1	carshena (1.00), shethar (1.00), admatha (1.00), meres (1.00)	Ester 1:14 — And the next unto him was Carshena, Shethar, Admatha, Tarshish, Meres, Marsena, and Memucan, the seven princes of Persia and Media, which saw the king
admata	1	carshena (1.00), shethar (1.00), admatha (1.00), meres (1.00)	Ester 1:14 — And the next unto him was Carshena, Shethar, Admatha, Tarshish, Meres, Marsena, and Memucan, the seven princes of Persia and Media, which saw the king
meres	1	carshena (1.00), shethar (1.00), admatha (1.00), meres (1.00)	Ester 1:14 — And the next unto him was Carshena, Shethar, Admatha, Tarshish, Meres, Marsena, and Memucan, the seven princes of Persia and Media, which saw the king
marsena	1	carshena (1.00), shethar (1.00), admatha (1.00), meres (1.00)	Ester 1:14 — And the next unto him was Carshena, Shethar, Admatha, Tarshish, Meres, Marsena, and Memucan, the seven princes of Persia and Media, which saw the king
hadassa	1	hadassah (1.00), uncle's (0.29), maid (0.05), esther (0.05)	Ester 2:7 — And he brought up Hadassah, that is, Esther, his uncle's daughter: for she had neither father nor mother, and the maid was fair and beautiful; whom Mo
saasgaz	1	shaashgaz (1.00), custody (0.40), chamberlain (0.29), delighted (0.11)	Ester 2:14 — In the evening she went, and on the morrow she returned into the second house of the women, to the custody of Shaashgaz, the king's chamberlain, which
tebete	1	tebeth (1.00), royal (0.07), ahasuerus (0.07), esther (0.05)	Ester 2:16 — So Esther was taken unto king Ahasuerus into his house royal in the tenth month, which is the month Tebeth, in the seventh year of his reign.
extermínio	1	treasuries (0.20), sum (0.09), happened (0.07), haman (0.05)	Ester 4:7 — And Mordecai told him of all that had happened unto him, and of the sum of the money that Haman had promised to pay to the king's treasuries for the J
sivã	1	sivan (1.00), india (0.67), deputies (0.50), lieutenants (0.40)	Ester 8:9 — Then were the king's scribes called at that time in the third month, that is, the month Sivan, on the three and twentieth day thereof; and it was writ
cutiladas	1	stroke (0.15), hated (0.03), slaughter (0.03), smote (0.01)	Ester 9:5 — Thus the Jews smote all their enemies with the stroke of the sword, and slaughter, and destruction, and did what they would unto those that hated them
parsandata	1	parshandatha (1.00), dalphon (1.00), aspatha (1.00)	Ester 9:7 — And Parshandatha, and Dalphon, and Aspatha,
dalfom	1	parshandatha (1.00), dalphon (1.00), aspatha (1.00)	Ester 9:7 — And Parshandatha, and Dalphon, and Aspatha,
aspata	1	parshandatha (1.00), dalphon (1.00), aspatha (1.00)	Ester 9:7 — And Parshandatha, and Dalphon, and Aspatha,
porata	1	poratha (1.00), adalia (1.00), aridatha (1.00)	Ester 9:8 — And Poratha, and Adalia, and Aridatha,
adalia	1	poratha (1.00), adalia (1.00), aridatha (1.00)	Ester 9:8 — And Poratha, and Adalia, and Aridatha,
aridata	1	poratha (1.00), adalia (1.00), aridatha (1.00)	Ester 9:8 — And Poratha, and Adalia, and Aridatha,
farmasta	1	parmashta (1.00), arisai (1.00), aridai (1.00), vajezatha (1.00)	Ester 9:9 — And Parmashta, and Arisai, and Aridai, and Vajezatha,
arisai	1	parmashta (1.00), arisai (1.00), aridai (1.00), vajezatha (1.00)	Ester 9:9 — And Parmashta, and Arisai, and Aridai, and Vajezatha,
aridai	1	parmashta (1.00), arisai (1.00), aridai (1.00), vajezatha (1.00)	Ester 9:9 — And Parmashta, and Arisai, and Aridai, and Vajezatha,
vaisata	1	parmashta (1.00), arisai (1.00), aridai (1.00), vajezatha (1.00)	Ester 9:9 — And Parmashta, and Arisai, and Aridai, and Vajezatha,
dar-se-te-á	1	petition (0.11), shushan (0.10), request (0.08), provinces (0.07)	Ester 9:12 — And the king said unto Esther the queen, The Jews have slain and destroyed five hundred men in Shushan the palace, and the ten sons of Haman; what hav
deseret	1	deseret (1.00), bee (0.50), bees (0.40), swarms (0.33)	Éter 2:3 — And they did also carry with them deseret, which, by interpretation, is a honey bee; and thus they did carry with them swarms of bees, and all manner 
moriâncumer	1	moriancumer (1.00), divideth (0.15), seashore (0.08), proceed (0.05)	Éter 2:13 — And now I proceed with my record; for behold, it came to pass that the Lord did bring Jared and his brethren forth even to that great sea which divide
beira-mar	1	moriancumer (1.00), divideth (0.15), seashore (0.08), proceed (0.05)	Éter 2:13 — And now I proceed with my record; for behold, it came to pass that the Lord did bring Jared and his brethren forth even to that great sea which divide
selém	1	shelem (1.00), transparent (0.67), glass (0.17), sixteen (0.08)	Éter 3:1 — And it came to pass that the brother of Jared, (now the number of the vessels which had been prepared was eight) went forth unto the mount, which they
límpidas	1	shelem (1.00), transparent (0.67), glass (0.17), sixteen (0.08)	Éter 3:1 — And it came to pass that the brother of Jared, (now the number of the vessels which had been prepared was eight) went forth unto the mount, which they
d’água	1	—	Éter 6:7 — And it came to pass that when they were buried in the deep there was no water that could hurt them, their vessels being tight like unto a dish, and al
jacom	1	jacom (1.00), gilgah (1.00), mahah (1.00), orihah (0.33)	Éter 6:14 — And Jared had four sons; and they were called Jacom, and Gilgah, and Mahah, and Orihah.
gilga	1	jacom (1.00), gilgah (1.00), mahah (1.00), orihah (0.33)	Éter 6:14 — And Jared had four sons; and they were called Jacom, and Gilgah, and Mahah, and Orihah.
maá	1	jacom (1.00), gilgah (1.00), mahah (1.00), orihah (0.33)	Éter 6:14 — And Jared had four sons; and they were called Jacom, and Gilgah, and Mahah, and Orihah.
químnor	1	kimnor (1.00), dance (0.13), akish (0.11), please (0.04)	Éter 8:10 — And now, therefore, let my father send for Akish, the son of Kimnor; and behold, I am fair, and I will dance before him, and I will please him, that h
dai-ma	1	danced (0.25), omer (0.11), akish (0.11), friend (0.03)	Éter 8:11 — And now Omer was a friend to Akish; wherefore, when Jared had sent for Akish, the daughter of Jared danced before him that she pleased him, insomuch t
ablom	1	ablom (1.00), shim (0.50), traveled (0.14), warned (0.11)	Éter 9:3 — And the Lord warned Omer in a dream that he should depart out of the land; wherefore Omer departed out of the land with his family, and traveled many 
circunvizinhos	1	revive (0.22), preserving (0.20), sufficiently (0.08), humbled (0.06)	Éter 9:35 — And it came to pass that when they had humbled themselves sufficiently before the Lord he did send rain upon the face of the earth; and the people beg
desabitada	1	game (0.40), southward (0.05), northward (0.03), preserve (0.02)	Éter 10:21 — And they did preserve the land southward for a wilderness, to get game. And the whole face of the land northward was covered with inhabitants.
zerim	1	zerin (1.00), workest (0.67), remove (0.04), jared (0.02)	Éter 12:30 — For the brother of Jared said unto the mountain Zerin, Remove—and it was removed. And if he had not had faith it would not have moved; wherefore thou 
heslon	1	heshlon (1.00), shared (0.17), plains (0.06), pursue (0.04)	Éter 13:28 — And it came to pass that Shared fought against him for the space of three days. And it came to pass that Coriantumr beat him, and did pursue him until
ripliâncum	1	ripliancum (1.00), exceed (0.09), shiz (0.08), interpretation (0.04)	Éter 15:8 — And it came to pass that he came to the waters of Ripliancum, which, by interpretation, is large, or to exceed all; wherefore, when they came to these
ogate	1	ogath (1.00), press (0.13), shiz (0.08), pitch (0.06)	Éter 15:10 — And it came to pass that the armies of Coriantumr did press upon the armies of Shiz that they beat them, that they caused them to flee before them; an
cidades-celeiro	1	pithom (1.00), raamses (1.00), taskmasters (0.29), burdens (0.06)	Êxodo 1:11 — Therefore they did set over them taskmasters to afflict them with their burdens. And they built for Pharaoh treasure cities, Pithom and Raamses.
sifrá	1	shiphrah (1.00), puah (0.50), midwives (0.29), hebrew (0.07)	Êxodo 1:15 — And the king of Egypt spake to the Hebrew midwives, of which the name of the one was Shiphrah, and the name of the other Puah:
breu	1	bulrushes (0.67), slime (0.67), flags (0.50), river's (0.40)	Êxodo 2:3 — And when she could not longer hide him, she took for him an ark of bulrushes, and daubed it with slime and with pitch, and put the child therein; and 
cria-mo	1	nursed (0.50), nurse (0.20), wages (0.07), pharaoh's (0.04)	Êxodo 2:9 — And Pharaoh's daughter said unto her, Take this child away, and nurse it for me, and I will give thee thy wages. And the woman took the child, and nur
sitri	1	zithri (1.00), elzaphan (0.67), mishael (0.22), uzziel (0.12)	Êxodo 6:22 — And the sons of Uzziel; Mishael, and Elzaphan, and Zithri.
eliseba	1	elisheba (1.00), naashon (1.00), amminadab (0.15), abihu (0.15)	Êxodo 6:23 — And Aaron took him Elisheba, daughter of Amminadab, sister of Naashon, to wife; and she bare him Nadab, and Abihu, Eleazar, and Ithamar.
abiasafe	1	abiasaph (1.00), korhites (0.40), assir (0.33), elkanah (0.10)	Êxodo 6:24 — And the sons of Korah; Assir, and Elkanah, and Abiasaph: these are the families of the Korhites.
putiel	1	putiel (1.00), phinehas (0.08), aaron's (0.06), eleazar (0.03)	Êxodo 6:25 — And Eleazar Aaron's son took him one of the daughters of Putiel to wife; and she bare him Phinehas: these are the heads of the fathers of the Levites 
pô-lo-ão	1	post (0.17), strike (0.14), upper (0.07), posts (0.05)	Êxodo 12:7 — And they shall take of the blood, and strike it on the two side posts and on the upper door post of the houses, wherein they shall eat it.
quebrar-lhe-hás	1	firstling (0.20), redeem (0.03), neck (0.03), ass (0.02)	Êxodo 13:13 — And every firstling of an ass thou shalt redeem with a lamb; and if thou wilt not redeem it, then thou shalt break his neck: and all the firstborn of 
premeditadamente	1	presumptuously (0.29), guile (0.12), neighbour (0.02), slay (0.01)	Êxodo 21:14 — But if a man come presumptuously upon his neighbour, to slay him with guile; thou shalt take him from mine altar, that he may die.
restituição	1	theft (0.50), restitution (0.29), risen (0.03), shed (0.02)	Êxodo 22:3 — If the sun be risen upon him, there shall be blood shed for him; for he should make full restitution; if he have nothing, then he shall be sold for hi
litigiosa	1	challengeth (1.00), parties (0.18), double (0.08), condemn (0.05)	Êxodo 22:9 — For all manner of trespass, whether it be for ox, for ass, for sheep, for raiment, or for any manner of lost thing, which another challengeth to be hi
dar-lha	1	dowry (0.40), virgins (0.06), refuse (0.06), pay (0.03)	Êxodo 22:17 — If her father utterly refuse to give her unto him, he shall pay money according to the dowry of virgins.
olival	1	oliveyard (1.00), deal (0.03), seventh (0.01), leave (0.01)	Êxodo 23:11 — But the seventh year thou shalt let it rest and lie still; that the poor of thy people may eat: and what they leave the beasts of the field shall eat.
cobri-las-ás	1	overlay (0.17), shittim (0.06), borne (0.05), staves (0.04)	Êxodo 25:28 — And thou shalt make the staves of shittim wood, and overlay them with gold, that the table may be borne with them.
candeeiro	1	lamp (0.14), beaten (0.05), olive (0.04), always (0.02)	Êxodo 27:20 — And thou shalt command the children of Israel, that they bring thee pure oil olive beaten for the light, to cause the lamp to burn always.
lapidário	1	engraver (0.50), engrave (0.50), ouches (0.22), signet (0.18)	Êxodo 28:11 — With the work of an engraver in stone, like the engravings of a signet, shalt thou engrave the two stones with the names of the children of Israel: th
figado	1	rump (0.33), caul (0.15), kidneys (0.14), consecration (0.14)	Êxodo 29:22 — Also thou shalt take of the ram the fat and the rump, and the fat that covereth the inwards, and the caul above the liver, and the two kidneys, and th
estoraque	1	stacte (1.00), onycha (1.00), galbanum (1.00), frankincense (0.11)	Êxodo 30:34 — And the LORD said unto Moses, Take unto thee sweet spices, stacte, and onycha, and galbanum; these sweet spices with pure frankincense: of each shall 
onicha	1	stacte (1.00), onycha (1.00), galbanum (1.00), frankincense (0.11)	Êxodo 30:34 — And the LORD said unto Moses, Take unto thee sweet spices, stacte, and onycha, and galbanum; these sweet spices with pure frankincense: of each shall 
gálbano	1	stacte (1.00), onycha (1.00), galbanum (1.00), frankincense (0.11)	Êxodo 30:34 — And the LORD said unto Moses, Take unto thee sweet spices, stacte, and onycha, and galbanum; these sweet spices with pure frankincense: of each shall 
pórem	1	hot (0.06), besought (0.04), wax (0.03), wrath (0.01)	Êxodo 32:11 — And Moses besought the LORD his God, and said, LORD, why doth thy wrath wax hot against thy people, which thou hast brought forth out of the land of E
deram-mo	1	calf (0.06), break (0.01), whosoever (0.01), gold (0.00)	Êxodo 32:24 — And I said unto them, Whosoever hath any gold, let them break it off. So they gave it me: then I cast it into the fire, and there came out this calf.
aradura	1	earing (0.67), harvest (0.03), seventh (0.01), six (0.01)	Êxodo 34:21 — Six days thou shalt work, but on the seventh day thou shalt rest: in earing time and in harvest thou shalt rest.
enumeração	1	ithamar (0.10), sum (0.09), counted (0.04), service (0.02)	Êxodo 38:21 — This is the sum of the tabernacle, even of the tabernacle of testimony, as it was counted, according to the commandment of Moses, for the service of t
buzi	1	buzi (1.00), ezekiel (0.40), expressly (0.33), chebar (0.22)	Ezequiel 1:3 — The word of the LORD came expressly unto Ezekiel the priest, the son of Buzi, in the land of the Chaldeans by the river Chebar; and the hand of the LO
tel-abibe	1	tel-abib (1.00), chebar (0.22), astonished (0.03), remained (0.03)	Ezequiel 3:15 — Then I came to them of the captivity at Tel-abib, that dwelt by the river of Chebar, and I sat where they sat, and remained there astonished among the
pô-lo-ás	1	tile (1.00), pourtray (1.00), lay (0.01), jerusalem (0.00)	Ezequiel 4:1 — Thou also, son of man, take thee a tile, and lay it before thee, and pourtray upon it the city, even Jerusalem:
feri-la-ás	1	knife (0.29), siege (0.08), scatter (0.04), draw (0.02)	Ezequiel 5:2 — Thou shalt burn with fire a third part in the midst of the city, when the days of the siege are fulfilled: and thou shalt take a third part, and smite
dibla	1	diblath (1.00), habitations (0.09), stretch (0.03), desolate (0.01)	Ezequiel 6:14 — So will I stretch out my hand upon them, and make the land desolate, yea, more desolate than the wilderness toward Diblath, in all their habitations: 
imundícia	1	satisfy (0.15), stumblingblock (0.15), bowels (0.04), streets (0.03)	Ezequiel 7:19 — They shall cast their silver in the streets, and their gold shall be removed: their silver and their gold shall not be able to deliver them in the day
tamuz	1	tammuz (1.00), weeping (0.04), lord's (0.02), north (0.01)	Ezequiel 8:14 — Then he brought me to the door of the gate of the LORD'S house which was toward the north; and, behold, there sat women weeping for Tammuz.
galgal	1	wheel (0.15), wheels (0.07), hearing (0.05), cried (0.01)	Ezequiel 10:13 — As for the wheels, it was cried unto them in my hearing, O wheel.
enfeitados	1	deckedst (0.67), playedst (0.67), thereupon (0.33), colours (0.18)	Ezequiel 16:16 — And of thy garments thou didst take, and deckedst thy high places with divers colours, and playedst the harlot thereupon: the like things shall not co
plumagem	1	longwinged (1.00), feathers (0.25), colours (0.18), highest (0.09)	Ezequiel 17:3 — And say, Thus saith the Lord GOD; A great eagle with great wings, longwinged, full of feathers, which had divers colours, came unto Lebanon, and took 
bamá	1	bamah (1.00), whereunto (0.06), high (0.00), thereof (0.00)	Ezequiel 20:29 — Then I said unto them, What is the high place whereunto ye go? And the name thereof is called Bamah unto this day.
infamada	1	infamous (1.00), vexed (0.09), mock (0.08), far (0.01)	Ezequiel 22:5 — Those that be near, and those that be far from thee, shall mock thee, which art infamous and much vexed.
extorsivo	1	greedily (0.50), extortion (0.50), usury (0.11), neighbours (0.09)	Ezequiel 22:12 — In thee have they taken gifts to shed blood; thou hast taken usury and increase, and thou hast greedily gained of thy neighbours by extortion, and has
primor	1	gorgeously (0.67), doted (0.29), assyrians (0.18), riding (0.18)	Ezequiel 23:12 — She doted upon the Assyrians her neighbours, captains and rulers clothed most gorgeously, horsemen riding upon horses, all of them desirable young men
turbantes	1	attire (0.50), babylonians (0.40), girdles (0.29), dyed (0.20)	Ezequiel 23:15 — Girded with girdles upon their loins, exceeding in dyed attire upon their heads, all of them princes to look to, after the manner of the Babylonians o
vingativamente	1	revenged (1.00), offended (0.06), taking (0.05), dealt (0.03)	Ezequiel 25:12 — Thus saith the Lord GOD; Because that Edom hath dealt against the house of Judah by taking vengeance, and hath greatly offended, and revenged himself 
gamaditas	1	gammadims (1.00), arvad (0.67), towers (0.09), hanged (0.06)	Ezequiel 27:11 — The men of Arvad with thine army were upon thy walls round about, and the Gammadims were in thy towers: they hanged their shields upon thy walls round
panague	1	pannag (1.00), minnith (0.67), traded (0.33), balm (0.29)	Ezequiel 27:17 — Judah, and the land of Israel, they were thy merchants: they traded in thy market wheat of Minnith, and Pannag, and honey, and oil, and balm.
helbom	1	helbon (1.00), wares (0.33), merchant (0.14), wool (0.13)	Ezequiel 27:18 — Damascus was thy merchant in the multitude of the wares of thy making, for the multitude of all riches; in the wine of Helbon, and white wool.
cane	1	canneh (1.00), chilmad (1.00), asshur (0.22), haran (0.08)	Ezequiel 27:23 — Haran, and Canneh, and Eden, the merchants of Sheba, Asshur, and Chilmad, were thy merchants.
quilmade	1	canneh (1.00), chilmad (1.00), asshur (0.22), haran (0.08)	Ezequiel 27:23 — Haran, and Canneh, and Eden, the merchants of Sheba, Asshur, and Chilmad, were thy merchants.
sardônia	1	carbuncle (0.50), sardius (0.40), diamond (0.40), topaz (0.33)	Ezequiel 28:13 — Thou hast been in Eden the garden of God; every precious stone was thy covering, the sardius, topaz, and the diamond, the beryl, the onyx, and the jas
pífaros	1	carbuncle (0.50), sardius (0.40), diamond (0.40), topaz (0.33)	Ezequiel 28:13 — Thou hast been in Eden the garden of God; every precious stone was thy covering, the sardius, topaz, and the diamond, the beryl, the onyx, and the jas
multiplicação	1	merchandise (0.09), cherub (0.09), profane (0.06), covering (0.04)	Ezequiel 28:16 — By the multitude of thy merchandise they have filled the midst of thee with violence, and thou hast sinned: therefore I will cast thee as profane out 
formidáveis	1	swords (0.03), fill (0.03), terrible (0.02), draw (0.02)	Ezequiel 30:11 — He and his people with him, the terrible of the nations, shall be brought to destroy the land: and they shall draw their swords against Egypt, and fil
ávem	1	pi-beseth (1.00), aven (0.50), captivity (0.01), young (0.01)	Ezequiel 30:17 — The young men of Aven and of Pi-beseth shall fall by the sword: and these cities shall go into captivity.
pi-besete	1	pi-beseth (1.00), aven (0.50), captivity (0.01), young (0.01)	Ezequiel 30:17 — The young men of Aven and of Pi-beseth shall fall by the sword: and these cities shall go into captivity.
regatos	1	plants (0.18), running (0.06), rivers (0.03), deep (0.02)	Ezequiel 31:4 — The waters made him great, the deep set him up on high with her rivers running round about his plants, and sent out her little rivers unto all the tre
plantação	1	renown (0.20), hunger (0.04), plant (0.03), raise (0.02)	Ezequiel 34:29 — And I will raise up for them a plant of renown, and they shall be no more consumed with hunger in the land, neither bear the shame of the heathen any 
inundante	1	hailstones (0.33), overflowing (0.15), brimstone (0.08), plead (0.04)	Ezequiel 38:22 — And I will plead against him with pestilence and with blood; and I will rain upon him, and upon his bands, and upon the many people that are with him,
hamona	1	hamonah (1.00), cleanse (0.05), city (0.00), thus (0.00)	Ezequiel 39:16 — And also the name of the city shall be Hamonah. Thus shall they cleanse the land.
constituistes	1	keepers (0.09), charge (0.02), sanctuary (0.01), kept (0.01)	Ezequiel 44:8 — And ye have not kept the charge of mine holy things: but ye have set keepers of my charge in my sanctuary for yourselves.
arrátel	1	maneh (1.00), gerahs (0.33), fifteen (0.06), shekel (0.06)	Ezequiel 45:12 — And the shekel shall be twenty gerahs: twenty shekels, five and twenty shekels, fifteen shekels, shall be your maneh.
cozinheiros	1	boil (0.12), ministers (0.06), sacrifice (0.01), places (0.01)	Ezequiel 46:24 — Then said he unto me, These are the places of them that boil, where the ministers of the house shall boil the sacrifice of the people.
en-eglaim	1	en-eglaim (1.00), en-gedi (0.29), fishers (0.25), nets (0.14)	Ezequiel 47:10 — And it shall come to pass, that the fishers shall stand upon it from En-gedi even unto En-eglaim; they shall be a place to spread forth nets; their fi
charcos	1	marishes (1.00), miry (0.40), salt (0.05), healed (0.02)	Ezequiel 47:11 — But the miry places thereof and the marishes thereof shall not be healed; they shall be given to salt.
berota	1	berothah (1.00), sibraim (1.00), hazar-hatticon (1.00), hauran (0.67)	Ezequiel 47:16 — Hamath, Berothah, Sibraim, which is between the border of Damascus and the border of Hamath; Hazar-hatticon, which is by the coast of Hauran.
sibraim	1	berothah (1.00), sibraim (1.00), hazar-hatticon (1.00), hauran (0.67)	Ezequiel 47:16 — Hamath, Berothah, Sibraim, which is between the border of Damascus and the border of Hamath; Hazar-hatticon, which is by the coast of Hauran.
hazer-haticom	1	berothah (1.00), sibraim (1.00), hazar-hatticon (1.00), hauran (0.67)	Ezequiel 47:16 — Hamath, Berothah, Sibraim, which is between the border of Damascus and the border of Hamath; Hazar-hatticon, which is by the coast of Hauran.
servi-la-ão	1	tribes (0.01), serve (0.01), city (0.00), israel (0.00)	Ezequiel 48:19 — And they that serve the city shall serve it out of all the tribes of Israel.
reelaías	1	reelaiah (1.00), mispar (1.00), bilshan (0.67), bigvai (0.29)	Esdras 2:2 — Which came with Zerubbabel: Jeshua, Nehemiah, Seraiah, Reelaiah, Mordecai, Bilshan, Mispar, Bigvai, Rehum, Baanah. The number of the men of the people
mispar	1	reelaiah (1.00), mispar (1.00), bilshan (0.67), bigvai (0.29)	Esdras 2:2 — Which came with Zerubbabel: Jeshua, Nehemiah, Seraiah, Reelaiah, Mordecai, Bilshan, Mispar, Bigvai, Rehum, Baanah. The number of the men of the people
jesua-joabe	1	pahath-moab (0.29), jeshua (0.06), eight (0.02), joab (0.02)	Esdras 2:6 — The children of Pahath-moab, of the children of Jeshua and Joab, two thousand eight hundred and twelve.
jora	1	jorah (1.00), twelve (0.01), hundred (0.00), children (0.00)	Esdras 2:18 — The children of Jorah, an hundred and twelve.
gibar	1	gibbar (1.00), ninety (0.06), five (0.01), children (0.00)	Esdras 2:20 — The children of Gibbar, ninety and five.
quiriate-arim	1	kirjath-arim (1.00), chephirah (0.40), beeroth (0.29), forty (0.01)	Esdras 2:25 — The children of Kirjath-arim, Chephirah, and Beeroth, seven hundred and forty and three.
magbis	1	magbish (1.00), fifty (0.01), six (0.01), hundred (0.00)	Esdras 2:30 — The children of Magbish, an hundred fifty and six.
lebaná	1	lebanah (1.00), hagabah (1.00), akkub (0.22), children (0.00)	Esdras 2:45 — The children of Lebanah, the children of Hagabah, the children of Akkub,
hagabe	1	hagab (1.00), shalmai (0.67), hanan (0.15), children (0.00)	Esdras 2:46 — The children of Hagab, the children of Shalmai, the children of Hanan,
sanlai	1	hagab (1.00), shalmai (0.67), hanan (0.15), children (0.00)	Esdras 2:46 — The children of Hagab, the children of Shalmai, the children of Hanan,
nefuseus	1	asnah (1.00), mehunim (1.00), nephusim (1.00), children (0.00)	Esdras 2:50 — The children of Asnah, the children of Mehunim, the children of Nephusim,
bazlute	1	bazluth (1.00), mehida (0.67), harsha (0.67), children (0.00)	Esdras 2:52 — The children of Bazluth, the children of Mehida, the children of Harsha,
tama	1	thamah (1.00), barkos (0.67), sisera (0.10), children (0.00)	Esdras 2:53 — The children of Barkos, the children of Sisera, the children of Thamah,
neziá	1	neziah (0.67), hatipha (0.67), children (0.00)	Esdras 2:54 — The children of Neziah, the children of Hatipha.
peruda	1	peruda (1.00), sotai (0.67), sophereth (0.67), solomon's (0.07)	Esdras 2:55 — The children of Solomon's servants: the children of Sotai, the children of Sophereth, the children of Peruda,
jaala	1	jaalah (1.00), darkon (0.67), giddel (0.40), children (0.00)	Esdras 2:56 — The children of Jaalah, the children of Darkon, the children of Giddel,
adã	1	tel-harsa (1.00), addan (1.00), tel-melah (0.67), immer (0.18)	Esdras 2:59 — And these were they which went up from Tel-melah, Tel-harsa, Cherub, Addan, and Immer: but they could not shew their father's house, and their seed, w
bislão	1	bishlam (1.00), tabeel (1.00), mithredath (0.67), syrian (0.18)	Esdras 4:7 — And in the days of Artaxerxes wrote Bishlam, Mithredath, Tabeel, and the rest of their companions, unto Artaxerxes king of Persia; and the writing of 
tabeel	1	bishlam (1.00), tabeel (1.00), mithredath (0.67), syrian (0.18)	Esdras 4:7 — And in the days of Artaxerxes wrote Bishlam, Mithredath, Tabeel, and the rest of their companions, unto Artaxerxes king of Persia; and the writing of 
siríacos	1	bishlam (1.00), tabeel (1.00), mithredath (0.67), syrian (0.18)	Esdras 4:7 — And in the days of Artaxerxes wrote Bishlam, Mithredath, Tabeel, and the rest of their companions, unto Artaxerxes king of Persia; and the writing of 
siríaca	1	bishlam (1.00), tabeel (1.00), mithredath (0.67), syrian (0.18)	Esdras 4:7 — And in the days of Artaxerxes wrote Bishlam, Mithredath, Tabeel, and the rest of their companions, unto Artaxerxes king of Persia; and the writing of 
dinaítas	1	dinaites (1.00), apharsathchites (1.00), tarpelites (1.00), apharsites (1.00)	Esdras 4:9 — Then wrote Rehum the chancellor, and Shimshai the scribe, and the rest of their companions; the Dinaites, the Apharsathchites, the Tarpelites, the Aph
tarpelitas	1	dinaites (1.00), apharsathchites (1.00), tarpelites (1.00), apharsites (1.00)	Esdras 4:9 — Then wrote Rehum the chancellor, and Shimshai the scribe, and the rest of their companions; the Dinaites, the Apharsathchites, the Tarpelites, the Aph
afarsitas	1	dinaites (1.00), apharsathchites (1.00), tarpelites (1.00), apharsites (1.00)	Esdras 4:9 — Then wrote Rehum the chancellor, and Shimshai the scribe, and the rest of their companions; the Dinaites, the Apharsathchites, the Tarpelites, the Aph
arquevitas	1	dinaites (1.00), apharsathchites (1.00), tarpelites (1.00), apharsites (1.00)	Esdras 4:9 — Then wrote Rehum the chancellor, and Shimshai the scribe, and the rest of their companions; the Dinaites, the Apharsathchites, the Tarpelites, the Aph
babilônios	1	dinaites (1.00), apharsathchites (1.00), tarpelites (1.00), apharsites (1.00)	Esdras 4:9 — Then wrote Rehum the chancellor, and Shimshai the scribe, and the rest of their companions; the Dinaites, the Apharsathchites, the Tarpelites, the Aph
susanquitas	1	dinaites (1.00), apharsathchites (1.00), tarpelites (1.00), apharsites (1.00)	Esdras 4:9 — Then wrote Rehum the chancellor, and Shimshai the scribe, and the rest of their companions; the Dinaites, the Apharsathchites, the Tarpelites, the Aph
deavitas	1	dinaites (1.00), apharsathchites (1.00), tarpelites (1.00), apharsites (1.00)	Esdras 4:9 — Then wrote Rehum the chancellor, and Shimshai the scribe, and the rest of their companions; the Dinaites, the Apharsathchites, the Tarpelites, the Aph
asnapar	1	asnappar (1.00), noble (0.13), samaria (0.02), river (0.01)	Esdras 4:10 — And the rest of the nations whom the great and noble Asnappar brought over, and set in the cities of Samaria, and the rest that are on this side the r
acmeta	1	achmetha (1.00), medes (0.13), province (0.07), roll (0.06)	Esdras 6:2 — And there was found at Achmetha, in the palace that is in the province of the Medes, a roll, and therein was a record thus written:
impôr	1	impose (1.00), toll (0.50), certify (0.25), nethinims (0.12)	Esdras 7:24 — Also we certify you, that touching any of the priests and Levites, singers, porters, Nethinims, or ministers of this house of God, it shall not be law
pedágio	1	impose (1.00), toll (0.50), certify (0.25), nethinims (0.12)	Esdras 7:24 — Also we certify you, that touching any of the priests and Levites, singers, porters, Nethinims, or ministers of this house of God, it shall not be law
josifias	1	josiphiah (1.00), shelomith (0.20), males (0.06), threescore (0.02)	Esdras 8:10 — And of the sons of Shelomith; the son of Josiphiah, and with him an hundred and threescore males.
hacatã	1	hakkatan (1.00), azgad (0.40), johanan (0.07), males (0.06)	Esdras 8:12 — And of the sons of Azgad; Johanan the son of Hakkatan, and with him an hundred and ten males.
noadias	1	noadiah (0.67), meremoth (0.29), binnui (0.25), jozabad (0.22)	Esdras 8:33 — Now on the fourth day was the silver and the gold and the vessels weighed in the house of our God by the hand of Meremoth the son of Uriah the priest;
trangressão	1	mingled (0.04), trespass (0.03), rulers (0.02), lands (0.01)	Esdras 9:2 — For they have taken of their daughters for themselves, and for their sons: so that the holy seed have mingled themselves with the people of those land
jaseías	1	jahaziah (1.00), tikvah (0.67), shabbethai (0.50), employed (0.22)	Esdras 10:15 — Only Jonathan the son of Asahel and Jahaziah the son of Tikvah were employed about this matter: and Meshullam and Shabbethai the Levite helped them.
quelaías	1	kelaiah (1.00), kelita (0.50), pethahiah (0.40), jozabad (0.22)	Esdras 10:23 — Also of the Levites; Jozabad, and Shimei, and Kelaiah, (the same is Kelita,) Pethahiah, Judah, and Eliezer.
telém	1	telem (0.67), uri (0.25), eliashib (0.13), shallum (0.07)	Esdras 10:24 — Of the singers also; Eliashib: and of the porters; Shallum, and Telem, and Uri.
ramias	1	ramiah (1.00), jeziah (1.00), miamin (0.67), parosh (0.33)	Esdras 10:25 — Moreover of Israel: of the sons of Parosh; Ramiah, and Jeziah, and Malchiah, and Miamin, and Eleazar, and Malchijah, and Benaiah.
jezias	1	ramiah (1.00), jeziah (1.00), miamin (0.67), parosh (0.33)	Esdras 10:25 — Moreover of Israel: of the sons of Parosh; Ramiah, and Jeziah, and Malchiah, and Miamin, and Eleazar, and Malchijah, and Benaiah.
aziza	1	aziza (1.00), zattu (0.50), jeremoth (0.33), elioenai (0.22)	Esdras 10:27 — And of the sons of Zattu; Elioenai, Eliashib, Mattaniah, and Jeremoth, and Zabad, and Aziza.
atlai	1	athlai (1.00), zabbai (0.67), bebai (0.33), jehohanan (0.29)	Esdras 10:28 — Of the sons also of Bebai; Jehohanan, Hananiah, Zabbai, and Athlai.
seal	1	sheal (1.00), jashub (0.50), malluch (0.29), ramoth (0.22)	Esdras 10:29 — And of the sons of Bani; Meshullam, Malluch, and Adaiah, Jashub, and Sheal, and Ramoth.
quelal	1	chelal (1.00), adna (0.67), pahath-moab (0.29), binnui (0.25)	Esdras 10:30 — And of the sons of Pahath-moab; Adna, and Chelal, Benaiah, Maaseiah, Mattaniah, Bezaleel, and Binnui, and Manasseh.
maseias	1	chelal (1.00), adna (0.67), pahath-moab (0.29), binnui (0.25)	Esdras 10:30 — And of the sons of Pahath-moab; Adna, and Chelal, Benaiah, Maaseiah, Mattaniah, Bezaleel, and Binnui, and Manasseh.
jeremai	1	mattathah (1.00), jeremai (1.00), mattenai (0.50), hashum (0.33)	Esdras 10:33 — Of the sons of Hashum; Mattenai, Mattathah, Zabad, Eliphelet, Jeremai, Manasseh, and Shimei.
maadai	1	maadai (1.00), uel (1.00), amram (0.14), bani (0.13)	Esdras 10:34 — Of the sons of Bani; Maadai, Amram, and Uel,
uel	1	maadai (1.00), uel (1.00), amram (0.14), bani (0.13)	Esdras 10:34 — Of the sons of Bani; Maadai, Amram, and Uel,
bedias	1	bedeiah (1.00), chelluh (1.00), benaiah (0.05)	Esdras 10:35 — Benaiah, Bedeiah, Chelluh,
queluí	1	bedeiah (1.00), chelluh (1.00), benaiah (0.05)	Esdras 10:35 — Benaiah, Bedeiah, Chelluh,
vanias	1	vaniah (1.00), meremoth (0.29), eliashib (0.13)	Esdras 10:36 — Vaniah, Meremoth, Eliashib,
jaasai	1	jaasau (1.00), mattenai (0.50), mattaniah (0.12)	Esdras 10:37 — Mattaniah, Mattenai, and Jaasau,
macnadebai	1	machnadebai (1.00), shashai (1.00), sharai (1.00)	Esdras 10:40 — Machnadebai, Shashai, Sharai,
sasai	1	machnadebai (1.00), shashai (1.00), sharai (1.00)	Esdras 10:40 — Machnadebai, Shashai, Sharai,
zebina	1	zebina (1.00), jadau (1.00), mattithiah (0.22), zabad (0.22)	Esdras 10:43 — Of the sons of Nebo; Jeiel, Mattithiah, Zabad, Zebina, Jadau, and Joel, Benaiah.
gálatas	1	galatians (1.00), evidently (0.67), bewitched (0.50), crucified (0.04)	Gálatas 3:1 — O foolish Galatians, who hath bewitched you, that ye should not obey the truth, before whose eyes Jesus Christ hath been evidently set forth, crucifie
pisadura	1	wounding (0.67), zillah (0.29), adah (0.17), lamech (0.07)	Gênesis 4:23 — And Lamech said unto his wives, Adah and Zillah, Hear my voice; ye wives of Lamech, hearken unto my speech: for I have slain a man to my wounding, and
gofer	1	gopher (1.00), rooms (0.22), pitch (0.06), wood (0.01)	Gênesis 6:14 — Make thee an ark of gopher wood; rooms shalt thou make in the ark, and shalt pitch it within and without with pitch.
ereque	1	erech (1.00), accad (1.00), babel (0.67), calneh (0.67)	Gênesis 10:10 — And the beginning of his kingdom was Babel, and Erech, and Accad, and Calneh, in the land of Shinar.
acade	1	erech (1.00), accad (1.00), babel (0.67), calneh (0.67)	Gênesis 10:10 — And the beginning of his kingdom was Babel, and Erech, and Accad, and Calneh, in the land of Shinar.
calné	1	erech (1.00), accad (1.00), babel (0.67), calneh (0.67)	Gênesis 10:10 — And the beginning of his kingdom was Babel, and Erech, and Accad, and Calneh, in the land of Shinar.
reobote-ir	1	calah (0.67), rehoboth (0.40), asshur (0.22), nineveh (0.11)	Gênesis 10:11 — Out of that land went forth Asshur, and builded Nineveh, and the city Rehoboth, and Calah,
resém	1	resen (1.00), calah (0.67), nineveh (0.11), between (0.01)	Gênesis 10:12 — And Resen between Nineveh and Calah: the same is a great city.
ludim	1	ludim (0.67), anamim (0.67), lehabim (0.67), naphtuhim (0.67)	Gênesis 10:13 — And Mizraim begat Ludim, and Anamim, and Lehabim, and Naphtuhim,
anamim	1	ludim (0.67), anamim (0.67), lehabim (0.67), naphtuhim (0.67)	Gênesis 10:13 — And Mizraim begat Ludim, and Anamim, and Lehabim, and Naphtuhim,
leabim	1	ludim (0.67), anamim (0.67), lehabim (0.67), naphtuhim (0.67)	Gênesis 10:13 — And Mizraim begat Ludim, and Anamim, and Lehabim, and Naphtuhim,
naftuim	1	ludim (0.67), anamim (0.67), lehabim (0.67), naphtuhim (0.67)	Gênesis 10:13 — And Mizraim begat Ludim, and Anamim, and Lehabim, and Naphtuhim,
patrusim	1	philistim (1.00), caphtorim (1.00), pathrusim (0.67), casluhim (0.67)	Gênesis 10:14 — And Pathrusim, and Casluhim, (out of whom came Philistim,) and Caphtorim.
casluim	1	philistim (1.00), caphtorim (1.00), pathrusim (0.67), casluhim (0.67)	Gênesis 10:14 — And Pathrusim, and Casluhim, (out of whom came Philistim,) and Caphtorim.
caftorim	1	philistim (1.00), caphtorim (1.00), pathrusim (0.67), casluhim (0.67)	Gênesis 10:14 — And Pathrusim, and Casluhim, (out of whom came Philistim,) and Caphtorim.
arqueu	1	arkite (0.67), sinite (0.67), hivite (0.20)	Gênesis 10:17 — And the Hivite, and the Arkite, and the Sinite,
sineu	1	arkite (0.67), sinite (0.67), hivite (0.20)	Gênesis 10:17 — And the Hivite, and the Arkite, and the Sinite,
arvadeu	1	arvadite (0.67), zemarite (0.67), hamathite (0.67), canaanites (0.04)	Gênesis 10:18 — And the Arvadite, and the Zemarite, and the Hamathite: and afterward were the families of the Canaanites spread abroad.
zemareu	1	arvadite (0.67), zemarite (0.67), hamathite (0.67), canaanites (0.04)	Gênesis 10:18 — And the Arvadite, and the Zemarite, and the Hamathite: and afterward were the families of the Canaanites spread abroad.
hamateu	1	arvadite (0.67), zemarite (0.67), hamathite (0.67), canaanites (0.04)	Gênesis 10:18 — And the Arvadite, and the Zemarite, and the Hamathite: and afterward were the families of the Canaanites spread abroad.
lasa	1	lasha (1.00), admah (0.33), zeboim (0.33), gerar (0.18)	Gênesis 10:19 — And the border of the Canaanites was from Sidon, as thou comest to Gerar, unto Gaza; as thou goest, unto Sodom, and Gomorrah, and Admah, and Zeboim, e
géter	1	mash (1.00), hul (0.67), gether (0.67), aram (0.18)	Gênesis 10:23 — And the children of Aram; Uz, and Hul, and Gether, and Mash.
almodá	1	almodad (0.67), sheleph (0.67), hazarmaveth (0.67), jerah (0.67)	Gênesis 10:26 — And Joktan begat Almodad, and Sheleph, and Hazarmaveth, and Jerah,
uzal	1	uzal (0.67), diklah (0.67), hadoram (0.40)	Gênesis 10:27 — And Hadoram, and Uzal, and Diklah,
sefar	1	sephar (1.00), mesha (0.40), goest (0.04), dwelling (0.04)	Gênesis 10:30 — And their dwelling was from Mesha, as thou goest unto Sephar a mount of the east.
iscá	1	iscah (1.00), nahor's (0.67), abram's (0.25), milcah (0.17)	Gênesis 11:29 — And Abram and Nahor took them wives: the name of Abram's wife was Sarai; and the name of Nahor's wife, Milcah, the daughter of Haran, the father of Mi
bera	1	bera (1.00), birsha (1.00), shinab (1.00), shemeber (1.00)	Gênesis 14:2 — That these made war with Bera king of Sodom, and with Birsha king of Gomorrah, Shinab king of Admah, and Shemeber king of Zeboiim, and the king of Bel
birsa	1	bera (1.00), birsha (1.00), shinab (1.00), shemeber (1.00)	Gênesis 14:2 — That these made war with Bera king of Sodom, and with Birsha king of Gomorrah, Shinab king of Admah, and Shemeber king of Zeboiim, and the king of Bel
sinabe	1	bera (1.00), birsha (1.00), shinab (1.00), shemeber (1.00)	Gênesis 14:2 — That these made war with Bera king of Sodom, and with Birsha king of Gomorrah, Shinab king of Admah, and Shemeber king of Zeboiim, and the king of Bel
semeber	1	bera (1.00), birsha (1.00), shinab (1.00), shemeber (1.00)	Gênesis 14:2 — That these made war with Bera king of Sodom, and with Birsha king of Gomorrah, Shinab king of Admah, and Shemeber king of Zeboiim, and the king of Bel
asterote-carnaim	1	ashteroth (1.00), karnaim (1.00), zuzims (1.00), rephaims (0.67)	Gênesis 14:5 — And in the fourteenth year came Chedorlaomer, and the kings that were with him, and smote the Rephaims in Ashteroth Karnaim, and the Zuzims in Ham, an
zuzins	1	ashteroth (1.00), karnaim (1.00), zuzims (1.00), rephaims (0.67)	Gênesis 14:5 — And in the fourteenth year came Chedorlaomer, and the kings that were with him, and smote the Rephaims in Ashteroth Karnaim, and the Zuzims in Ham, an
hã	1	ashteroth (1.00), karnaim (1.00), zuzims (1.00), rephaims (0.67)	Gênesis 14:5 — And in the fourteenth year came Chedorlaomer, and the kings that were with him, and smote the Rephaims in Ashteroth Karnaim, and the Zuzims in Ham, an
savé-quiriataim	1	ashteroth (1.00), karnaim (1.00), zuzims (1.00), rephaims (0.67)	Gênesis 14:5 — And in the fourteenth year came Chedorlaomer, and the kings that were with him, and smote the Rephaims in Ashteroth Karnaim, and the Zuzims in Ham, an
el-parã	1	el-paran (1.00), horites (0.50), seir (0.05), mount (0.01)	Gênesis 14:6 — And the Horites in their mount Seir, unto El-paran, which is by the wilderness.
en-mispate	1	en-mishpat (1.00), hazezon-tamar (1.00), kadesh (0.11), amalekites (0.05)	Gênesis 14:7 — And they returned, and came to En-mishpat, which is Kadesh, and smote all the country of the Amalekites, and also the Amorites, that dwelt in Hazezon-
hobá	1	hobah (1.00), pursued (0.04), damascus (0.03), divided (0.02)	Gênesis 14:15 — And he divided himself against them, he and his servants, by night, and smote them, and pursued them unto Hobah, which is on the left hand of Damascus
savé	1	shaveh (0.67), dale (0.67), chedorlaomer (0.33), sodom (0.04)	Gênesis 14:17 — And the king of Sodom went out to meet him after his return from the slaughter of Chedorlaomer, and of the kings that were with him, at the valley of 
damasceno	1	childless (0.29), eliezer (0.13), steward (0.08), abram (0.04)	Gênesis 15:2 — And Abram said, Lord GOD, what wilt thou give me, seeing I go childless, and the steward of my house is this Eliezer of Damascus?
servi-los-ão	1	their's (0.11), surety (0.06), afflict (0.04), abram (0.04)	Gênesis 15:13 — And he said unto Abram, Know of a surety that thy seed shall be a stranger in a land that is not their's, and shall serve them; and they shall afflict
afligi-los-ão	1	their's (0.11), surety (0.06), afflict (0.04), abram (0.04)	Gênesis 15:13 — And he said unto Abram, Know of a surety that thy seed shall be a stranger in a land that is not their's, and shall serve them; and they shall afflict
cadmoneu	1	kenizzites (1.00), kadmonites (1.00), kenites (0.25)	Gênesis 15:19 — The Kenites, and the Kenizzites, and the Kadmonites,
beer-laai-roi	1	beer-lahai-roi (1.00), bered (0.40), kadesh (0.11), between (0.01)	Gênesis 16:14 — Wherefore the well was called Beer-lahai-roi; behold, it is between Kadesh and Bered.
ben-ami	1	ben-ammi (1.00), younger (0.05), bare (0.01), ammon (0.01)	Gênesis 19:38 — And the younger, she also bare a son, and called his name Ben-ammi: the same is the father of the children of Ammon unto this day.
quésede	1	chesed (1.00), hazo (1.00), pildash (1.00), jidlaph (1.00)	Gênesis 22:22 — And Chesed, and Hazo, and Pildash, and Jidlaph, and Bethuel.
hazo	1	chesed (1.00), hazo (1.00), pildash (1.00), jidlaph (1.00)	Gênesis 22:22 — And Chesed, and Hazo, and Pildash, and Jidlaph, and Bethuel.
pildas	1	chesed (1.00), hazo (1.00), pildash (1.00), jidlaph (1.00)	Gênesis 22:22 — And Chesed, and Hazo, and Pildash, and Jidlaph, and Bethuel.
jidlafe	1	chesed (1.00), hazo (1.00), pildash (1.00), jidlaph (1.00)	Gênesis 22:22 — And Chesed, and Hazo, and Pildash, and Jidlaph, and Bethuel.
reumá	1	reumah (1.00), tebah (1.00), gaham (1.00), thahash (1.00)	Gênesis 22:24 — And his concubine, whose name was Reumah, she bare also Tebah, and Gaham, and Thahash, and Maachah.
tebá	1	reumah (1.00), tebah (1.00), gaham (1.00), thahash (1.00)	Gênesis 22:24 — And his concubine, whose name was Reumah, she bare also Tebah, and Gaham, and Thahash, and Maachah.
gaã	1	reumah (1.00), tebah (1.00), gaham (1.00), thahash (1.00)	Gênesis 22:24 — And his concubine, whose name was Reumah, she bare also Tebah, and Gaham, and Thahash, and Maachah.
taás	1	reumah (1.00), tebah (1.00), gaham (1.00), thahash (1.00)	Gênesis 22:24 — And his concubine, whose name was Reumah, she bare also Tebah, and Gaham, and Thahash, and Maachah.
fazei-mo	1	kindly (0.15), deal (0.03), truly (0.02), master (0.01)	Gênesis 24:49 — And now if ye will deal kindly and truly with my master, tell me: and if not, tell me; that I may turn to the right hand, or to the left.
assurim	1	asshurim (1.00), letushim (1.00), leummim (1.00), jokshan (0.50)	Gênesis 25:3 — And Jokshan begat Sheba, and Dedan. And the sons of Dedan were Asshurim, and Letushim, and Leummim.
letusim	1	asshurim (1.00), letushim (1.00), leummim (1.00), jokshan (0.50)	Gênesis 25:3 — And Jokshan begat Sheba, and Dedan. And the sons of Dedan were Asshurim, and Letushim, and Leummim.
leumim	1	asshurim (1.00), letushim (1.00), leummim (1.00), jokshan (0.50)	Gênesis 25:3 — And Jokshan begat Sheba, and Dedan. And the sons of Dedan were Asshurim, and Letushim, and Leummim.
eseque	1	esek (1.00), isaac's (0.40), herdmen (0.33), gerar (0.18)	Gênesis 26:20 — And the herdmen of Gerar did strive with Isaac's herdmen, saying, The water is our's: and he called the name of the well Esek; because they strove wit
sitna	1	sitnah (1.00), strove (0.15), digged (0.05), well (0.01)	Gênesis 26:21 — And they digged another well, and strove for that also: and he called the name of it Sitnah.
auzate	1	ahuzzath (1.00), phichol (0.50), gerar (0.18), abimelech (0.03)	Gênesis 26:26 — Then Abimelech went to him from Gerar, and Ahuzzath one of his friends, and Phichol the chief captain of his army.
judite	1	judith (1.00), beeri (0.67), bashemath (0.29), elon (0.25)	Gênesis 26:34 — And Esau was forty years old when he took to wife Judith the daughter of Beeri the Hittite, and Bashemath the daughter of Elon the Hittite:
lisura	1	kids (0.22), smooth (0.15), skins (0.07), neck (0.03)	Gênesis 27:16 — And she put the skins of the kids of the goats upon his hands, and upon the smooth of his neck:
levou-lho	1	venison (0.22), drank (0.10), son's (0.09), bless (0.01)	Gênesis 27:25 — And he said, Bring it near to me, and I will eat of my son's venison, that my soul may bless thee. And he brought it near to him, and he did eat: and 
trouxe-lha	1	leah (0.07), evening (0.03), daughter (0.01), took (0.00)	Gênesis 29:23 — And it came to pass in the evening, that he took Leah his daughter, and brought her to him; and he went in unto her.
ventura	1	leah (0.07), happy (0.06), asher (0.05), daughters (0.01)	Gênesis 30:13 — And Leah said, Happy am I, for the daughters will call me blessed: and she called his name Asher.
jegar-saaduta	1	jegarsahadutha (1.00), galeed (0.67), laban (0.02), jacob (0.00)	Gênesis 31:47 — And Laban called it Jegarsahadutha: but Jacob called it Galeed.
mispá	1	absent (0.14), mizpah (0.09), watch (0.02), between (0.01)	Gênesis 31:49 — And Mizpah; for he said, The LORD watch between me and thee, when we are absent one from another.
enamorada	1	longeth (0.40), hamor (0.15), communed (0.11), shechem (0.04)	Gênesis 34:8 — And Hamor communed with them, saying, The soul of my son Shechem longeth for your daughter: I pray you give her him to wife.
dai-lha	1	longeth (0.40), hamor (0.15), communed (0.11), shechem (0.04)	Gênesis 34:8 — And Hamor communed with them, saying, The soul of my son Shechem longeth for your daughter: I pray you give her him to wife.
el-betel	1	el-beth-el (1.00), appeared (0.02), fled (0.01), built (0.01)	Gênesis 35:7 — And he built there an altar, and called the place El-beth-el: because there God appeared unto him, when he fled from the face of his brother.
alom-bacute	1	allon-bachuth (1.00), rebekah's (0.67), nurse (0.20), deborah (0.18)	Gênesis 35:8 — But Deborah Rebekah's nurse died, and she was buried beneath Beth-el under an oak: and the name of it was called Allon-bachuth.
benoni	1	ben-oni (1.00), departing (0.15), benjamin (0.01), died (0.01)	Gênesis 35:18 — And it came to pass, as her soul was in departing, (for she died) that she called his name Ben-oni: but his father called him Benjamin.
migdal	1	edar (1.00), journeyed (0.04), tower (0.03), beyond (0.03)	Gênesis 35:21 — And Israel journeyed, and spread his tent beyond the tower of Edar.
horeu	1	horite (1.00), lotan (0.33), zibeon (0.25), shobal (0.20)	Gênesis 36:20 — These are the sons of Seir the Horite, who inhabited the land; Lotan, and Shobal, and Zibeon, and Anah,
alvã	1	alvan (1.00), shepho (1.00), manahath (0.50), onam (0.40)	Gênesis 36:23 — And the children of Shobal were these; Alvan, and Manahath, and Ebal, Shepho, and Onam.
sefô	1	alvan (1.00), shepho (1.00), manahath (0.50), onam (0.40)	Gênesis 36:23 — And the children of Shobal were these; Alvan, and Manahath, and Ebal, Shepho, and Onam.
termais	1	ajah (1.00), zibeon (0.25), anah (0.18), mules (0.15)	Gênesis 36:24 — And these are the children of Zibeon; both Ajah, and Anah: this was that Anah that found the mules in the wilderness, as he fed the asses of Zibeon hi
hendã	1	hemdan (1.00), eshban (0.67), cheran (0.67), ithran (0.50)	Gênesis 36:26 — And these are the children of Dishon; Hemdan, and Eshban, and Ithran, and Cheran.
hadar	1	pau (1.00), hadar (0.67), mehetabel (0.67), matred (0.67)	Gênesis 36:39 — And Baal-hanan the son of Achbor died, and Hadar reigned in his stead: and the name of his city was Pau; and his wife's name was Mehetabel, the daught
sonhador-mor	1	dreamer (0.40), cometh (0.00), another (0.00), one (0.00)	Gênesis 37:19 — And they said one to another, Behold, this dreamer cometh.
quezibe	1	chezib (1.00), shelah (0.18), conceived (0.04), bare (0.01)	Gênesis 38:5 — And she yet again conceived, and bare a son; and called his name Shelah: and he was at Chezib, when she bare him.
contai-mo	1	interpretations (0.67), interpreter (0.40), dreamed (0.10), belong (0.04)	Gênesis 40:8 — And they said unto him, We have dreamed a dream, and there is no interpreter of it. And Joseph said unto them, Do not interpretations belong to God? t
contamos-lhos	1	interpret (0.15), interpreted (0.12), dreams (0.08), hebrew (0.07)	Gênesis 41:12 — And there was there with us a young man, an Hebrew, servant to the captain of the guard; and we told him, and he interpreted to us our dreams; to each
feiura	1	badness (1.00), leanfleshed (0.50), favoured (0.14), ill (0.13)	Gênesis 41:19 — And, behold, seven other kine came up after them, poor and very ill favoured and leanfleshed, such as I never saw in all the land of Egypt for badness
zafenate-paneia	1	zaphnath-paaneah (1.00), asenath (0.50), poti-pherah (0.50), joseph's (0.09)	Gênesis 41:45 — And Pharaoh called Joseph's name Zaphnath-paaneah; and he gave him to wife Asenath the daughter of Poti-pherah priest of On. And Joseph went out over 
vô-lo	1	required (0.05), reuben (0.03), child (0.01), sin (0.00)	Gênesis 42:22 — And Reuben answered them, saying, Spake I not unto you, saying, Do not sin against the child; and ye would not hear? therefore, behold, also his blood
podiamos	1	tenor (0.67), straitly (0.17), certainly (0.06), kindred (0.04)	Gênesis 43:7 — And they said, The man asked us straitly of our state, and of our kindred, saying, Is your father yet alive? have ye another brother? and we told him 
pistácia	1	nuts (0.67), balm (0.29), almonds (0.29), myrrh (0.12)	Gênesis 43:11 — And their father Israel said unto them, If it must be so now, do this; take of the best fruits in the land in your vessels, and carry down the man a p
hezron	1	hamul (0.50), onan (0.29), shelah (0.18), pharez (0.18)	Gênesis 46:12 — And the sons of Judah; Er, and Onan, and Shelah, and Pharez, and Zerah: but Er and Onan died in the land of Canaan. And the sons of Pharez were Hezron
zifiom	1	ziphion (1.00), arodi (1.00), haggi (0.67), shuni (0.67)	Gênesis 46:16 — And the sons of Gad; Ziphion, and Haggi, Shuni, and Ezbon, Eri, and Arodi, and Areli.
arodi	1	ziphion (1.00), arodi (1.00), haggi (0.67), shuni (0.67)	Gênesis 46:16 — And the sons of Gad; Ziphion, and Haggi, Shuni, and Ezbon, Eri, and Arodi, and Areli.
eí	1	belah (1.00), ehi (1.00), rosh (1.00), muppim (1.00)	Gênesis 46:21 — And the sons of Benjamin were Belah, and Becher, and Ashbel, Gera, and Naaman, Ehi, and Rosh, Muppim, and Huppim, and Ard.
rôs	1	belah (1.00), ehi (1.00), rosh (1.00), muppim (1.00)	Gênesis 46:21 — And the sons of Benjamin were Belah, and Becher, and Ashbel, Gera, and Naaman, Ehi, and Rosh, Muppim, and Huppim, and Ard.
mupim	1	belah (1.00), ehi (1.00), rosh (1.00), muppim (1.00)	Gênesis 46:21 — And the sons of Benjamin were Belah, and Becher, and Ashbel, Gera, and Naaman, Ehi, and Rosh, Muppim, and Huppim, and Ard.
padã	1	padan (1.00), ephrath (0.40), beth-lehem (0.06), rachel (0.05)	Gênesis 48:7 — And as for me, when I came from Padan, Rachel died by me in the land of Canaan in the way, when yet there was but a little way to come unto Ephrath: a
propositadamente	1	guiding (1.00), wittingly (1.00), ephraim's (0.40), manasseh's (0.40)	Gênesis 48:14 — And Israel stretched out his right hand, and laid it upon Ephraim's head, who was the younger, and his left hand upon Manasseh's head, guiding his han
abel-mizraim	1	abel-mizraim (1.00), atad (0.67), floor (0.09), grievous (0.04)	Gênesis 50:11 — And when the inhabitants of the land, the Canaanites, saw the mourning in the floor of Atad, they said, This is a grievous mourning to the Egyptians: 
litígio	1	grievance (1.00), spoiling (0.33), contention (0.05), strife (0.04)	Habacuque 1:3 — Why dost thou shew me iniquity, and cause me to behold grievance? for spoiling and violence are before me: and there are that raise up strife and cont
distorcida	1	slacked (1.00), proceedeth (0.12), wrong (0.05), compass (0.04)	Habacuque 1:4 — Therefore the law is slacked, and judgment doth never go forth: for the wicked doth compass about the righteous; therefore wrong judgment proceedeth.
perspicazes	1	leopards (0.67), swifter (0.25), hasteth (0.20), wolves (0.18)	Habacuque 1:8 — Their horses also are swifter than the leopards, and are more fierce than the evening wolves: and their horsemen shall spread themselves, and their ho
madeiramento	1	beam (0.11), timber (0.06), answer (0.01), wall (0.01)	Habacuque 2:11 — For the stone shall cry out of the wall, and the beam out of the timber shall answer it.
sigionote	1	shigionoth (1.00), habakkuk (0.67), prayer (0.01), prophet (0.01)	Habacuque 3:1 — A prayer of Habakkuk the prophet upon Shigionoth.
cusã	1	cushan (1.00), curtains (0.07), midian (0.05), tremble (0.03)	Habacuque 3:7 — I saw the tents of Cushan in affliction: and the curtains of the land of Midian did tremble.
cantor-mor	1	singer (0.67), hinds' (0.50), stringed (0.50), instruments (0.04)	Habacuque 3:19 — The LORD God is my strength, and he will make my feet like hinds' feet, and he will make me to walk upon mine high places. To the chief singer on my s
apaineladas	1	cieled (0.40), waste (0.02), houses (0.01), lie (0.01)	Ageu 1:4 — Is it time for you, O ye, to dwell in your cieled houses, and this house lie waste?
constituiste	1	crownedst (1.00), madest (0.15), lower (0.08), didst (0.02)	Hebreus 2:7 — Thou madest him a little lower than the angels; thou crownedst him with glory and honour, and didst set him over the works of thy hands:
imutabilidade	1	immutability (1.00), confirmed (0.09), heirs (0.09), abundantly (0.04)	Hebreus 6:17 — Wherein God, willing more abundantly to shew unto the heirs of promise the immutability of his counsel, confirmed it by an oath:
prevaricações	1	unrighteousness (0.06), merciful (0.02), iniquities (0.01), remember (0.01)	Hebreus 8:12 — For I will be merciful to their unrighteousness, and their sins and their iniquities will I remember no more.
ministrantes	1	worshippers (0.29), purged (0.13), conscience (0.05), ceased (0.04)	Hebreus 10:2 — For then would they not have ceased to be offered? because that the worshippers once purged should have had no more conscience of sins.
transladação	1	translation (0.11), translated (0.09), enoch (0.03), pleased (0.02)	Hebreus 11:5 — By faith Enoch was translated that he should not see death; and was not found, because God had translated him: for before his translation he had this 
galardoador	1	rewarder (1.00), impossible (0.09), please (0.04), diligently (0.02)	Hebreus 11:6 — But without faith it is impossible to please him: for he that cometh to God must believe that he is, and that he is a rewarder of them that diligently
dissidente	1	dissenter (1.00), pitch (0.06), descendant (0.05), large (0.04)	Helamã 1:15 — And they came down again that they might pitch battle against the Nephites. And they were led by a man whose name was Coriantumr; and he was a descend
tubalote	1	tubaloth (1.00), sending (0.11), ammoron (0.10), supposing (0.09)	Helamã 1:16 — Therefore, the king of the Lamanites, whose name was Tubaloth, who was the son of Ammoron, supposing that Coriantumr, being a mighty man, could stand 
fronteiriças	1	center (0.15), attack (0.14), moronihah (0.11), supposed (0.05)	Helamã 1:26 — For behold, Moronihah had supposed that the Lamanites durst not come into the center of the land, but that they would attack the cities round about in
sangrento	1	retreat (0.15), moronihah (0.11), bloody (0.11), coriantumr (0.03)	Helamã 1:30 — And it came to pass that Moronihah did head them in their retreat, and did give unto them battle, insomuch that it became an exceedingly bloody battle
forjados	1	disguise (0.29), plans (0.14), band (0.04), helaman (0.03)	Helamã 2:6 — And it came to pass as he went forth towards the judgment– seat to destroy Helaman, behold  one of the servants of Helaman, having been out by night, 
marítimas	1	robbings (0.67), shipping (0.50), plundering (0.33), hundredth (0.20)	Helamã 3:14 — But behold, a hundredth part of the proceedings of this people, yea, the account of the Lamanites and of the Nephites, and their wars, and contentions
imediações	1	convincing (0.17), convinced (0.11), traditions (0.06), astonishment (0.05)	Helamã 5:19 — Therefore they did speak unto the great astonishment of the Lamanites, to the convincing them, insomuch that there were eight thousand of the Lamanite
imobilizados	1	overshadow (0.50), immovable (0.29), cloud (0.02), flee (0.01)	Helamã 5:34 — And it came to pass that the Lamanites could not flee because of the cloud of darkness which did overshadow them; yea, and also they were immovable be
intercâmbio	1	intercourse (1.00), sell (0.04), whithersoever (0.04), buy (0.03)	Helamã 6:8 — And it came to pass that the Lamanites did also go whithersoever they would, whether it were among the Lamanites or among the Nephites; and thus they 
tenebrosas	1	gadianton (0.07), murder (0.04), carry (0.02), still (0.01)	Helamã 6:29 — Yea, it is that same being who put it into the heart of Gadianton to still carry on the work of darkness, and of secret murder; and he has brought it 
ezias	1	ezias (1.00), zenock (0.33), isaiah (0.03), prophecy (0.03)	Helamã 8:20 — And behold, also Zenock, and also Ezias, and also Isaiah, and Jeremiah, (Jeremiah being that same prophet who testified of the destruction of Jerusale
cúmplice	1	confederate (0.33), agreement (0.22), acknowledge (0.08), fault (0.08)	Helamã 9:20 — Saying unto him: Thou art confederate; who is this man that hath done this murder? Now tell us, and acknowledge thy fault; saying, Behold here is mone
seântum	1	seantum (1.00), seezoram (0.50), brother (0.00), say (0.00)	Helamã 9:26 — Behold I say unto you: Go to the house of Seantum, who is the brother of Seezoram, and say unto him—
palidez	1	paleness (0.67), guilty (0.05), fear (0.00), art (0.00)	Helamã 9:34 — And then shall ye say: Because of this fear and this paleness which has come upon your face, behold, we know that thou art guilty.
soterrada	1	raised (0.02), buried (0.02), mountain (0.01), fall (0.01)	Helamã 12:17 — Behold, if he say unto this mountain—Be thou raised up, and come over and fall upon that city, that it be buried up—behold it is done.
infindável	1	consigned (0.20), damnation (0.09), endless (0.06), fulfilling (0.06)	Helamã 12:26 — Yea, who shall be consigned to a state of endless misery, fulfilling the words which say: They that have done good shall have everlasting life; and th
vesti-lo-eis	1	costly (0.13), flattering (0.11), fault (0.08), clothe (0.07)	Helamã 13:28 — Yea, ye will lift him up, and ye will give unto him of your substance; ye will give unto him of your gold, and of your silver, and ye will clothe him 
operantes	1	condition (0.29), repenteth (0.06), hewn (0.05), pertaining (0.04)	Helamã 14:18 — Yea, and it bringeth to pass the condition of repentance, that whosoever repenteth the same is not hewn down and cast into the fire; but  whosoever re
inquebrantáveis	1	steadfast (0.20), firm (0.07), free (0.02), wherewith (0.01)	Helamã 15:8 — Therefore, as many as have come to this, ye know of yourselves are firm and steadfast in the faith, and in the thing wherewith they have been made fre
gômer	1	diblaim (1.00), gomer (0.29), conceived (0.04), bare (0.01)	Oseias 1:3 — So he went and took Gomer the daughter of Diblaim; which conceived, and bare him a son.
diblaim	1	diblaim (1.00), gomer (0.29), conceived (0.04), bare (0.01)	Oseias 1:3 — So he went and took Gomer the daughter of Diblaim; which conceived, and bare him a son.
terafim	1	teraphim (0.29), ephod (0.05), image (0.02), prince (0.02)	Oseias 3:4 — For the children of Israel shall abide many days without a king, and without a prince, and without a sacrifice, and without an image, and without an e
revoltosos	1	rebuker (1.00), revolters (0.50), profound (0.50), slaughter (0.03)	Oseias 5:2 — And the revolters are profound to make slaughter, though I have been a rebuker of them all.
ilegítimos	1	portions (0.11), treacherously (0.10), dealt (0.03), begotten (0.03)	Oseias 5:7 — They have dealt treacherously against the LORD: for they have begotten strange children: now shall a month devour them with their portions.
persegui-lo-á	1	pursue (0.04), enemy (0.01), off (0.00), thing (0.00)	Oseias 8:3 — Israel hath cast off the thing that is good: the enemy shall pursue him.
peçonhenta	1	hemlock (0.67), springeth (0.40), swearing (0.29), furrows (0.22)	Oseias 10:4 — They have spoken words, swearing falsely in making a covenant: thus judgment springeth up as hemlock in the furrows of the field.
áven	1	aven (0.50), thistle (0.40), thorn (0.25), altars (0.04)	Oseias 10:8 — The high places also of Aven, the sin of Israel, shall be destroyed: the thorn and the thistle shall come up on their altars; and they shall say to th
salmã	1	shalman (1.00), beth-arbel (1.00), fortresses (0.67), dashed (0.25)	Oseias 10:14 — Therefore shall a tumult arise among thy people, and all thy fortresses shall be spoiled, as Shalman spoiled Beth-arbel in the day of battle: the moth
bete-arbel	1	shalman (1.00), beth-arbel (1.00), fortresses (0.67), dashed (0.25)	Oseias 10:14 — Therefore shall a tumult arise among thy people, and all thy fortresses shall be spoiled, as Shalman spoiled Beth-arbel in the day of battle: the moth
conver-tei-vos	1	graciously (0.40), calves (0.09), render (0.05), lips (0.02)	Oseias 14:2 — Take with you words, and turn to the LORD: say unto him, Take away all iniquity, and receive us graciously: so will we render the calves of our lips.
sabio	1	transgressors (0.08), prudent (0.06), understand (0.01), just (0.01)	Oseias 14:9 — Who is wise, and he shall understand these things? prudent, and he shall know them? for the ways of the LORD are right, and the just shall walk in the
vendadas	1	putrifying (1.00), mollified (1.00), bruises (0.67), soundness (0.40)	Isaías 1:6 — From the sole of the foot even unto the head there is no soundness in it; but wounds, and bruises, and putrifying sores: they have not been closed, ne
amolecida	1	putrifying (1.00), mollified (1.00), bruises (0.67), soundness (0.40)	Isaías 1:6 — From the sole of the foot even unto the head there is no soundness in it; but wounds, and bruises, and putrifying sores: they have not been closed, ne
subversão	1	overthrown (0.12), devour (0.03), strangers (0.02), burned (0.02)	Isaías 1:7 — Your country is desolate, your cities are burned with fire: your land, strangers devour it in your presence, and it is desolate, as overthrown by stra
enxadões	1	plowshares (0.50), pruninghooks (0.40), spears (0.11), rebuke (0.04)	Isaías 2:4 — And he shall judge among the nations, and shall rebuke many people: and they shall beat their swords into plowshares, and their spears into pruninghoo
atreverá	1	behave (0.25), proudly (0.18), base (0.11), honourable (0.06)	Isaías 3:5 — And the people shall be oppressed, every one by another, and every one by his neighbour: the child shall behave himself proudly against the ancient, a
encrespadura	1	stomacher (0.67), girding (0.50), baldness (0.18), stink (0.15)	Isaías 3:24 — And it shall come to pass, that instead of sweet smell there shall be stink; and instead of a girdle a rent; and instead of well set hair baldness; an
cingimento	1	stomacher (0.67), girding (0.50), baldness (0.18), stink (0.15)	Isaías 3:24 — And it shall come to pass, that instead of sweet smell there shall be stink; and instead of a girdle a rent; and instead of well set hair baldness; an
cordame	1	rope (0.67), cart (0.15), cords (0.05), vanity (0.02)	Isaías 5:18 — Woe unto them that draw iniquity with cords of vanity, and sin as it were with a cart rope:
tropeçante	1	latchet (0.29), slumber (0.14), shoes (0.08), stumble (0.07)	Isaías 5:27 — None shall be weary nor stumble among them; none shall slumber nor sleep; neither shall the girdle of their loins be loosed, nor the latchet of their 
entesados	1	horses' (0.50), hoofs (0.22), flint (0.22), bent (0.17)	Isaías 5:28 — Whose arrows are sharp, and all their bows bent, their horses' hoofs shall be counted like flint, and their wheels like a whirlwind:
tições	1	fainthearted (0.50), firebrands (0.40), tails (0.33), smoking (0.29)	Isaías 7:4 — And say unto him, Take heed, and be quiet; fear not, neither be fainthearted for the two tails of these smoking firebrands, for the fierce anger of Re
ardósia	1	maher-shalal-hash-baz (0.67), pen (0.22), roll (0.06), man's (0.02)	Isaías 8:1 — Moreover the LORD said unto me, Take thee a great roll, and write in it with a man's pen concerning Maher-shalal-hash-baz.
maer-salal-has-baz	1	maher-shalal-hash-baz (0.67), prophetess (0.20), conceived (0.04), bare (0.01)	Isaías 8:3 — And I went unto the prophetess; and she conceived, and bare a son. Then said the LORD to me, Call his name Maher-shalal-hash-baz.
entenebrecida	1	dimness (0.40), grievously (0.22), lightly (0.14), vexation (0.12)	Isaías 9:1 — Nevertheless the dimness shall not be such as was in her vexation, when at the first he lightly afflicted the land of Zebulun and the land of Naphtali
arfade	1	calno (0.67), carchemish (0.40), arpad (0.33), hamath (0.06)	Isaías 10:9 — Is not Calno as Carchemish? is not Hamath as Arpad? is not Samaria as Damascus?
pô-la-ei	1	besom (0.67), bittern (0.40), sweep (0.29), pools (0.25)	Isaías 14:23 — I will also make it a possession for the bittern, and pools of water: and I will sweep it with the besom of destruction, saith the LORD of hosts.
apavorada	1	palestina (0.33), dissolved (0.18), howl (0.06), smoke (0.04)	Isaías 14:31 — Howl, O gate; cry, O city; thou, whole Palestina, art dissolved: for there shall come from the north a smoke, and none shall be alone in his appointed
bajite	1	bajith (1.00), medeba (0.33), dibon (0.20), baldness (0.18)	Isaías 15:2 — He is gone up to Bajith, and to Dibon, the high places, to weep: Moab shall howl over Nebo, and over Medeba: on all their heads shall be baldness, and
eglaim	1	eglaim (1.00), beer-elim (1.00), howling (0.22), borders (0.02)	Isaías 15:8 — For the cry is gone round about the borders of Moab; the howling thereof unto Eglaim, and the howling thereof unto Beer-elim.
beer-elim	1	eglaim (1.00), beer-elim (1.00), howling (0.22), borders (0.02)	Isaías 15:8 — For the cry is gone round about the borders of Moab; the howling thereof unto Eglaim, and the howling thereof unto Beer-elim.
atropeladores	1	extortioner (0.50), outcasts (0.22), spoiler (0.22), covert (0.18)	Isaías 16:4 — Let mine outcasts dwell with thee, Moab; be thou a covert to them from the face of the spoiler: for the extortioner is at an end, the spoiler ceaseth,
atenuada	1	thin (0.20), lean (0.17), fatness (0.10), wax (0.03)	Isaías 17:4 — And in that day it shall come to pass, that the glory of Jacob shall be made thin, and the fatness of his flesh shall wax lean.
podadeira	1	sprigs (0.67), pruning (0.67), sour (0.33), ripening (0.29)	Isaías 18:5 — For afore the harvest, when the bud is perfect, and the sour grape is ripening in the flower, he shall both cut off the sprigs with pruning hooks, and
sargom	1	sargon (1.00), tartan (0.67), ashdod (0.11), fought (0.02)	Isaías 20:1 — In the year that Tartan came unto Ashdod, (when Sargon the king of Assyria sent him,) and fought against Ashdod, and took it;
dedanim	1	dedanim (1.00), travelling (0.50), arabia (0.25), companies (0.09)	Isaías 21:13 — The burden upon Arabia. In the forest in Arabia shall ye lodge, O ye travelling companies of Dedanim.
turbulenta	1	stirs (1.00), joyous (0.33), tumultuous (0.25), battle (0.01)	Isaías 22:2 — Thou that art full of stirs, a tumultuous city, a joyous city: thy slain men are not slain with the sword, nor dead in battle.
atropelamento	1	perplexity (0.50), treading (0.33), breaking (0.10), crying (0.04)	Isaías 22:5 — For it is a day of trouble, and of treading down, and of perplexity by the Lord GOD of hosts in the valley of vision, breaking down the walls, and of 
reservatório	1	fashioned (0.25), ditch (0.20), ago (0.14), pool (0.09)	Isaías 22:11 — Ye made also a ditch between the two walls for the water of the old pool: but ye have not looked unto the maker thereof, neither had respect unto him 
vesti-lo-ei	1	clothe (0.07), robe (0.06), government (0.05), girdle (0.05)	Isaías 22:21 — And I will clothe him with thy robe, and strengthen him with thy girdle, and I will commit thy government into his hand: and he shall be a father to t
cingi-lo-ei	1	clothe (0.07), robe (0.06), government (0.05), girdle (0.05)	Isaías 22:21 — And I will clothe him with thy robe, and strengthen him with thy girdle, and I will commit thy government into his hand: and he shall be a father to t
trespassam	1	transgressed (0.05), ordinance (0.05), changed (0.04), defiled (0.03)	Isaías 24:5 — The earth also is defiled under the inhabitants thereof; because they have transgressed the laws, changed the ordinance, broken the everlasting covena
perfídia	1	dealers (1.00), leanness (0.33), treacherous (0.22), treacherously (0.10)	Isaías 24:16 — From the uttermost part of the earth have we heard songs, even glory to the righteous. But I said, My leanness, my leanness, woe unto me! the treacher
impiedosas	1	glorify (0.06), terrible (0.02), strong (0.01), nations (0.00)	Isaías 25:3 — Therefore shall the strong people glorify thee, the city of the terrible nations shall fear thee.
tutanos	1	wines (1.00), lees (0.40), refined (0.22), marrow (0.17)	Isaías 25:6 — And in this mountain shall the LORD of hosts make unto all people a feast of fat things, a feast of wines on the lees, of fat things full of marrow, o
aturdidos	1	fading (0.67), drunkards (0.29), flower (0.11), valleys (0.06)	Isaías 28:1 — Woe to the crown of pride, to the drunkards of Ephraim, whose glorious beauty is a fading flower, which are on the head of the fat valleys of them tha
temporão	1	fading (0.67), hasty (0.20), flower (0.11), summer (0.06)	Isaías 28:4 — And the glorious beauty, which is on the head of the fat valley, shall be a fading flower, and as the hasty fruit before the summer; which when he tha
gago	1	stammering (0.67), lips (0.02), tongue (0.01), another (0.00)	Isaías 28:11 — For with stammering lips and another tongue will he speak to this people.
perazim	1	perazim (1.00), gibeon (0.06), act (0.06), wroth (0.03)	Isaías 28:21 — For the LORD shall rise up as in mount Perazim, he shall be wroth as in the valley of Gibeon, that he may do his work, his strange work; and bring to 
hanes	1	hanes (1.00), zoan (0.25), ambassadors (0.22), princes (0.01)	Isaías 30:4 — For his princes were at Zoan, and his ambassadors came to Hanes.
abaixamento	1	lighting (0.67), scattering (0.40), hailstones (0.33), devouring (0.20)	Isaías 30:30 — And the LORD shall cause his glorious voice to be heard, and shall shew the lighting down of his arm, with the indignation of his anger, and with the 
imprudentes	1	stammerers (1.00), rash (0.50), plainly (0.06), ready (0.02)	Isaías 32:4 — The heart also of the rash shall understand knowledge, and the tongue of the stammerers shall be ready to speak plainly.
gagos	1	stammerers (1.00), rash (0.50), plainly (0.06), ready (0.02)	Isaías 32:4 — The heart also of the rash shall understand knowledge, and the tongue of the stammerers shall be ready to speak plainly.
frutuosas	1	teats (0.50), lament (0.09), fruitful (0.05), vine (0.03)	Isaías 32:12 — They shall lament for the teats, for the pleasant fields, for the fruitful vine.
engordurada	1	idumea (0.33), bozrah (0.20), kidneys (0.14), fatness (0.10)	Isaías 34:6 — The sword of the LORD is filled with blood, it is made fat with fatness, and with the blood of lambs and goats, with the fat of the kidneys of rams: f
hienas	1	satyr (1.00), screech (1.00), owl (0.22), island (0.20)	Isaías 34:14 — The wild beasts of the desert shall also meet with the wild beasts of the island, and the satyr shall cry to his fellow; the screech owl also shall re
siríaco	1	shebna (0.20), joah (0.18), syrian (0.18), eliakim (0.13)	Isaías 36:11 — Then said Eliakim and Shebna and Joah unto Rabshakeh, Speak, I pray thee, unto thy servants in the Syrian language; for we understand it: and speak no
rezefe	1	telassar (1.00), rezeph (0.67), gozan (0.33), haran (0.08)	Isaías 37:12 — Have the gods of the nations delivered them which my fathers have destroyed, as Gozan, and Haran, and Rezeph, and the children of Eden which were in T
capim	1	blasted (0.29), housetops (0.20), grown (0.08), dismayed (0.07)	Isaías 37:27 — Therefore their inhabitants were of small power, they were dismayed and confounded: they were as the grass of the field, and as the green herb, as the
merodaque-baladã	1	merodach-baladan (1.00), baladan (0.67), recovered (0.13), letters (0.06)	Isaías 39:1 — At that time Merodach-baladan, the son of Baladan, king of Babylon, sent letters and a present to Hezekiah: for he had heard that he had been sick, an
soldadura	1	smootheth (1.00), anvil (1.00), sodering (1.00), carpenter (0.50)	Isaías 41:7 — So the carpenter encouraged the goldsmith, and he that smootheth with the hammer him that smote the anvil, saying, It is ready for the sodering: and h
vô-las	1	spring (0.06), former (0.03), new (0.01), declare (0.01)	Isaías 42:9 — Behold, the former things are come to pass, and new things do I declare: before they spring forth I tell you of them.
atiguidade	1	knewest (0.15), transgressor (0.14), heardest (0.13), treacherously (0.10)	Isaías 48:8 — Yea, thou heardest not; yea, thou knewest not; yea, from that time that thine ear was not opened: for I knew that thou wouldest deal very treacherousl
pôr-lhes-ei	1	blackness (0.17), clothe (0.07), sackcloth (0.04), covering (0.04)	Isaías 50:3 — I clothe the heavens with blackness, and I make sackcloth their covering.
erudita	1	wakeneth (1.00), learned (0.05), weary (0.03), season (0.02)	Isaías 50:4 — The Lord GOD hath given me the tongue of the learned, that I should know how to speak a word in season to him that is weary: he wakeneth morning by mo
pisaduras	1	chastisement (0.20), bruised (0.18), stripes (0.11), wounded (0.04)	Isaías 53:5 — But he was wounded for our transgressions, he was bruised for our iniquities: the chastisement of our peace was upon him; and with his stripes we are 
gulosos	1	greedy (0.29), quarter (0.13), dogs (0.07), shepherds (0.06)	Isaías 56:11 — Yea, they are greedy dogs which can never have enough, and they are shepherds that cannot understand: they all look to their own way, every one for hi
agoureira	1	sorceress (1.00), adulterer (0.50), whore (0.08), draw (0.02)	Isaías 57:3 — But draw near hither, ye sons of the sorceress, the seed of the adulterer and the whore.
passatempo	1	sport (0.33), falsehood (0.12), wide (0.09), draw (0.02)	Isaías 57:4 — Against whom do ye sport yourselves? against whom make ye a wide mouth, and draw out the tongue? are ye not children of transgression, a seed of false
intercessor	1	intercessor (1.00), sustained (0.33), wondered (0.10), arm (0.02)	Isaías 59:16 — And he saw that there was no man, and wondered that there was no intercessor: therefore his arm brought salvation unto him; and his righteousness, it 
radiante	1	enlarged (0.11), flow (0.09), forces (0.07), converted (0.05)	Isaías 60:5 — Then thou shalt see, and flow together, and thine heart shall fear, and be enlarged; because the abundance of the sea shall be converted unto thee, th
exatores	1	exactors (1.00), officers (0.03), iron (0.02), wood (0.01)	Isaías 60:17 — For brass I will bring gold, and for iron I will bring silver, and for wood brass, and for stones iron: I will also make thy officers peace, and thine
meni	1	furnish (0.40), troop (0.14), forget (0.03), table (0.03)	Isaías 65:11 — But ye are they that forsake the LORD, that forget my holy mountain, that prepare a table for that troop, and that furnish the drink offering unto tha
memorativo	1	dog's (0.67), swine's (0.40), sacrificeth (0.33), idol (0.13)	Isaías 66:3 — He that killeth an ox is as if he slew a man; he that sacrificeth a lamb, as if he cut off a dog's neck; he that offereth an oblation, as if he offere
liteiras	1	litters (1.00), mules (0.15), swift (0.08), vessel (0.04)	Isaías 66:20 — And they shall bring all your brethren for an offering unto the LORD out of all nations upon horses, and in chariots, and in litters, and upon mules, 
desdém	1	hoping (0.40), thankful (0.29), contempt (0.15), engraven (0.06)	Jacó 4:3 — Now in this thing we do rejoice; and we labor diligently to engraven these words upon plates, hoping that our beloved brethren and our children will r
enxertemo-los	1	nethermost (0.29), graft (0.18), pluck (0.05), natural (0.04)	Jacó 5:52 — Wherefore, let us take of the branches of these which I have planted in the nethermost parts of my vineyard, and let us graft them into the tree from 
eloquência	1	flattery (0.33), learned (0.05), speech (0.03), use (0.03)	Jacó 7:4 — And he was learned, that he had a perfect knowledge of the language of the people; wherefore, he could use much flattery, and much power of speech, ac
superfluidade	1	superfluity (1.00), engrafted (1.00), naughtiness (0.50), apart (0.07)	Tiago 1:21 — Wherefore lay apart all filthiness and superfluity of naughtiness, and receive with meekness the engrafted word, which is able to save your souls.
sórdida	1	ring (0.18), vile (0.10), goodly (0.05), apparel (0.05)	Tiago 2:2 — For if there come unto your assembly a man with a gold ring, in goodly apparel, and there come in also a poor man in vile raiment;
presunções	1	boastings (0.50), rejoicing (0.04), rejoice (0.01), such (0.01)	Tiago 4:16 — But now ye rejoice in your boastings: all such rejoicing is evil.
acostumada	1	snuffeth (1.00), occasion (0.07), used (0.06), weary (0.03)	Jeremias 2:24 — A wild ass used to the wilderness, that snuffeth up the wind at her pleasure; in her occasion who can turn her away? all they that seek her will not w
ramada	1	thicket (0.50), destroyer (0.18), inhabitant (0.06), waste (0.02)	Jeremias 4:7 — The lion is come up from his thicket, and the destroyer of the Gentiles is on his way; he is gone forth from his place to make thy land desolate; and 
ofegante	1	bewaileth (1.00), spreadeth (0.13), wearied (0.13), murderers (0.10)	Jeremias 4:31 — For I have heard a voice as of a woman in travail, and the anguish as of her that bringeth forth her first child, the voice of the daughter of Zion, t
robusta	1	understandest (0.40), ancient (0.04), language (0.03), knowest (0.02)	Jeremias 5:15 — Lo, I will bring a nation upon you from far, O house of Israel, saith the LORD: it is a mighty nation, it is an ancient nation, a nation whose languag
basiliscos	1	cockatrices (1.00), charmed (0.67), bite (0.25), serpents (0.09)	Jeremias 8:17 — For, behold, I will send serpents, cockatrices, among you, which will not be charmed, and they shall bite you, saith the LORD.
carpideiras	1	cunning (0.04), mourning (0.03), consider (0.02), women (0.01)	Jeremias 9:17 — Thus saith the LORD of hosts, Consider ye, and call for the mourning women, that they may come; and send for cunning women, that they may come:
espantalho	1	palm (0.06), borne (0.05), upright (0.03), needs (0.02)	Jeremias 10:5 — They are upright as the palm tree, but speak not: they must needs be borne, because they cannot go. Be not afraid of them; for they cannot do evil, ne
impudência	1	shameful (0.67), altars (0.04), baal (0.04), streets (0.03)	Jeremias 11:13 — For according to the number of thy cities were thy gods, O Judah; and according to the number of the streets of Jerusalem have ye set up altars to tha
rebeldias	1	backslidings (0.40), name's (0.06), testify (0.03), sinned (0.02)	Jeremias 14:7 — O LORD, though our iniquities testify against us, do thou it for thy name's sake: for our backslidings are many; we have sinned against thee.
viandante	1	wayfaring (0.29), turneth (0.06), saviour (0.05), shouldest (0.03)	Jeremias 14:8 — O the hope of Israel, the saviour thereof in time of trouble, why shouldest thou be as a stranger in the land, and as a wayfaring man that turneth asi
ti,e	1	—	Jeremias 15:6 — Thou hast forsaken me, saith the LORD, thou art gone backward: therefore will I stretch out my hand against thee, and destroy thee; I am weary with re
padejá-los-ei	1	bereave (0.29), fan (0.25), since (0.02), gates (0.01)	Jeremias 15:7 — And I will fan them with a fan in the gates of the land; I will bereave them of children, I will destroy my people, since they return not from their w
inabitável	1	heath (0.67), parched (0.20), inhabit (0.17), salt (0.05)	Jeremias 17:6 — For he shall be like the heath in the desert, and shall not see when good cometh; but shall inhabit the parched places in the wilderness, in a salt la
ludíbrio	1	derision (0.12), violence (0.03), daily (0.03), reproach (0.02)	Jeremias 20:8 — For since I spake, I cried out, I cried violence and spoil; because the word of the LORD was made a reproach unto me, and a derision, daily.
zefanias	1	melchiah (1.00), zephaniah (0.18), pashur (0.15), maaseiah (0.08)	Jeremias 21:1 — The word which came unto Jeremiah from the LORD, when king Zedekiah sent unto him Pashur the son of Melchiah, and Zephaniah the son of Maaseiah the pr
maaseia	1	melchiah (1.00), zephaniah (0.18), pashur (0.15), maaseiah (0.08)	Jeremias 21:1 — The word which came unto Jeremiah from the LORD, when king Zedekiah sent unto him Pashur the son of Melchiah, and Zephaniah the son of Maaseiah the pr
desabitadas	1	inhabited (0.05), lebanon (0.03), gilead (0.02), king's (0.01)	Jeremias 22:6 — For thus saith the LORD unto the king's house of Judah; Thou art Gilead unto me, and the head of Lebanon: yet surely I will make thee a wilderness, an
forrada	1	vermilion (0.67), painted (0.50), cieled (0.40), cutteth (0.25)	Jeremias 22:14 — That saith, I will build me a wide house and large chambers, and cutteth him out windows; and it is cieled with cedar, and painted with vermilion.
vermelhão	1	vermilion (0.67), painted (0.50), cieled (0.40), cutteth (0.25)	Jeremias 22:14 — That saith, I will build me a wide house and large chambers, and cutteth him out windows; and it is cieled with cedar, and painted with vermilion.
servi-lo-ão	1	nebuchadnezzar (0.03), yoke (0.03), neck (0.03), iron (0.02)	Jeremias 28:14 — For thus saith the LORD of hosts, the God of Israel; I have put a yoke of iron upon the neck of all these nations, that they may serve Nebuchadnezzar 
persegui-los-ei	1	hissing (0.22), astonishment (0.05), persecute (0.05), pestilence (0.03)	Jeremias 29:18 — And I will persecute them with the sword, with the famine, and with the pestilence, and will deliver them to be removed to all the kingdoms of the ear
saná-la	1	medicines (0.67), healing (0.09), plead (0.04), mayest (0.02)	Jeremias 30:13 — There is none to plead thy cause, that thou mayest be bound up: thou hast no healing medicines.
goa	1	goath (1.00), gareb (0.50), measuring (0.18), line (0.06)	Jeremias 31:39 — And the measuring line shall yet go forth over against it upon the hill Gareb, and shall compass about to Goath.
despedi-lo-ás	1	inclined (0.13), hebrew (0.07), served (0.03), sold (0.02)	Jeremias 34:14 — At the end of seven years let ye go every man his brother an Hebrew, which hath been sold unto thee; and when he hath served thee six years, thou shal
habazinias	1	habaziniah (1.00), jaazaniah (0.40), rechabites (0.40), jeremiah (0.01)	Jeremias 35:3 — Then I took Jaazaniah the son of Jeremiah, the son of Habaziniah, and his brethren, and all his sons, and the whole house of the Rechabites;
jigdalias	1	igdaliah (1.00), hanan (0.15), keeper (0.08), maaseiah (0.08)	Jeremias 35:4 — And I brought them into the house of the LORD, into the chamber of the sons of Hanan, the son of Igdaliah, a man of God, which was by the chamber of t
hameleque	1	abdeel (1.00), hammelech (0.67), azriel (0.50), jerahmeel (0.22)	Jeremias 36:26 — But the king commanded Jerahmeel the son of Hammelech, and Seraiah the son of Azriel, and Shelemiah the son of Abdeel, to take Baruch the scribe and J
abdeel	1	abdeel (1.00), hammelech (0.67), azriel (0.50), jerahmeel (0.22)	Jeremias 36:26 — But the king commanded Jerahmeel the son of Hammelech, and Seraiah the son of Azriel, and Shelemiah the son of Abdeel, to take Baruch the scribe and J
sangar-nebo	1	samgar-nebo (1.00), sarsechim (1.00), nergal-sharezer (0.67), rab-saris (0.67)	Jeremias 39:3 — And all the princes of the king of Babylon came in, and sat in the middle gate, even Nergal-sharezer, Samgar-nebo, Sarsechim, Rab-saris, Nergal-sharez
sarsequim	1	samgar-nebo (1.00), sarsechim (1.00), nergal-sharezer (0.67), rab-saris (0.67)	Jeremias 39:3 — And all the princes of the king of Babylon came in, and sat in the middle gate, even Nergal-sharezer, Samgar-nebo, Sarsechim, Rab-saris, Nergal-sharez
nebusazbã	1	nebushasban (1.00), rab-saris (0.67), nergal-sharezer (0.67), rab-mag (0.67)	Jeremias 39:13 — So Nebuzar-adan the captain of the guard sent, and Nebushasban, Rab-saris, and Nergal-sharezer, Rab-mag, and all the king of Babylon's princes;
efai	1	ephai (1.00), tanhumeth (0.67), jezaniah (0.67), maachathite (0.40)	Jeremias 40:8 — Then they came to Gedaliah to Mizpah, even Ishmael the son of Nethaniah, and Johanan and Jonathan the sons of Kareah, and Seraiah the son of Tanhumeth
baalis	1	baalis (1.00), nethaniah (0.10), ahikam (0.10), ammonites (0.08)	Jeremias 40:14 — And said unto him, Dost thou certainly know that Baalis the king of the Ammonites hath sent Ishmael the son of Nethaniah to slay thee? But Gedaliah th
retalhando-se	1	beards (0.40), shaven (0.22), shiloh (0.06), fourscore (0.06)	Jeremias 41:5 — That there came certain from Shechem, from Shiloh, and from Samaria, even fourscore men, having their beards shaven, and their clothes rent, and havin
gerute-quimã	1	chimham (0.40), beth-lehem (0.06), habitation (0.03), enter (0.01)	Jeremias 41:17 — And they departed, and dwelt in the habitation of Chimham, which is by Beth-lehem, to go to enter into Egypt,
hofra	1	pharaoh-hophra (1.00), nebuchadrezzar (0.06), zedekiah (0.03), enemy (0.01)	Jeremias 44:30 — Thus saith the LORD; Behold, I will give Pharaoh-hophra king of Egypt into the hand of his enemies, and into the hand of them that seek his life; as I
lídios	1	lydians (1.00), libyans (0.67), bend (0.22), ethiopians (0.15)	Jeremias 46:9 — Come up, ye horses; and rage, ye chariots; and let the mighty men come forth; the Ethiopians and the Libyans, that handle the shield; and the Lydians,
tebas	1	punish (0.05), trust (0.01), pharaoh (0.01), gods (0.01)	Jeremias 46:25 — The LORD of hosts, the God of Israel, saith; Behold, I will punish the multitude of No, and Pharaoh, and Egypt, with their gods, and their kings; even
retalharás	1	ashkelon (0.22), baldness (0.18), gaza (0.11), remnant (0.01)	Jeremias 47:5 — Baldness is come upon Gaza; Ashkelon is cut off with the remnant of their valley: how long wilt thou cut thyself?
misgabe	1	misgab (1.00), kiriathaim (0.40), nebo (0.14), dismayed (0.07)	Jeremias 48:1 — Against Moab thus saith the LORD of hosts, the God of Israel; Woe unto Nebo! for it is spoiled: Kiriathaim is confounded and taken: Misgab is confound
madmém	1	madmen (1.00), devised (0.13), heshbon (0.05), pursue (0.04)	Jeremias 48:2 — There shall be no more praise of Moab: in Heshbon they have devised evil against it; come, and let us cut it off from being a nation. Also thou shalt 
bete-diblataim	1	beth-diblathaim (1.00), dibon (0.20), nebo (0.14)	Jeremias 48:22 — And upon Dibon, and upon Nebo, and upon Beth-diblathaim,
bete-gamul	1	beth-gamul (1.00), beth-meon (1.00), kiriathaim (0.40)	Jeremias 48:23 — And upon Kiriathaim, and upon Beth-gamul, and upon Beth-meon,
bete-meom	1	beth-gamul (1.00), beth-meon (1.00), kiriathaim (0.40)	Jeremias 48:23 — And upon Kiriathaim, and upon Beth-gamul, and upon Beth-meon,
terribilidade	1	terribleness (0.50), clefts (0.29), holdest (0.29), nest (0.12)	Jeremias 49:16 — Thy terribleness hath deceived thee, and the pride of thine heart, O thou that dwellest in the clefts of the rock, that holdest the height of the hill
merodaque	1	merodach (1.00), bel (0.50), conceal (0.29), publish (0.08)	Jeremias 50:2 — Declare ye among the nations, and publish, and set up a standard; publish, and conceal not: say, Babylon is taken, Bel is confounded, Merodach is brok
merataim	1	merathaim (1.00), pekod (0.67), waste (0.02), utterly (0.02)	Jeremias 50:21 — Go up against the land of Merathaim, even against it, and against the inhabitants of Pekod: waste and utterly destroy after them, saith the LORD, and 
padejadores	1	fanners (1.00), fan (0.25), empty (0.05), trouble (0.02)	Jeremias 51:2 — And will send unto Babylon fanners, that shall fan her, and shall empty her land: for in the day of trouble they shall be against her round about.
mini	1	minni (1.00), ararat (0.67), ashchenaz (0.67), caterpillers (0.40)	Jeremias 51:27 — Set ye up a standard in the land, blow the trumpet among the nations, prepare the nations against her, call together against her the kingdoms of Arara
camareiro-mor	1	neriah (0.18), seraiah (0.11), maaseiah (0.08), quiet (0.06)	Jeremias 51:59 — The word which Jeremiah the prophet commanded Seraiah the son of Neriah, the son of Maaseiah, when he went with Zedekiah the king of Judah into Babylo
afundada	1	sink (0.22), weary (0.03), jeremiah (0.01), rise (0.01)	Jeremias 51:64 — And thou shalt say, Thus shall Babylon sink, and shall not rise from the evil that I will bring upon her: and they shall be weary. Thus far are the wo
galhetas	1	caldrons (0.50), firepans (0.40), cups (0.29), candlesticks (0.18)	Jeremias 52:19 — And the basons, and the firepans, and the bowls, and the caldrons, and the candlesticks, and the spoons, and the cups; that which was of gold in gold,
desfalecentes	1	upholden (0.67), feeble (0.09), falling (0.07), knees (0.06)	Jó 4:4 — Thy words have upholden him that was falling, and thou hast strengthened the feeble knees.
enlutados	1	safety (0.05), low (0.03), mourn (0.03), exalted (0.03)	Jó 5:11 — To set up on high those that be low; that those which mourn may be exalted to safety.
gretada	1	clods (0.29), loathsome (0.25), worms (0.18), skin (0.03)	Jó 7:5 — My flesh is clothed with worms and clods of dust; my skin is broken, and become loathsome.
lançadeira	1	shuttle (1.00), weaver's (0.33), swifter (0.25), spent (0.07)	Jó 7:6 — My days are swifter than a weaver's shuttle, and are spent without hope.
estrangulação	1	strangling (1.00), chooseth (0.50), rather (0.02), death (0.00)	Jó 7:15 — So that my soul chooseth strangling, and death rather than my life.
papiro	1	flag (1.00), rush (0.29), mire (0.12), grow (0.03)	Jó 8:11 — Can the rush grow up without mire? can the flag grow without water?
pedregal	1	wrapped (0.13), roots (0.06), heap (0.06), seeth (0.03)	Jó 8:17 — His roots are wrapped about the heap, and seeth the place of stones.
jubilação	1	laughing (1.00), rejoicing (0.04), fill (0.03), lips (0.02)	Jó 8:21 — Till he fill thy mouth with laughing, and thy lips with rejoicing.
deprezo	1	despise (0.04), perfect (0.01), though (0.01), soul (0.00)	Jó 9:21 — Though I were perfect, yet would I not know my soul: I would despise my life.
veleiros	1	hasteth (0.20), eagle (0.08), swift (0.08), ships (0.05)	Jó 9:26 — They are passed away as the swift ships: as the eagle that hasteth to the prey.
panoaos	1	looseth (0.67), girdeth (0.40), bond (0.07), girdle (0.05)	Jó 12:18 — He looseth the bond of kings, and girdeth their loins with a girdle.
encanecidos	1	grayheaded (0.50), aged (0.13), elder (0.03), very (0.01)	Jó 15:10 — With us are both the grayheaded and very aged men, much elder than thy father.
mostrar-to-ei	1	declare (0.01), shew (0.01), seen (0.01), hear (0.00)	Jó 15:17 — I will shew thee, hear me; and that which I have seen I will declare;
orfãozinho	1	breast (0.10), pledge (0.09), pluck (0.05), fatherless (0.04)	Jó 24:9 — They pluck the fatherless from the breast, and take a pledge of the poor.
míngua	1	fleeing (0.33), solitary (0.22), want (0.05), former (0.03)	Jó 30:3 — For want and famine they were solitary; fleeing into the wilderness in former time desolate and waste.
malvas	1	mallows (1.00), bushes (0.40), juniper (0.40), roots (0.06)	Jó 30:4 — Who cut up mallows by the bushes, and juniper roots for their meat.
barrancos	1	clifts (0.67), caves (0.25), rocks (0.06), valleys (0.06)	Jó 30:6 — To dwell in the clifts of the valleys, in caves of the earth, and in the rocks.
gola	1	collar (1.00), bindeth (0.17), disease (0.13), coat (0.07)	Jó 30:18 — By the great force of my disease is my garment changed: it bindeth me about as the collar of my coat.
respiradouro	1	vent (1.00), burst (0.17), bottles (0.17), belly (0.04)	Jó 32:19 — Behold, my belly is as wine which hath no vent; it is ready to burst like new bottles.
apetecível	1	dainty (0.50), abhorreth (0.25), meat (0.01), bread (0.01)	Jó 33:20 — So that his life abhorreth bread, and his soul dainty meat.
ensina-mo	1	teach (0.01), iniquity (0.00), see (0.00), done (0.00)	Jó 34:32 — That which I see not teach thou me: if I have done iniquity, I will do no more.
temporal	1	vapour (0.33), sheweth (0.10), noise (0.03), cattle (0.01)	Jó 36:33 — The noise thereof sheweth concerning it, the cattle also concerning the vapour.
agacham	1	couch (0.25), dens (0.18), covert (0.18), abide (0.02)	Jó 38:40 — When they couch in their dens, and abide in the covert to lie in wait?
crinas	1	thunder (0.06), horse (0.05), neck (0.03), clothed (0.02)	Jó 39:19 — Hast thou given the horse strength? hast thou clothed his neck with thunder?
tremulantes	1	thunder (0.06), horse (0.05), neck (0.03), clothed (0.02)	Jó 39:19 — Hast thou given the horse strength? hast thou clothed his neck with thunder?
flamante	1	rattleth (1.00), glittering (0.29), quiver (0.20), spear (0.05)	Jó 39:23 — The quiver rattleth against him, the glittering spear and the shield.
eia	1	smelleth (1.00), shouting (0.15), thunder (0.06), trumpets (0.04)	Jó 39:25 — He saith among the trumpets, Ha, ha; and he smelleth the battle afar off, the thunder of the captains, and the shouting.
beemote	1	behemoth (1.00), eateth (0.04), grass (0.03), made (0.00)	Jó 40:15 — Behold now behemoth, which I made with thee; he eateth grass as an ox.
ossada	1	bars (0.06), bones (0.02), iron (0.02), pieces (0.02)	Jó 40:18 — His bones are as strong pieces of brass; his bones are like bars of iron.
arpéus	1	barbed (1.00), irons (1.00), spears (0.11), fish (0.05)	Jó 41:7 — Canst thou fill his skin with barbed irons? or his head with fish spears?
arpão	1	habergeon (0.50), dart (0.40), layeth (0.09), spear (0.05)	Jó 41:26 — The sword of him that layeth at him cannot hold: the spear, the dart, nor the habergeon.
jemima	1	jemima (1.00), kezia (1.00), keren-happuch (1.00), third (0.01)	Jó 42:14 — And he called the name of the first, Jemima; and the name of the second, Kezia; and the name of the third, Keren-happuch.
quezia	1	jemima (1.00), kezia (1.00), keren-happuch (1.00), third (0.01)	Jó 42:14 — And he called the name of the first, Jemima; and the name of the second, Kezia; and the name of the third, Keren-happuch.
quéren-hapuque	1	jemima (1.00), kezia (1.00), keren-happuch (1.00), third (0.01)	Jó 42:14 — And he called the name of the first, Jemima; and the name of the second, Kezia; and the name of the third, Keren-happuch.
petuel	1	pethuel (1.00), joel (0.09), word (0.00), son (0.00)	Joel 1:1 — The word of the LORD that came to Joel the son of Pethuel.
enom	1	aenon (1.00), salim (1.00), baptizing (0.13), baptized (0.01)	João 3:23 — And John also was baptizing in Aenon near to Salim, because there was much water there: and they came, and were baptized.
salim	1	aenon (1.00), salim (1.00), baptizing (0.13), baptized (0.01)	João 3:23 — And John also was baptizing in Aenon near to Salim, because there was much water there: and they came, and were baptized.
sicar	1	sychar (1.00), parcel (0.29), samaria (0.02), near (0.01)	João 4:5 — Then cometh he to a city of Samaria, which is called Sychar, near to the parcel of ground that Jacob gave to his son Joseph.
ínterim	1	mean (0.05), prayed (0.02), master (0.01), disciples (0.01)	João 4:31 — In the mean while his disciples prayed him, saying, Master, eat.
betesda	1	bethesda (1.00), porches (0.67), market (0.22), pool (0.09)	João 5:2 — Now there is at Jerusalem by the sheep market a pool, which is called in the Hebrew tongue Bethesda, having five porches.
nascença	1	birth (0.09), blind (0.02), passed (0.01), saw (0.00)	João 9:1 — And as Jesus passed by, he saw a man which was blind from his birth.
cuspe	1	spat (1.00), spittle (0.50), clay (0.06), blind (0.02)	João 9:6 — When he had thus spoken, he spat on the ground, and made clay of the spittle, and he anointed the eyes of the blind man with the clay,
condiscípulos	1	fellowdisciples (1.00), didymus (0.50), thomas (0.10), die (0.01)	João 11:16 — Then said Thomas, which is called Didymus, unto his fellowdisciples, Let us also go, that we may die with him.
enxugar-lhos	1	disciples' (1.00), towel (0.67), bason (0.50), wipe (0.22)	João 13:5 — After that he poureth water into a bason, and began to wash the disciples' feet, and to wipe them with the towel wherewith he was girded.
malco	1	malchus (1.00), servant's (0.20), priest's (0.04), simon (0.03)	João 18:10 — Then Simon Peter having a sword drew it, and smote the high priest's servant, and cut off his right ear. The servant's name was Malchus.
disseram-to	1	sayest (0.04), others (0.02), thyself (0.01), tell (0.01)	João 18:34 — Jesus answered him, Sayest thou this thing of thyself, or did others tell it thee of me?
litóstrotos	1	gabbatha (1.00), pavement (0.25), hebrew (0.07), pilate (0.04)	João 19:13 — When Pilate therefore heard that saying, he brought Jesus forth, and sat down in the judgment seat in a place that is called the Pavement, but in the 
gábata	1	gabbatha (1.00), pavement (0.25), hebrew (0.07), pilate (0.04)	João 19:13 — When Pilate therefore heard that saying, he brought Jesus forth, and sat down in the judgment seat in a place that is called the Pavement, but in the 
entregou-lho	1	crucified (0.04), led (0.01), delivered (0.00), took (0.00)	João 19:16 — Then delivered he him therefore unto them to be crucified. And they took Jesus, and led him away.
hortelão	1	gardener (1.00), weepest (0.50), seekest (0.20), sir (0.15)	João 20:15 — Jesus saith unto her, Woman, why weepest thou? whom seekest thou? She, supposing him to be the gardener, saith unto him, Sir, if thou have borne him h
raboni	1	rabboni (1.00), herself (0.04), mary (0.04), master (0.01)	João 20:16 — Jesus saith unto her, Mary. She turned herself, and saith unto him, Rabboni; which is to say, Master.
sebarim	1	shebarim (1.00), melted (0.15), chased (0.13), going (0.02)	Josué 7:5 — And the men of Ai smote of them about thirty and six men: for they chased them from before the gate even unto Shebarim, and smote them in the going do
babilônica	1	babylonish (1.00), coveted (0.50), wedge (0.40), spoils (0.29)	Josué 7:21 — When I saw among the spoils a goodly Babylonish garment, and two hundred shekels of silver, and a wedge of gold of fifty shekels weight, then I covete
hoão	1	hoham (1.00), piram (1.00), adoni-zedek (0.67), japhia (0.33)	Josué 10:3 — Wherefore Adoni-zedek king of Jerusalem sent unto Hoham king of Hebron, and unto Piram king of Jarmuth, and unto Japhia king of Lachish, and unto Debi
pirão	1	hoham (1.00), piram (1.00), adoni-zedek (0.67), japhia (0.33)	Josué 10:3 — Wherefore Adoni-zedek king of Jerusalem sent unto Hoham king of Hebron, and unto Piram king of Jarmuth, and unto Japhia king of Lachish, and unto Debi
jasher	1	jasher (0.67), avenged (0.10), hasted (0.08), stayed (0.06)	Josué 10:13 — And the sun stood still, and the moon stayed, until the people had avenged themselves upon their enemies. Is not this written in the book of Jasher? S
horão	1	horam (1.00), gezer (0.15), remaining (0.11), lachish (0.09)	Josué 10:33 — Then Horam king of Gezer came up to help Lachish; and Joshua smote him and his people, until he had left him none remaining.
nafote-dor	1	chinneroth (0.67), dor (0.29), plains (0.06), borders (0.02)	Josué 11:2 — And to the kings that were on the north of the mountains, and of the plains south of Chinneroth, and in the valley, and in the borders of Dor on the w
geser	1	eglon (0.15), gezer (0.15), king (0.00), one (0.00)	Josué 12:12 — The king of Eglon, one; the king of Gezer, one;
geder	1	geder (1.00), debir (0.15), king (0.00), one (0.00)	Josué 12:13 — The king of Debir, one; the king of Geder, one;
harade	1	arad (0.33), hormah (0.20), king (0.00), one (0.00)	Josué 12:14 — The king of Hormah, one; the king of Arad, one;
lassarom	1	lasharon (1.00), aphek (0.22), king (0.00), one (0.00)	Josué 12:18 — The king of Aphek, one; the king of Lasharon, one;
simrom-meron	1	shimron-meron (1.00), achshaph (0.50), king (0.00), one (0.00)	Josué 12:20 — The king of Shimron-meron, one; the king of Achshaph, one;
nafate-dor	1	dor (0.29), gilgal (0.04), coast (0.04), nations (0.00)	Josué 12:23 — The king of Dor in the coast of Dor, one; the king of the nations of Gilgal, one;
gazeu	1	gazathites (1.00), ashdothites (1.00), eshkalonites (1.00), gittites (0.67)	Josué 13:3 — From Sihor, which is before Egypt, even unto the borders of Ekron northward, which is counted to the Canaanite: five lords of the Philistines; the Gaz
asdodeu	1	gazathites (1.00), ashdothites (1.00), eshkalonites (1.00), gittites (0.67)	Josué 13:3 — From Sihor, which is before Egypt, even unto the borders of Ekron northward, which is counted to the Canaanite: five lords of the Philistines; the Gaz
ascalonita	1	gazathites (1.00), ashdothites (1.00), eshkalonites (1.00), gittites (0.67)	Josué 13:3 — From Sihor, which is before Egypt, even unto the borders of Ekron northward, which is counted to the Canaanite: five lords of the Philistines; the Gaz
ecroneu	1	gazathites (1.00), ashdothites (1.00), eshkalonites (1.00), gittites (0.67)	Josué 13:3 — From Sihor, which is before Egypt, even unto the borders of Ekron northward, which is counted to the Canaanite: five lords of the Philistines; the Gaz
maacate	1	maachathites (0.50), geshurites (0.40), expelled (0.33), israelites (0.10)	Josué 13:13 — Nevertheless the children of Israel expelled not the Geshurites, nor the Maachathites: but the Geshurites and the Maachathites dwell among the Israeli
bamote-baal	1	bamoth-baal (1.00), beth-baal-meon (1.00), dibon (0.20), heshbon (0.05)	Josué 13:17 — Heshbon, and all her cities that are in the plain; Dibon, and Bamoth-baal, and Beth-baal-meon,
bete-baal-meom	1	bamoth-baal (1.00), beth-baal-meon (1.00), dibon (0.20), heshbon (0.05)	Josué 13:17 — Heshbon, and all her cities that are in the plain; Dibon, and Bamoth-baal, and Beth-baal-meon,
zerete-saar	1	zareth-shahar (1.00), kirjathaim (0.50), sibmah (0.40), valley (0.01)	Josué 13:19 — And Kirjathaim, and Sibmah, and Zareth-shahar in the mount of the valley,
ramate-mizpá	1	ramath-mizpeh (1.00), betonim (1.00), debir (0.15), mahanaim (0.14)	Josué 13:26 — And from Heshbon unto Ramath-mizpeh, and Betonim; and from Mahanaim unto the border of Debir;
betonim	1	ramath-mizpeh (1.00), betonim (1.00), debir (0.15), mahanaim (0.14)	Josué 13:26 — And from Heshbon unto Ramath-mizpeh, and Betonim; and from Mahanaim unto the border of Debir;
bete-arã	1	beth-aram (1.00), zaphon (1.00), beth-nimrah (0.67), chinnereth (0.40)	Josué 13:27 — And in the valley, Beth-aram, and Beth-nimrah, and Succoth, and Zaphon, the rest of the kingdom of Sihon king of Heshbon, Jordan and his border, even 
bete-nimra	1	beth-aram (1.00), zaphon (1.00), beth-nimrah (0.67), chinnereth (0.40)	Josué 13:27 — And in the valley, Beth-aram, and Beth-nimrah, and Succoth, and Zaphon, the rest of the kingdom of Sihon king of Heshbon, Jordan and his border, even 
zafom	1	beth-aram (1.00), zaphon (1.00), beth-nimrah (0.67), chinnereth (0.40)	Josué 13:27 — And in the valley, Beth-aram, and Beth-nimrah, and Succoth, and Zaphon, the rest of the kingdom of Sihon king of Heshbon, Jordan and his border, even 
carca	1	maaleh-acrabbim (1.00), karkaa (1.00), zin (0.20), kadesh-barnea (0.18)	Josué 15:3 — And it went out to the south side to Maaleh-acrabbim, and passed along to Zin, and ascended up on the south side unto Kadesh-barnea, and passed along 
en-semes	1	adummim (0.67), en-shemesh (0.67), en-rogel (0.40), achor (0.33)	Josué 15:7 — And the border went up toward Debir from the valley of Achor, and so northward, looking toward Gilgal, that is before the going up to Adummim, which i
jearim	1	jearim (1.00), chesalon (1.00), baalah (0.33), timnah (0.33)	Josué 15:10 — And the border compassed from Baalah westward unto mount Seir, and passed along unto the side of mount Jearim, which is Chesalon, on the north side, a
quesalom	1	jearim (1.00), chesalon (1.00), baalah (0.33), timnah (0.33)	Josué 15:10 — And the border compassed from Baalah westward unto mount Seir, and passed along unto the side of mount Jearim, which is Chesalon, on the north side, a
sicrom	1	shicron (1.00), jabneel (0.67), baalah (0.33), ekron (0.10)	Josué 15:11 — And the border went out unto the side of Ekron northward: and the border was drawn to Shicron, and passed along to mount Baalah, and went out unto Jab
jagur	1	jagur (1.00), kabzeel (0.50), eder (0.50), uttermost (0.06)	Josué 15:21 — And the uttermost cities of the tribe of the children of Judah toward the coast of Edom southward were Kabzeel, and Eder, and Jagur,
quiná	1	kinah (1.00), dimonah (1.00), adadah (1.00)	Josué 15:22 — And Kinah, and Dimonah, and Adadah,
dimona	1	kinah (1.00), dimonah (1.00), adadah (1.00)	Josué 15:22 — And Kinah, and Dimonah, and Adadah,
adada	1	kinah (1.00), dimonah (1.00), adadah (1.00)	Josué 15:22 — And Kinah, and Dimonah, and Adadah,
itnã	1	ithnan (1.00), kedesh (0.17), hazor (0.11)	Josué 15:23 — And Kedesh, and Hazor, and Ithnan,
telem	1	bealoth (1.00), telem (0.67), ziph (0.20)	Josué 15:24 — Ziph, and Telem, and Bealoth,
hazor-hadata	1	hadattah (1.00), kerioth (0.40), hazor (0.11), hezron (0.11)	Josué 15:25 — And Hazor, Hadattah, and Kerioth, and Hezron, which is Hazor,
queriote-hezrom	1	hadattah (1.00), kerioth (0.40), hazor (0.11), hezron (0.11)	Josué 15:25 — And Hazor, Hadattah, and Kerioth, and Hezron, which is Hazor,
hazar-gada	1	hazar-gaddah (1.00), heshmon (1.00), beth-palet (1.00)	Josué 15:27 — And Hazar-gaddah, and Heshmon, and Beth-palet,
hesmom	1	hazar-gaddah (1.00), heshmon (1.00), beth-palet (1.00)	Josué 15:27 — And Hazar-gaddah, and Heshmon, and Beth-palet,
bete-palete	1	hazar-gaddah (1.00), heshmon (1.00), beth-palet (1.00)	Josué 15:27 — And Hazar-gaddah, and Heshmon, and Beth-palet,
biziotiá	1	bizjothjah (1.00), hazar-shual (0.40), beer-sheba (0.06)	Josué 15:28 — And Hazar-shual, and Beer-sheba, and Bizjothjah,
iim	1	iim (0.67), azem (0.67), baalah (0.33)	Josué 15:29 — Baalah, and Iim, and Azem,
quesil	1	chesil (1.00), eltolad (0.67), hormah (0.20)	Josué 15:30 — And Eltolad, and Chesil, and Hormah,
sansana	1	sansannah (1.00), madmannah (0.67), ziklag (0.15)	Josué 15:31 — And Ziklag, and Madmannah, and Sansannah,
lebaote	1	lebaoth (1.00), shilhim (1.00), ain (0.33), rimmon (0.17)	Josué 15:32 — And Lebaoth, and Shilhim, and Ain, and Rimmon: all the cities are twenty and nine, with their villages:
silim	1	lebaoth (1.00), shilhim (1.00), ain (0.33), rimmon (0.17)	Josué 15:32 — And Lebaoth, and Shilhim, and Ain, and Rimmon: all the cities are twenty and nine, with their villages:
aditaim	1	sharaim (1.00), adithaim (1.00), gederah (1.00), gederothaim (1.00)	Josué 15:36 — And Sharaim, and Adithaim, and Gederah, and Gederothaim; fourteen cities with their villages:
gederá	1	sharaim (1.00), adithaim (1.00), gederah (1.00), gederothaim (1.00)	Josué 15:36 — And Sharaim, and Adithaim, and Gederah, and Gederothaim; fourteen cities with their villages:
gederotaim	1	sharaim (1.00), adithaim (1.00), gederah (1.00), gederothaim (1.00)	Josué 15:36 — And Sharaim, and Adithaim, and Gederah, and Gederothaim; fourteen cities with their villages:
zenã	1	zenan (1.00), hadashah (1.00), migdal-gad (1.00)	Josué 15:37 — Zenan, and Hadashah, and Migdal-gad,
hadasa	1	zenan (1.00), hadashah (1.00), migdal-gad (1.00)	Josué 15:37 — Zenan, and Hadashah, and Migdal-gad,
migdal-gade	1	zenan (1.00), hadashah (1.00), migdal-gad (1.00)	Josué 15:37 — Zenan, and Hadashah, and Migdal-gad,
dileã	1	dilean (1.00), joktheel (0.67), mizpeh (0.09)	Josué 15:38 — And Dilean, and Mizpeh, and Joktheel,
bozcate	1	bozkath (1.00), eglon (0.15), lachish (0.09)	Josué 15:39 — Lachish, and Bozkath, and Eglon,
cabom	1	cabbon (1.00), lahmam (1.00), kithlish (1.00)	Josué 15:40 — And Cabbon, and Lahmam, and Kithlish,
laamás	1	cabbon (1.00), lahmam (1.00), kithlish (1.00)	Josué 15:40 — And Cabbon, and Lahmam, and Kithlish,
quitlis	1	cabbon (1.00), lahmam (1.00), kithlish (1.00)	Josué 15:40 — And Cabbon, and Lahmam, and Kithlish,
iftá	1	jiphtah (1.00), nezib (1.00), ashnah (0.67)	Josué 15:43 — And Jiphtah, and Ashnah, and Nezib,
nezibe	1	jiphtah (1.00), nezib (1.00), ashnah (0.67)	Josué 15:43 — And Jiphtah, and Ashnah, and Nezib,
quiriate-saná	1	dannah (1.00), kirjath-sannah (1.00), debir (0.15)	Josué 15:49 — And Dannah, and Kirjath-sannah, which is Debir,
estemó	1	eshtemoh (1.00), anim (1.00), anab (0.67)	Josué 15:50 — And Anab, and Eshtemoh, and Anim,
anim	1	eshtemoh (1.00), anim (1.00), anab (0.67)	Josué 15:50 — And Anab, and Eshtemoh, and Anim,
arabe	1	arab (1.00), eshean (1.00), dumah (0.40)	Josué 15:52 — Arab, and Dumah, and Eshean,
esã	1	arab (1.00), eshean (1.00), dumah (0.40)	Josué 15:52 — Arab, and Dumah, and Eshean,
janim	1	janum (1.00), beth-tappuah (1.00), aphekah (1.00)	Josué 15:53 — And Janum, and Beth-tappuah, and Aphekah,
bete-tapua	1	janum (1.00), beth-tappuah (1.00), aphekah (1.00)	Josué 15:53 — And Janum, and Beth-tappuah, and Aphekah,
hunta	1	humtah (1.00), zior (1.00), kirjath-arba (0.29), nine (0.03)	Josué 15:54 — And Humtah, and Kirjath-arba, which is Hebron, and Zior; nine cities with their villages:
zior	1	humtah (1.00), zior (1.00), kirjath-arba (0.29), nine (0.03)	Josué 15:54 — And Humtah, and Kirjath-arba, which is Hebron, and Zior; nine cities with their villages:
jocdeão	1	jokdeam (1.00), zanoah (0.33), jezreel (0.06)	Josué 15:56 — And Jezreel, and Jokdeam, and Zanoah,
halul	1	halhul (1.00), beth-zur (0.40), gedor (0.25)	Josué 15:58 — Halhul, Beth-zur, and Gedor,
maarate	1	maarath (1.00), beth-anoth (1.00), eltekon (1.00), villages (0.03)	Josué 15:59 — And Maarath, and Beth-anoth, and Eltekon; six cities with their villages:
bete-anote	1	maarath (1.00), beth-anoth (1.00), eltekon (1.00), villages (0.03)	Josué 15:59 — And Maarath, and Beth-anoth, and Eltekon; six cities with their villages:
eltecom	1	maarath (1.00), beth-anoth (1.00), eltekon (1.00), villages (0.03)	Josué 15:59 — And Maarath, and Beth-anoth, and Eltekon; six cities with their villages:
midim	1	middin (1.00), secacah (1.00), beth-arabah (0.50), wilderness (0.00)	Josué 15:61 — In the wilderness, Beth-arabah, Middin, and Secacah,
secacá	1	middin (1.00), secacah (1.00), beth-arabah (0.50), wilderness (0.00)	Josué 15:61 — In the wilderness, Beth-arabah, Middin, and Secacah,
nibsã	1	nibshan (1.00), en-gedi (0.29), salt (0.05), villages (0.03)	Josué 15:62 — And Nibshan, and the city of Salt, and En-gedi; six cities with their villages.
jafleti	1	japhleti (1.00), gezer (0.15), beth-horon (0.14), nether (0.12)	Josué 16:3 — And goeth down westward to the coast of Japhleti, unto the coast of Beth-horon the nether, and to Gezer: and the goings out thereof are at the sea.
taanate-siló	1	taanath-shiloh (1.00), michmethah (0.67), janohah (0.67), eastward (0.04)	Josué 16:6 — And the border went out toward the sea to Michmethah on the north side; and the border went about eastward unto Taanath-shiloh, and passed by it on th
naarate	1	naarath (1.00), janohah (0.67), ataroth (0.33), jericho (0.03)	Josué 16:7 — And it went down from Janohah to Ataroth, and to Naarath, and came to Jericho, and went out at Jordan.
en-tapua	1	en-tappuah (1.00), michmethah (0.67), along (0.05), asher (0.05)	Josué 17:7 — And the coast of Manasseh was from Asher to Michmethah, that lieth before Shechem; and the border went along on the right hand unto the inhabitants of
ensemes	1	geliloth (1.00), en-shemesh (0.67), adummim (0.67), bohan (0.67)	Josué 18:17 — And was drawn from the north, and went forth to En-shemesh, and went forth toward Geliloth, which is over against the going up of Adummim, and descend
gelilote	1	geliloth (1.00), en-shemesh (0.67), adummim (0.67), bohan (0.67)	Josué 18:17 — And was drawn from the north, and went forth to En-shemesh, and went forth toward Geliloth, which is over against the going up of Adummim, and descend
emeque-queziz	1	keziz (1.00), beth-hoglah (0.67), jericho (0.03), valley (0.01)	Josué 18:21 — Now the cities of the tribe of the children of Benjamin according to their families were Jericho, and Beth-hoglah, and the valley of Keziz,
havim	1	avim (1.00), parah (1.00), ophrah (0.22)	Josué 18:23 — And Avim, and Parah, and Ophrah,
quefar-amonai	1	chephar-haammonai (1.00), ophni (1.00), gaba (0.67), villages (0.03)	Josué 18:24 — And Chephar-haammonai, and Ophni, and Gaba; twelve cities with their villages:
ofni	1	chephar-haammonai (1.00), ophni (1.00), gaba (0.67), villages (0.03)	Josué 18:24 — And Chephar-haammonai, and Ophni, and Gaba; twelve cities with their villages:
irpeel	1	irpeel (1.00), taralah (1.00), rekem (0.33)	Josué 18:27 — And Rekem, and Irpeel, and Taralah,
tarala	1	irpeel (1.00), taralah (1.00), rekem (0.33)	Josué 18:27 — And Rekem, and Irpeel, and Taralah,
elefe	1	eleph (1.00), gibeath (1.00), kirjath (1.00), zelah (0.67)	Josué 18:28 — And Zelah, Eleph, and Jebusi, which is Jerusalem, Gibeath, and Kirjath; fourteen cities with their villages. This is the inheritance of the children o
quiriate	1	eleph (1.00), gibeath (1.00), kirjath (1.00), zelah (0.67)	Josué 18:28 — And Zelah, Eleph, and Jebusi, which is Jerusalem, Gibeath, and Kirjath; fourteen cities with their villages. This is the inheritance of the children o
balá	1	balah (1.00), azem (0.67), hazar-shual (0.40)	Josué 19:3 — And Hazar-shual, and Balah, and Azem,
betul	1	bethul (1.00), eltolad (0.67), hormah (0.20)	Josué 19:4 — And Eltolad, and Bethul, and Hormah,
hazar-susa	1	hazar-susah (1.00), beth-marcaboth (0.67), ziklag (0.15)	Josué 19:5 — And Ziklag, and Beth-marcaboth, and Hazar-susah,
bete-lebaote	1	beth-lebaoth (1.00), sharuhen (1.00), thirteen (0.12), villages (0.03)	Josué 19:6 — And Beth-lebaoth, and Sharuhen; thirteen cities and their villages:
saruém	1	beth-lebaoth (1.00), sharuhen (1.00), thirteen (0.12), villages (0.03)	Josué 19:6 — And Beth-lebaoth, and Sharuhen; thirteen cities and their villages:
baalate-ber	1	baalath-beer (1.00), ramath (0.67), simeon (0.04), villages (0.03)	Josué 19:8 — And all the villages that were round about these cities to Baalath-beer, Ramath of the south. This is the inheritance of the tribe of the children of 
maralá	1	maralah (1.00), dabbasheth (1.00), jokneam (0.40), reached (0.20)	Josué 19:11 — And their border went up toward the sea, and Maralah, and reached to Dabbasheth, and reached to the river that is before Jokneam;
dabesete	1	maralah (1.00), dabbasheth (1.00), jokneam (0.40), reached (0.20)	Josué 19:11 — And their border went up toward the sea, and Maralah, and reached to Dabbasheth, and reached to the river that is before Jokneam;
quislote-tabor	1	chisloth-tabor (1.00), sarid (0.67), daberath (0.67), japhia (0.33)	Josué 19:12 — And turned from Sarid eastward toward the sunrising unto the border of Chisloth-tabor, and then goeth out to Daberath, and goeth up to Japhia,
ete-cazim	1	gittah-hepher (1.00), ittah-kazin (1.00), remmon-methoar (1.00), neah (1.00)	Josué 19:13 — And from thence passeth on along on the east to Gittah-hepher, to Ittah-kazin, and goeth out to Remmon-methoar to Neah;
rimom-metoar	1	gittah-hepher (1.00), ittah-kazin (1.00), remmon-methoar (1.00), neah (1.00)	Josué 19:13 — And from thence passeth on along on the east to Gittah-hepher, to Ittah-kazin, and goeth out to Remmon-methoar to Neah;
neá	1	gittah-hepher (1.00), ittah-kazin (1.00), remmon-methoar (1.00), neah (1.00)	Josué 19:13 — And from thence passeth on along on the east to Gittah-hepher, to Ittah-kazin, and goeth out to Remmon-methoar to Neah;
hanatom	1	hannathon (1.00), jiphthah-el (0.67), compasseth (0.25), outgoings (0.17)	Josué 19:14 — And the border compasseth it on the north side to Hannathon: and the outgoings thereof are in the valley of Jiphthah-el:
catate	1	kattath (1.00), nahallal (1.00), idalah (1.00), shimron (0.33)	Josué 19:15 — And Kattath, and Nahallal, and Shimron, and Idalah, and Beth-lehem: twelve cities with their villages.
idala	1	kattath (1.00), nahallal (1.00), idalah (1.00), shimron (0.33)	Josué 19:15 — And Kattath, and Nahallal, and Shimron, and Idalah, and Beth-lehem: twelve cities with their villages.
quesulote	1	chesulloth (1.00), shunem (0.50), jezreel (0.06), border (0.02)	Josué 19:18 — And their border was toward Jezreel, and Chesulloth, and Shunem,
hafaraim	1	haphraim (1.00), shion (1.00), anaharath (1.00)	Josué 19:19 — And Haphraim, and Shion, and Anaharath,
anaarate	1	haphraim (1.00), shion (1.00), anaharath (1.00)	Josué 19:19 — And Haphraim, and Shion, and Anaharath,
rabite	1	rabbith (1.00), kishion (1.00), abez (1.00)	Josué 19:20 — And Rabbith, and Kishion, and Abez,
ebes	1	rabbith (1.00), kishion (1.00), abez (1.00)	Josué 19:20 — And Rabbith, and Kishion, and Abez,
en-hadá	1	remeth (1.00), en-haddah (1.00), beth-pazzez (1.00), en-gannim (0.50)	Josué 19:21 — And Remeth, and En-gannim, and En-haddah, and Beth-pazzez;
bete-pazez	1	remeth (1.00), en-haddah (1.00), beth-pazzez (1.00), en-gannim (0.50)	Josué 19:21 — And Remeth, and En-gannim, and En-haddah, and Beth-pazzez;
saazima	1	shahazimah (1.00), tabor (0.18), outgoings (0.17), reacheth (0.14)	Josué 19:22 — And the coast reacheth to Tabor, and Shahazimah, and Beth-shemesh; and the outgoings of their border were at Jordan: sixteen cities with their village
hali	1	hali (1.00), beten (1.00), helkath (0.67), achshaph (0.50)	Josué 19:25 — And their border was Helkath, and Hali, and Beten, and Achshaph,
béten	1	hali (1.00), beten (1.00), helkath (0.67), achshaph (0.50)	Josué 19:25 — And their border was Helkath, and Hali, and Beten, and Achshaph,
alameleque	1	alammelech (1.00), amad (1.00), misheal (1.00), shihor-libnath (1.00)	Josué 19:26 — And Alammelech, and Amad, and Misheal; and reacheth to Carmel westward, and to Shihor-libnath;
amade	1	alammelech (1.00), amad (1.00), misheal (1.00), shihor-libnath (1.00)	Josué 19:26 — And Alammelech, and Amad, and Misheal; and reacheth to Carmel westward, and to Shihor-libnath;
sior-libnate	1	alammelech (1.00), amad (1.00), misheal (1.00), shihor-libnath (1.00)	Josué 19:26 — And Alammelech, and Amad, and Misheal; and reacheth to Carmel westward, and to Shihor-libnath;
bete-emeque	1	beth-emek (1.00), neiel (1.00), beth-dagon (0.67), jiphthah-el (0.67)	Josué 19:27 — And turneth toward the sunrising to Beth-dagon, and reacheth to Zebulun, and to the valley of Jiphthah-el toward the north side of Beth-emek, and Neie
neiel	1	beth-emek (1.00), neiel (1.00), beth-dagon (0.67), jiphthah-el (0.67)	Josué 19:27 — And turneth toward the sunrising to Beth-dagon, and reacheth to Zebulun, and to the valley of Jiphthah-el toward the north side of Beth-emek, and Neie
umá	1	ummah (1.00), aphek (0.22), rehob (0.18), villages (0.03)	Josué 19:30 — Ummah also, and Aphek, and Rehob: twenty and two cities with their villages.
helefe	1	heleph (1.00), zaanannim (1.00), adami (1.00), nekeb (1.00)	Josué 19:33 — And their coast was from Heleph, from Allon to Zaanannim, and Adami, Nekeb, and Jabneel, unto Lakum; and the outgoings thereof were at Jordan:
zaananim	1	heleph (1.00), zaanannim (1.00), adami (1.00), nekeb (1.00)	Josué 19:33 — And their coast was from Heleph, from Allon to Zaanannim, and Adami, Nekeb, and Jabneel, unto Lakum; and the outgoings thereof were at Jordan:
adami-nequebe	1	heleph (1.00), zaanannim (1.00), adami (1.00), nekeb (1.00)	Josué 19:33 — And their coast was from Heleph, from Allon to Zaanannim, and Adami, Nekeb, and Jabneel, unto Lakum; and the outgoings thereof were at Jordan:
lacum	1	heleph (1.00), zaanannim (1.00), adami (1.00), nekeb (1.00)	Josué 19:33 — And their coast was from Heleph, from Allon to Zaanannim, and Adami, Nekeb, and Jabneel, unto Lakum; and the outgoings thereof were at Jordan:
aznote-tabor	1	aznoth-tabor (1.00), hukkok (1.00), sunrising (0.18), reacheth (0.14)	Josué 19:34 — And then the coast turneth westward to Aznoth-tabor, and goeth out from thence to Hukkok, and reacheth to Zebulun on the south side, and reacheth to A
zidim	1	ziddim (1.00), zer (1.00), hammath (1.00), rakkath (1.00)	Josué 19:35 — And the fenced cities are Ziddim, Zer, and Hammath, Rakkath, and Chinnereth,
zer	1	ziddim (1.00), zer (1.00), hammath (1.00), rakkath (1.00)	Josué 19:35 — And the fenced cities are Ziddim, Zer, and Hammath, Rakkath, and Chinnereth,
racate	1	ziddim (1.00), zer (1.00), hammath (1.00), rakkath (1.00)	Josué 19:35 — And the fenced cities are Ziddim, Zer, and Hammath, Rakkath, and Chinnereth,
adamá	1	adamah (1.00), hazor (0.11), ramah (0.06)	Josué 19:36 — And Adamah, and Ramah, and Hazor,
en-hazor	1	en-hazor (1.00), edrei (0.22), kedesh (0.17)	Josué 19:37 — And Kedesh, and Edrei, and En-hazor,
irom	1	migdal-el (1.00), horem (1.00), beth-anath (0.67), nineteen (0.40)	Josué 19:38 — And Iron, and Migdal-el, Horem, and Beth-anath, and Beth-shemesh; nineteen cities with their villages.
migdal-el	1	migdal-el (1.00), horem (1.00), beth-anath (0.67), nineteen (0.40)	Josué 19:38 — And Iron, and Migdal-el, Horem, and Beth-anath, and Beth-shemesh; nineteen cities with their villages.
horém	1	migdal-el (1.00), horem (1.00), beth-anath (0.67), nineteen (0.40)	Josué 19:38 — And Iron, and Migdal-el, Horem, and Beth-anath, and Beth-shemesh; nineteen cities with their villages.
ir-semes	1	ir-shemesh (1.00), eshtaol (0.25), zorah (0.22), coast (0.04)	Josué 19:41 — And the coast of their inheritance was Zorah, and Eshtaol, and Ir-shemesh,
saalabim	1	shaalabbin (1.00), jethlah (1.00), ajalon (0.50)	Josué 19:42 — And Shaalabbin, and Ajalon, and Jethlah,
itla	1	shaalabbin (1.00), jethlah (1.00), ajalon (0.50)	Josué 19:42 — And Shaalabbin, and Ajalon, and Jethlah,
jeúde	1	jehud (1.00), bene-berak (1.00), gath-rimmon (0.40)	Josué 19:45 — And Jehud, and Bene-berak, and Gath-rimmon,
bene-beraque	1	jehud (1.00), bene-berak (1.00), gath-rimmon (0.40)	Josué 19:45 — And Jehud, and Bene-berak, and Gath-rimmon,
me-jarcom	1	me-jarkon (1.00), rakkon (1.00), japho (1.00), border (0.02)	Josué 19:46 — And Me-jarkon, and Rakkon, with the border before Japho.
racom	1	me-jarkon (1.00), rakkon (1.00), japho (1.00), border (0.02)	Josué 19:46 — And Me-jarkon, and Rakkon, with the border before Japho.
almom	1	almon (0.67), anathoth (0.11), suburbs (0.03), four (0.01)	Josué 21:18 — Anathoth with her suburbs, and Almon with her suburbs; four cities.
quibzaim	1	kibzaim (1.00), beth-horon (0.14), suburbs (0.03), four (0.01)	Josué 21:22 — And Kibzaim with her suburbs, and Beth-horon with her suburbs; four cities.
beesterá	1	beesh-terah (1.00), golan (0.40), gershon (0.11), slayer (0.10)	Josué 21:27 — And unto the children of Gershon, of the families of the Levites, out of the other half tribe of Manasseh they gave Golan in Bashan with her suburbs, 
hamote-dor	1	hammoth-dor (1.00), kartan (1.00), kedesh (0.17), slayer (0.10)	Josué 21:32 — And out of the tribe of Naphtali, Kedesh in Galilee with her suburbs, to be a city of refuge for the slayer; and Hammoth-dor with her suburbs, and Kar
dimna	1	dimnah (1.00), nahalal (1.00), suburbs (0.03), four (0.01)	Josué 21:35 — Dimnah with her suburbs, Nahalal with her suburbs; four cities.
ede	1	reuben (0.03), gad (0.03), witness (0.01), between (0.01)	Josué 22:34 — And the children of Reuben and the children of Gad called the altar Ed: for it shall be a witness between us that the LORD is God.
hemor	1	parcel (0.29), hamor (0.15), bought (0.04), shechem (0.04)	Josué 24:32 — And the bones of Joseph, which the children of Israel brought up out of Egypt, buried they in Shechem, in a parcel of ground which Jacob bought of the
maldosas	1	circulation (1.00), evil-disposed (1.00), designing (1.00), authors (1.00)	Joseph Smith—História 1:1 — Owing to the many reports which have been put in circulation by evil-disposed and designing persons, in relation to the rise and progress of The Churc
sharon	1	windsor (1.00), vermont (1.00), thereabouts (1.00), twenty-third (0.67)	Joseph Smith—História 1:3 — I was born in the year of our Lord one thousand eight hundred and five, on the twenty-third day of December, in the town of Sharon, Windsor county, St
windsor	1	windsor (1.00), vermont (1.00), thereabouts (1.00), twenty-third (0.67)	Joseph Smith—História 1:3 — I was born in the year of our Lord one thousand eight hundred and five, on the twenty-third day of December, in the town of Sharon, Windsor county, St
carlos	1	mack (1.00), november (1.00), 19th (1.00), 26th (1.00)	Joseph Smith—História 1:4 — His family consisting of eleven souls, namely, my father, Joseph Smith; my mother , Lucy Smith (whose name, previous to her marriage, was Mack, daught
catherine	1	mack (1.00), november (1.00), 19th (1.00), 26th (1.00)	Joseph Smith—História 1:4 — His family consisting of eleven souls, namely, my father, Joseph Smith; my mother , Lucy Smith (whose name, previous to her marriage, was Mack, daught
pungentes	1	uneasiness (1.00), poignant (1.00), unacquainted (1.00), reflection (0.67)	Joseph Smith—História 1:8 — During this time of great excitement my mind was called up to serious reflection and great uneasiness; but though my feelings were deep and often poig
inexperiente	1	uneasiness (1.00), poignant (1.00), unacquainted (1.00), reflection (0.67)	Joseph Smith—História 1:8 — During this time of great excitement my mind was called up to serious reflection and great uneasiness; but though my feelings were deep and often poig
presbiterianos	1	incessant (1.00), presbyterians (1.00), baptists (1.00), sophistry (1.00)	Joseph Smith—História 1:9 — My mind at times was greatly excited, the cry and tumult were so great and incessant. The Presbyterians were most decided against the Baptists and Met
presbiterianismo	1	fireplace (1.00), presbyterianism (1.00), disturber (1.00), annoyer (1.00)	Joseph Smith—História 1:20 — He again forbade me to join with any of them; and many other things did he say unto me, which I cannot write at this time. When I came to myself again
sectário	1	quotes (1.00), continues (1.00), sectarian (0.67), appears (0.67)	Joseph Smith—História 1:26 — I had now got my mind satisfied so far as the sectarian world was concerned—that it was not my duty to join with any of them, but to continue as I was
afetuosa	1	intervened (1.00), deluded (1.00), affectionate (1.00), mingling (1.00)	Joseph Smith—História 1:28 — During the space of time which intervened between the time I had the vision and the year eighteen hundred and twenty-three—having been forbidden to jo
imprudências	1	above-mentioned (1.00), betook (1.00), twenty-first (0.67), september (0.50)	Joseph Smith—História 1:29 — In consequence of these things, I often felt condemned for my weakness and imperfections; when, on the evening of the above-mentioned twenty-first of 
indescritivelmente	1	description (0.25), around (0.13), lightning (0.11), robe (0.06)	Joseph Smith—História 1:32 — Not only was his robe exceedingly white, but his whole person was glorious beyond description, and his countenance truly like lightning . The room was
nitidamente	1	distinctly (0.50), conversing (0.40), deposited (0.22), clearly (0.22)	Joseph Smith—História 1:42 — Again, he told me, that when I got those plates of which he had spoken—for the time that they should be obtained was not yet fulfilled—I should not sh
nitidez	1	distinctness (1.00), replied (0.50), owing (0.40), deposited (0.22)	Joseph Smith—História 1:50 — I obeyed; I returned to my father in the field, and rehearsed the whole matter to him. He replied to me that it was of God, and told me to go and do a
escavações	1	1825 (1.00), spaniards (1.00), undertaking (1.00), prevalent (1.00)	Joseph Smith—História 1:56 — In the year 1823 my father’s family met with a great affliction by the death of my eldest brother, Alvin . In the month of October, 1825, I hired with
empreendimento	1	1825 (1.00), spaniards (1.00), undertaking (1.00), prevalent (1.00)	Joseph Smith—História 1:56 — In the year 1823 my father’s family met with a great affliction by the death of my eldest brother, Alvin . In the month of October, 1825, I hired with
tarbill	1	assert (1.00), squire (1.00), tarbill (1.00), bainbridge (1.00)	Joseph Smith—História 1:58 — Owing to my continuing to assert that I had seen a vision, persecution still followed me, and my wife’s father’s family were very much opposed to our 
south	1	assert (1.00), squire (1.00), tarbill (1.00), bainbridge (1.00)	Joseph Smith—História 1:58 — Owing to my continuing to assert that I had seen a vision, persecution still followed me, and my wife’s father’s family were very much opposed to our 
bainbridge	1	assert (1.00), squire (1.00), tarbill (1.00), bainbridge (1.00)	Joseph Smith—História 1:58 — Owing to my continuing to assert that I had seen a vision, persecution still followed me, and my wife’s father’s family were very much opposed to our 
milésima	1	rumor (1.00), circulating (1.00), falsehoods (1.00), thousandth (1.00)	Joseph Smith—História 1:61 — The excitement, however, still continued, and rumor with her thousand tongues was all the time employed in circulating falsehoods about my father’s fa
arábicos	1	celebrated (1.00), attainments (1.00), chaldaic (1.00), assyriac (1.00)	Joseph Smith—História 1:64 — “I went to the city of New York, and presented the characters which had been translated, with the translation thereof, to Professor Charles Anthon, a 
dr	1	tore (1.00), mitchell (1.00), serves (1.00), pocket (0.67)	Joseph Smith—História 1:65 — “He then said to me, ‘Let me see that certificate.’ I accordingly took it out of my pocket and gave it to him, when he took it and tore it to pieces, 
mitchell	1	tore (1.00), mitchell (1.00), serves (1.00), pocket (0.67)	Joseph Smith—História 1:65 — “He then said to me, ‘Let me see that certificate.’ I accordingly took it out of my pocket and gave it to him, when he took it and tore it to pieces, 
neutralizada	1	1834 (1.00), mobbed (1.00), mobbing (1.00), counteracted (1.00)	Joseph Smith—História 1:75 — We had been threatened with being mobbed, from time to time, and this, too, by professors of religion. And their intentions of mobbing us were only co
zefate	1	zephath (1.00), hormah (0.20), inhabited (0.05), simeon (0.04)	Juízes 1:17 — And Judah went with Simeon his brother, and they slew the Canaanites that inhabited Zephath, and utterly destroyed it. And the name of the city was ca
quitrom	1	kitron (1.00), nahalol (1.00), tributaries (0.40), zebulun (0.04)	Juízes 1:30 — Neither did Zebulun drive out the inhabitants of Kitron, nor the inhabitants of Nahalol; but the Canaanites dwelt among them, and became tributaries.
naalol	1	kitron (1.00), nahalol (1.00), tributaries (0.40), zebulun (0.04)	Juízes 1:30 — Neither did Zebulun drive out the inhabitants of Kitron, nor the inhabitants of Nahalol; but the Canaanites dwelt among them, and became tributaries.
aco	1	accho (1.00), ahlab (1.00), helbah (1.00), aphik (1.00)	Juízes 1:31 — Neither did Asher drive out the inhabitants of Accho, nor the inhabitants of Zidon, nor of Ahlab, nor of Achzib, nor of Helbah, nor of Aphik, nor of R
alabe	1	accho (1.00), ahlab (1.00), helbah (1.00), aphik (1.00)	Juízes 1:31 — Neither did Asher drive out the inhabitants of Accho, nor the inhabitants of Zidon, nor of Ahlab, nor of Achzib, nor of Helbah, nor of Aphik, nor of R
helba	1	accho (1.00), ahlab (1.00), helbah (1.00), aphik (1.00)	Juízes 1:31 — Neither did Asher drive out the inhabitants of Accho, nor the inhabitants of Zidon, nor of Ahlab, nor of Achzib, nor of Helbah, nor of Aphik, nor of R
aseritas	1	asherites (1.00), canaanites (0.04), drive (0.02), dwelt (0.01)	Juízes 1:32 — But the Asherites dwelt among the Canaanites, the inhabitants of the land: for they did not drive them out.
aijalon	1	heres (1.00), shaalbim (0.67), tributaries (0.40), aijalon (0.25)	Juízes 1:35 — But the Amorites would dwell in mount Heres in Aijalon, and in Shaalbim: yet the hand of the house of Joseph prevailed, so that they became tributarie
timnate-heres	1	timnath-heres (1.00), gaash (0.40), hill (0.02), buried (0.02)	Juízes 2:9 — And they buried him in the border of his inheritance in Timnath-heres, in the mount of Ephraim, on the north side of the hill Gaash.
espoliadores	1	spoilers (0.25), hot (0.06), spoiled (0.04), longer (0.04)	Juízes 2:14 — And the anger of the LORD was hot against Israel, and he delivered them into the hands of spoilers that spoiled them, and he sold them into the hands 
seirá	1	seirath (1.00), quarries (0.67), ehud (0.20), tarried (0.05)	Juízes 3:26 — And Ehud escaped while they tarried, and passed beyond the quarries, and escaped unto Seirath.
corpulentos	1	lusty (1.00), valour (0.05), escaped (0.03), moab (0.01)	Juízes 3:29 — And they slew of Moab at that time about ten thousand men, all lusty, and all men of valour; and there escaped not a man.
aguilhada	1	goad (1.00), shamgar (0.67), anath (0.67), slew (0.01)	Juízes 3:31 — And after him was Shamgar the son of Anath, which slew of the Philistines six hundred men with an ox goad: and he also delivered Israel.
lapidote	1	lapidoth (1.00), prophetess (0.20), deborah (0.18), judged (0.02)	Juízes 4:4 — And Deborah, a prophetess, the wife of Lapidoth, she judged Israel at that time.
zaanaim	1	zaanaim (1.00), hobab (0.67), severed (0.40), kenite (0.33)	Juízes 4:11 — Now Heber the Kenite, which was of the children of Hobab the father in law of Moses, had severed himself from the Kenites, and pitched his tent unto t
meroz	1	meroz (1.00), bitterly (0.20), help (0.01), curse (0.01)	Juízes 5:23 — Curse ye Meroz, said the angel of the LORD, curse ye bitterly the inhabitants thereof; because they came not to the help of the LORD, to the help of t
abiezrita	1	abiezrite (1.00), threshed (0.50), ophrah (0.22), oak (0.13)	Juízes 6:11 — And there came an angel of the LORD, and sat under an oak which was in Ophrah, that pertained unto Joash the Abiezrite: and his son Gideon threshed wh
trouxe-lho	1	broth (0.50), oak (0.13), pot (0.10), basket (0.09)	Juízes 6:19 — And Gideon went in, and made ready a kid, and unleavened cakes of an ephah of flour: the flesh he put in a basket, and he put the broth in a pot, and 
harode	1	harod (1.00), moreh (0.40), jerubbaal (0.14), midianites (0.08)	Juízes 7:1 — Then Jerubbaal, who is Gideon, and all the people that were with him, rose up early, and pitched beside the well of Harod: so that the host of the Mid
zererá	1	beth-shittah (1.00), zererath (1.00), tabbath (1.00), abel-meholah (0.67)	Juízes 7:22 — And the three hundred blew the trumpets, and the LORD set every man's sword against his fellow, even throughout all the host: and the host fled to Bet
bete-sita	1	beth-shittah (1.00), zererath (1.00), tabbath (1.00), abel-meholah (0.67)	Juízes 7:22 — And the three hundred blew the trumpets, and the LORD set every man's sword against his fellow, even throughout all the host: and the host fled to Bet
tabate	1	beth-shittah (1.00), zererath (1.00), tabbath (1.00), abel-meholah (0.67)	Juízes 7:22 — And the three hundred blew the trumpets, and the LORD set every man's sword against his fellow, even throughout all the host: and the host fled to Bet
carcor	1	karkor (1.00), zebah (0.20), zalmunna (0.20), fifteen (0.06)	Juízes 8:10 — Now Zebah and Zalmunna were in Karkor, and their hosts with them, about fifteen thousand men, all that were left of all the hosts of the children of t
meonenim	1	meonenim (1.00), gaal (0.20), middle (0.10), along (0.05)	Juízes 9:37 — And Gaal spake again and said, See there come people down by the middle of the land, and another company come along by the plain of Meonenim.
aruma	1	arumah (1.00), zebul (0.33), gaal (0.20), shechem (0.04)	Juízes 9:41 — And Abimelech dwelt at Arumah: and Zebul thrust out Gaal and his brethren, that they should not dwell in Shechem.
berite	1	berith (1.00), shechem (0.04), tower (0.03), entered (0.01)	Juízes 9:46 — And when all the men of the tower of Shechem heard that, they entered into an hold of the house of the god Berith.
camom	1	camon (1.00), jair (0.18), buried (0.02), died (0.01)	Juízes 10:5 — And Jair died, and was buried in Camon.
sidoneus	1	maonites (1.00), zidonians (0.20), oppress (0.07), amalekites (0.05)	Juízes 10:12 — The Zidonians also, and the Amalekites, and the Maonites, did oppress you; and ye cried to me, and I delivered you out of their hand.
maonitas	1	maonites (1.00), zidonians (0.20), oppress (0.07), amalekites (0.05)	Juízes 10:12 — The Zidonians also, and the Amalekites, and the Maonites, did oppress you; and ye cried to me, and I delivered you out of their hand.
restitui-ma	1	jabbok (0.25), peaceably (0.15), arnon (0.08), jephthah (0.08)	Juízes 11:13 — And the king of the children of Ammon answered unto the messengers of Jephthah, Because Israel took away my land, when they came up out of Egypt, from
abel-queramim	1	minnith (0.67), aroer (0.12), subdued (0.09), vineyards (0.04)	Juízes 11:33 — And he smote them from Aroer, even till thou come to Minnith, even twenty cities, and unto the plain of the vineyards, with a very great slaughter. Th
chibolete	1	shibboleth (1.00), sibboleth (1.00), ephraimites (0.40), passages (0.20)	Juízes 12:6 — Then said they unto him, Say now Shibboleth: and he said Sibboleth: for he could not frame to pronounce it right. Then they took him, and slew him at 
sibolete	1	shibboleth (1.00), sibboleth (1.00), ephraimites (0.40), passages (0.20)	Juízes 12:6 — Then said they unto him, Say now Shibboleth: and he said Sibboleth: for he could not frame to pronounce it right. Then they took him, and slew him at 
piratom	1	pirathon (1.00), hillel (0.67), pirathonite (0.33), abdon (0.22)	Juízes 12:15 — And Abdon the son of Hillel the Pirathonite died, and was buried in Pirathon in the land of Ephraim, in the mount of the Amalekites.
tomai-ma	1	timnath (0.29), get (0.01), philistines (0.01), mother (0.01)	Juízes 14:2 — And he came up, and told his father and his mother, and said, I have seen a woman in Timnath of the daughters of the Philistines: now therefore get he
ascalonitas	1	ashkelon (0.22), riddle (0.20), expounded (0.13), change (0.05)	Juízes 14:19 — And the Spirit of the LORD came upon him, and he went down to Ashkelon, and slew thirty men of them, and took their spoil, and gave change of garments
timnita	1	timnite (1.00), companion (0.13), samson (0.06), philistines (0.01)	Juízes 15:6 — Then the Philistines said, Who hath done this? And they answered, Samson, the son in law of the Timnite, because he had taken his wife, and given her 
ramate-leí	1	ramath-lehi (1.00), jawbone (0.50), speaking (0.02), end (0.00)	Juízes 15:17 — And it came to pass, when he had made an end of speaking, that he cast away the jawbone out of his hand, and called that place Ramath-lehi.
gazitas	1	gazites (1.00), quiet (0.06), samson (0.06), compassed (0.05)	Juízes 16:2 — And it was told the Gazites, saying, Samson is come hither. And they compassed him in, and laid wait for him all night in the gate of the city, and we
umbreiras	1	midnight (0.14), bar (0.11), shoulders (0.07), samson (0.06)	Juízes 16:3 — And Samson lay till midnight, and arose at midnight, and took the doors of the gate of the city, and the two posts, and went away with them, bar and a
soreque	1	sorek (1.00), delilah (0.29), afterward (0.03), loved (0.02)	Juízes 16:4 — And it came to pass afterward, that he loved a woman in the valley of Sorek, whose name was Delilah.
liços	1	weavest (1.00), web (0.40), delilah (0.29), locks (0.13)	Juízes 16:13 — And Delilah said unto Samson, Hitherto thou hast mocked me, and told me lies: tell me wherewith thou mightest be bound. And he said unto her, If thou 
liço	1	pin (0.67), web (0.40), awaked (0.22), beam (0.11)	Juízes 16:14 — And she fastened it with the pin, and said unto him, The Philistines be upon thee, Samson. And he awaked out of his sleep, and went away with the pin 
possessor	1	magistrate (0.50), careless (0.33), laish (0.22), zidonians (0.20)	Juízes 18:7 — Then the five men departed, and came to Laish, and saw the people that were therein, how they dwelt careless, after the manner of the Zidonians, quiet
maané-dã	1	mahaneh-dan (1.00), kirjath-jearim (0.11), behind (0.03), pitched (0.02)	Juízes 18:12 — And they went up, and pitched in Kirjath-jearim, in Judah: wherefore they called that place Mahaneh-dan unto this day: behold, it is behind Kirjath-je
baal-tamar	1	baal-tamar (1.00), meadows (1.00), liers (0.20), array (0.06)	Juízes 20:33 — And all the men of Israel rose up out of their place, and put themselves in array at Baal-tamar: and the liers in wait of Israel came forth out of the
lebona	1	lebonah (1.00), yearly (0.20), highway (0.10), shiloh (0.06)	Juízes 21:19 — Then they said, Behold, there is a feast of the LORD in Shiloh yearly in a place which is on the north side of Beth-el, on the east side of the highwa
ranchos	1	dances (0.29), dance (0.13), catch (0.09), shiloh (0.06)	Juízes 21:21 — And see, and, behold, if the daughters of Shiloh come out to dance in dances, then come ye out of the vineyards, and catch you every man his wife of t
pasmosamente	1	wonderfully (0.33), skirts (0.22), remembereth (0.15), magnified (0.09)	Lamentações 1:9 — Her filthiness is in her skirts; she remembereth not her last end; therefore she came down wonderfully: she had no comforter. O LORD, behold my afflic
negrume	1	blacker (1.00), visage (0.40), coal (0.33), stick (0.17)	Lamentações 4:8 — Their visage is blacker than a coal; they are not known in the streets: their skin cleaveth to their bones; it is withered, it is become like a stick.
esvaem	1	pine (0.22), stricken (0.09), want (0.05), hunger (0.04)	Lamentações 4:9 — They that be slain with the sword are better than they that be slain with hunger: for these pine away, stricken through for want of the fruits of the 
compassivas	1	pitiful (0.50), sodden (0.33), women (0.01), destruction (0.01)	Lamentações 4:10 — The hands of the pitiful women have sodden their own children: they were their meat in the destruction of the daughter of my people.
espinhaço	1	backbone (1.00), rump (0.33), inwards (0.12), covereth (0.06)	Levítico 3:9 — And he shall offer of the sacrifice of the peace offering an offering made by fire unto the LORD; the fat thereof, and the whole rump, it shall he tak
geco	1	ferret (1.00), chameleon (1.00), lizard (1.00), mole (1.00)	Levítico 11:30 — And the ferret, and the chameleon, and the lizard, and the snail, and the mole.
esmaecidas	1	darkish (1.00), freckled (1.00), spots (0.33), groweth (0.12)	Levítico 13:39 — Then the priest shall look: and, behold, if the bright spots in the skin of their flesh be darkish white; it is a freckled spot that groweth in the sk
impigem	1	darkish (1.00), freckled (1.00), spots (0.33), groweth (0.12)	Levítico 13:39 — Then the priest shall look: and, behold, if the bright spots in the skin of their flesh be darkish white; it is a freckled spot that groweth in the sk
brotante	1	spreading (0.22), warp (0.20), woof (0.20), either (0.03)	Levítico 13:57 — And if it appear still in the garment, either in the warp, or in the woof, or in any thing of skin; it is a spreading plague: thou shalt burn that whe
dízima	1	log (0.33), waved (0.29), mingled (0.04), flour (0.03)	Levítico 14:21 — And if he be poor, and cannot get so much; then he shall take one lamb for a trespass offering to be waved, to make an atonement for him, and one tent
cobrir-seá	1	attired (1.00), breeches (0.33), mitre (0.20), coat (0.07)	Levítico 16:4 — He shall put on the holy linen coat, and he shall have the linen breeches upon his flesh, and shall be girded with a linen girdle, and with the linen 
bagos	1	glean (0.20), grape (0.20), stranger (0.02), leave (0.01)	Levítico 19:10 — And thou shalt not glean thy vineyard, neither shalt thou gather every grape of thy vineyard; thou shalt leave them for the poor and stranger: I am th
repreeender	1	rebuke (0.04), neighbour (0.02), hate (0.02), suffer (0.01)	Levítico 19:17 — Thou shalt not hate thy brother in thine heart: thou shalt in any wise rebuke thy neighbour, and not suffer sin upon him.
verrugoso	1	wen (1.00), scurvy (0.67), scabbed (0.67), maimed (0.22)	Levítico 22:22 — Blind, or broken, or maimed, or having a wen, or scurvy, or scabbed, ye shall not offer these unto the LORD, nor make an offering by fire of them upon
sarnoso	1	wen (1.00), scurvy (0.67), scabbed (0.67), maimed (0.22)	Levítico 22:22 — Blind, or broken, or maimed, or having a wen, or scurvy, or scabbed, ye shall not offer these unto the LORD, nor make an offering by fire of them upon
dibri	1	dibri (1.00), israelitish (0.67), woman's (0.25), shelomith (0.20)	Levítico 24:11 — And the Israelitish woman's son blasphemed the name of the LORD, and cursed. And they brought him unto Moses: (and his mother's name was Shelomith, th
restituí-lo-á	1	killeth (0.08), restore (0.04), beast (0.01), death (0.00)	Levítico 24:21 — And he that killeth a beast, he shall restore it: and he that killeth a man, he shall be put to death.
restituir-lha	1	jubile (0.10), bought (0.04), restore (0.04), sold (0.02)	Levítico 25:28 — But if he be not able to restore it to him, then that which is sold shall remain in the hand of him that hath bought it until the year of jubile: and 
murada	1	walled (0.40), sell (0.04), dwelling (0.04), redeem (0.03)	Levítico 25:29 — And if a man sell a dwelling house in a walled city, then he may redeem it within a whole year after it is sold; within a full year may he redeem it.
timões	1	bondmen (0.12), yoke (0.03), upright (0.03), bands (0.03)	Levítico 26:13 — I am the LORD your God, which brought you forth out of the land of Egypt, that ye should not be their bondmen; and I have broken the bands of your yok
agraciada	1	favoured (0.14), highly (0.13), hail (0.05), women (0.01)	Lucas 1:28 — And the angel came in unto her, and said, Hail, thou that art highly favoured, the Lord is with thee: blessed art thou among women.
pôr-lhe-ás	1	conceive (0.12), womb (0.03), call (0.01), bring (0.00)	Lucas 1:31 — And, behold, thou shalt conceive in thy womb, and bring forth a son, and shalt call his name JESUS.
quirino	1	cyrenius (1.00), taxing (0.67), syria (0.03), governor (0.02)	Lucas 2:2 — (And this taxing was first made when Cyrenius was governor of Syria.)
fanuel	1	anna (1.00), phanuel (1.00), aser (0.67), prophetess (0.20)	Lucas 2:36 — And there was one Anna, a prophetess, the daughter of Phanuel, of the tribe of Aser: she was of a great age, and had lived with an husband seven years
tibério	1	tiberius (1.00), ituraea (1.00), trachonitis (1.00), lysanias (1.00)	Lucas 3:1 — Now in the fifteenth year of the reign of Tiberius Caesar, Pontius Pilate being governor of Judaea, and Herod being tetrarch of Galilee, and his broth
itureia	1	tiberius (1.00), ituraea (1.00), trachonitis (1.00), lysanias (1.00)	Lucas 3:1 — Now in the fifteenth year of the reign of Tiberius Caesar, Pontius Pilate being governor of Judaea, and Herod being tetrarch of Galilee, and his broth
traconites	1	tiberius (1.00), ituraea (1.00), trachonitis (1.00), lysanias (1.00)	Lucas 3:1 — Now in the fifteenth year of the reign of Tiberius Caesar, Pontius Pilate being governor of Judaea, and Herod being tetrarch of Galilee, and his broth
lisânias	1	tiberius (1.00), ituraea (1.00), trachonitis (1.00), lysanias (1.00)	Lucas 3:1 — Now in the fifteenth year of the reign of Tiberius Caesar, Pontius Pilate being governor of Judaea, and Herod being tetrarch of Galilee, and his broth
abilene	1	tiberius (1.00), ituraea (1.00), trachonitis (1.00), lysanias (1.00)	Lucas 3:1 — Now in the fifteenth year of the reign of Tiberius Caesar, Pontius Pilate being governor of Judaea, and Herod being tetrarch of Galilee, and his broth
corpórea	1	shape (0.67), bodily (0.40), dove (0.09), descended (0.06)	Lucas 3:22 — And the Holy Ghost descended in a bodily shape like a dove upon him, and a voice came from heaven, which said, Thou art my beloved Son; in thee I am w
ausentasse	1	stayed (0.06), desert (0.04), depart (0.01), sought (0.01)	Lucas 4:42 — And when it was day, he departed and went into a desert place: and the people sought him, and came unto him, and stayed him, that he should not depart
genesaré	1	gennesaret (0.50), pressed (0.12), lake (0.09), stood (0.00)	Lucas 5:1 — And it came to pass, that, as the people pressed upon him to hear the word of God, he stood by the lake of Gennesaret,
coletoria	1	receipt (0.50), publican (0.29), custom (0.07), sitting (0.04)	Lucas 5:27 — And after these things he went forth, and saw a publican, named Levi, sitting at the receipt of custom: and he said unto him, Follow me.
recalcada	1	mete (0.22), pressed (0.12), shaken (0.06), running (0.06)	Lucas 6:38 — Give, and it shall be given unto you; good measure, pressed down, and shaken together, and running over, shall men give into your bosom. For with the 
naim	1	nain (1.00), disciples (0.01), much (0.00), called (0.00)	Lucas 7:11 — And it came to pass the day after, that he went into a city called Nain; and many of his disciples went with him, and much people.
enxugava-lhos	1	wipe (0.22), hairs (0.12), ointment (0.08), kissed (0.07)	Lucas 7:38 — And stood at his feet behind him weeping, and began to wash his feet with tears, and did wipe them with the hairs of her head, and kissed his feet, an
ungia-lhos	1	wipe (0.22), hairs (0.12), ointment (0.08), kissed (0.07)	Lucas 7:38 — And stood at his feet behind him weeping, and began to wash his feet with tears, and did wipe them with the hairs of her head, and kissed his feet, an
cuza	1	chuza (1.00), susanna (1.00), joanna (0.50), herod's (0.40)	Lucas 8:3 — And Joanna the wife of Chuza Herod's steward, and Susanna, and many others, which ministered unto him of their substance.
suzana	1	chuza (1.00), susanna (1.00), joanna (0.50), herod's (0.40)	Lucas 8:3 — And Joanna the wife of Chuza Herod's steward, and Susanna, and many others, which ministered unto him of their substance.
possesso	1	ware (0.29), tombs (0.29), devils (0.03), met (0.03)	Lucas 8:27 — And when he went forth to land, there met him out of the city a certain man, which had devils long time, and ware no clothes, neither abode in any hou
concedeu-lho	1	feeding (0.14), swine (0.10), herd (0.09), besought (0.04)	Lucas 8:32 — And there was there an herd of many swine feeding on the mountain: and they besought him that he would suffer them to enter into them. And he suffered
cavalgadura	1	inn (0.33), pouring (0.29), wounds (0.07), care (0.05)	Lucas 10:34 — And went to him, and bound up his wounds, pouring in oil and wine, and set him on his own beast, and brought him to an inn, and took care of him.
dar-lhos	1	importunity (1.00), needeth (0.25), friend (0.03), rise (0.01)	Lucas 11:8 — I say unto you, Though he will not rise and give him, because he is his friend, yet because of his importunity he will rise and give him as many as he
importunação	1	importunity (1.00), needeth (0.25), friend (0.03), rise (0.01)	Lucas 11:8 — I say unto you, Though he will not rise and give him, because he is his friend, yet because of his importunity he will rise and give him as many as he
abrir-se-lhe-á	1	knocketh (0.25), asketh (0.12), findeth (0.06), seeketh (0.03)	Lucas 11:10 — For every one that asketh receiveth; and he that seeketh findeth; and to him that knocketh it shall be opened.
arruda	1	rue (1.00), mint (0.67), undone (0.29), tithe (0.13)	Lucas 11:42 — But woe unto you, Pharisees! for ye tithe mint and rue and all manner of herbs, and pass over judgment and the love of God: these ought ye to have don
vinhateiro	1	dresser (1.00), cumbereth (1.00), seeking (0.06), fig (0.04)	Lucas 13:7 — Then said he unto the dresser of his vineyard, Behold, these three years I come seeking fruit on this fig tree, and find none: cut it down; why cumber
hidrópico	1	dropsy (1.00), certain (0.01), before (0.00), man (0.00)	Lucas 14:2 — And, behold, there was a certain man before him which had the dropsy.
dissolutamente	1	riotous (0.40), wasted (0.09), younger (0.05), substance (0.02)	Lucas 15:13 — And not many days after the younger son gathered all together, and took his journey into a far country, and there wasted his substance with riotous li
bolotas	1	husks (1.00), fain (0.40), swine (0.10), belly (0.04)	Lucas 15:16 — And he would fain have filled his belly with the husks that the swine did eat: and no man gave unto him.
glutonaria	1	overcharged (1.00), surfeiting (1.00), cares (0.33), drunkenness (0.18)	Lucas 21:34 — And take heed to yourselves, lest at any time your hearts be overcharged with surfeiting, and drunkenness, and cares of this life, and so that day com
benfeitores	1	benefactors (1.00), lordship (0.67), exercise (0.06), authority (0.02)	Lucas 22:25 — And he said unto them, The kings of the Gentiles exercise lordship over them; and they that exercise authority upon them are called benefactors.
detento	1	necessity (0.11), release (0.09), feast (0.02), must (0.00)	Lucas 23:17 — (For of necessity he must release one unto them at the feast.)
emaús	1	emmaus (1.00), furlongs (0.33), village (0.11), threescore (0.02)	Lucas 24:13 — And, behold, two of them went that same day to a village called Emmaus, which was from Jerusalem about threescore furlongs.
tardos	1	slow (0.07), fools (0.04), believe (0.01), prophets (0.01)	Lucas 24:25 — Then he said unto them, O fools, and slow of heart to believe all that the prophets have spoken:
boanerges	1	boanerges (1.00), surnamed (0.22), zebedee (0.18), thunder (0.06)	Marcos 3:17 — And James the son of Zebedee, and John the brother of James; and he surnamed them Boanerges, which is, The sons of thunder:
talita	1	talitha (1.00), cumi (1.00), interpreted (0.12), damsel (0.06)	Marcos 5:41 — And he took the damsel by the hand, and said unto her, Talitha cumi; which is, being interpreted, Damsel, I say unto thee, arise.
cumi	1	talitha (1.00), cumi (1.00), interpreted (0.12), damsel (0.06)	Marcos 5:41 — And he took the damsel by the hand, and said unto her, Talitha cumi; which is, being interpreted, Damsel, I say unto thee, arise.
corbã	1	corban (1.00), profited (0.22), mightest (0.08), free (0.02)	Marcos 7:11 — But ye say, If a man shall say to his father or mother, It is Corban, that is to say, a gift, by whatsoever thou mightest be profited by me; he shall 
sirofenícia	1	syrophenician (1.00), greek (0.15), besought (0.04), devil (0.01)	Marcos 7:26 — The woman was a Greek, a Syrophenician by nation; and she besought him that he would cast forth the devil out of her daughter.
efatá	1	ephphatha (1.00), sighed (0.50), looking (0.05), opened (0.01)	Marcos 7:34 — And looking up to heaven, he sighed, and saith unto him, Ephphatha, that is, Be opened.
dalmanuta	1	dalmanutha (1.00), straightway (0.04), ship (0.02), parts (0.02)	Marcos 8:10 — And straightway he entered into a ship with his disciples, and came into the parts of Dalmanutha.
trouxeram-lho	1	wallowed (0.67), foaming (0.67), tare (0.40), straightway (0.04)	Marcos 9:20 — And they brought him unto him: and when he saw him, straightway the spirit tare him; and he fell on the ground, and wallowed foaming.
bartimeu	1	bartimaeus (1.00), timaeus (1.00), begging (0.25), highway (0.10)	Marcos 10:46 — And they came to Jericho: and as he went out of Jericho with his disciples and a great number of people, blind Bartimaeus, the son of Timaeus, sat by 
timeu	1	bartimaeus (1.00), timaeus (1.00), begging (0.25), highway (0.10)	Marcos 10:46 — And they came to Jericho: and as he went out of Jericho with his disciples and a great number of people, blind Bartimaeus, the son of Timaeus, sat by 
concílios	1	councils (0.33), beaten (0.05), synagogues (0.04), rulers (0.02)	Marcos 13:9 — But take heed to yourselves: for they shall deliver you up to councils; and in the synagogues ye shall be beaten: and ye shall be brought before ruler
concílio	1	council (0.02), witness (0.01), sought (0.01), chief (0.01)	Marcos 14:55 — And the chief priests and all the council sought for witness against Jesus to put him to death; and found none.
participai-mo	1	bethlehem (0.22), diligently (0.02), search (0.02), worship (0.01)	Mateus 2:8 — And he sent them to Bethlehem, and said, Go and search diligently for the young child; and when ye have found him, bring me word again, that I may com
arquelau	1	archelaus (1.00), warned (0.11), herod (0.05), judaea (0.05)	Mateus 2:22 — But when he heard that Archelaus did reign in Judaea in the room of his father Herod, he was afraid to go thither: notwithstanding, being warned of Go
lunáticos	1	lunatick (0.67), torments (0.50), palsy (0.14), diseases (0.11)	Mateus 4:24 — And his fame went throughout all Syria: and they brought unto him all sick people that were taken with divers diseases and torments, and those which w
gergesenos	1	gergesenes (1.00), tombs (0.29), fierce (0.03), devils (0.03)	Mateus 8:28 — And when he was come to the other side into the country of the Gergesenes, there met him two possessed with devils, coming out of the tombs, exceeding
lebeu	1	lebbaeus (1.00), thaddaeus (0.67), bartholomew (0.40), alphaeus (0.33)	Mateus 10:3 — Philip, and Bartholomew; Thomas, and Matthew the publican; James the son of Alphaeus, and Lebbaeus, whose surname was Thaddaeus;
natalício	1	birthday (0.50), herod's (0.40), herodias (0.40), danced (0.25)	Mateus 14:6 — But when Herod's birthday was kept, the daughter of Herodias danced before them, and pleased Herod.
endemoniada	1	grievously (0.22), vexed (0.09), coasts (0.04), canaan (0.02)	Mateus 15:22 — And, behold, a woman of Canaan came out of the same coasts, and cried unto him, saying, Have mercy on me, O Lord, thou Son of David; my daughter is gr
magdala	1	magdala (1.00), coasts (0.04), ship (0.02), multitude (0.01)	Mateus 15:39 — And he sent away the multitude, and took ship, and came into the coasts of Magdala.
barjonas	1	bar-jona (1.00), simon (0.03), revealed (0.02), blessed (0.00)	Mateus 16:17 — And Jesus answered and said unto him, Blessed art thou, Simon Bar-jona: for flesh and blood hath not revealed it unto thee, but my Father which is in 
lunático	1	lunatick (0.67), ofttimes (0.50), vexed (0.09), oft (0.07)	Mateus 17:15 — Lord, have mercy on my son: for he is lunatick, and sore vexed: for ofttimes he falleth into the fire, and oft into the water.
estáter	1	hook (0.33), offend (0.06), fish (0.05), piece (0.05)	Mateus 17:27 — Notwithstanding, lest we should offend them, go thou to the sea, and cast an hook, and take up the fish that first cometh up; and when thou hast opene
efígie	1	superscription (0.33), image (0.02), whose (0.00), saith (0.00)	Mateus 22:20 — And he saith unto them, Whose is this image and superscription?
filactérios	1	phylacteries (1.00), enlarge (0.13), broad (0.05), borders (0.02)	Mateus 23:5 — But all their works they do for to be seen of men: they make broad their phylacteries, and enlarge the borders of their garments,
baraquias	1	barachias (1.00), zacharias (0.15), abel (0.08), shed (0.02)	Mateus 23:35 — That upon you may come all the righteous blood shed upon the earth, from the blood of righteous Abel unto the blood of Zacharias son of Barachias, who
derramou-lho	1	alabaster (0.50), box (0.18), ointment (0.08), poured (0.02)	Mateus 26:7 — There came unto him a woman having an alabaster box of very precious ointment, and poured it on his head, as he sat at meat.
afra	1	aphrah (1.00), gath (0.06), roll (0.06), weep (0.03)	Miqueias 1:10 — Declare ye it not at Gath, weep ye not at all: in the house of Aphrah roll thyself in the dust.
safir	1	saphir (1.00), zaanan (1.00), beth-ezel (1.00), inhabitant (0.06)	Miqueias 1:11 — Pass ye away, thou inhabitant of Saphir, having thy shame naked: the inhabitant of Zaanan came not forth in the mourning of Beth-ezel; he shall receiv
zaanã	1	saphir (1.00), zaanan (1.00), beth-ezel (1.00), inhabitant (0.06)	Miqueias 1:11 — Pass ye away, thou inhabitant of Saphir, having thy shame naked: the inhabitant of Zaanan came not forth in the mourning of Beth-ezel; he shall receiv
bete-ezel	1	saphir (1.00), zaanan (1.00), beth-ezel (1.00), inhabitant (0.06)	Miqueias 1:11 — Pass ye away, thou inhabitant of Saphir, having thy shame naked: the inhabitant of Zaanan came not forth in the mourning of Beth-ezel; he shall receiv
marote	1	maroth (1.00), carefully (0.22), inhabitant (0.06), waited (0.05)	Miqueias 1:12 — For the inhabitant of Maroth waited carefully for good: but evil came down from the LORD unto the gate of Jerusalem.
moresete-gate	1	moresheth-gath (1.00), achzib (0.40), presents (0.18), houses (0.01)	Miqueias 1:14 — Therefore shalt thou give presents to Moresheth-gath: the houses of Achzib shall be a lie to the kings of Israel.
chuviscos	1	tarrieth (0.67), showers (0.20), waiteth (0.15), dew (0.05)	Miqueias 5:7 — And the remnant of Jacob shall be in the midst of many people as a dew from the LORD, as the showers upon the grass, that tarrieth not for man, nor wa
espinhal	1	brier (0.50), perplexity (0.50), sharper (0.25), thorn (0.25)	Miqueias 7:4 — The best of them is as a brier: the most upright is sharper than a thorn hedge: the day of thy watchmen and thy visitation cometh; now shall be their 
cobri-la-á	1	mire (0.12), trodden (0.04), streets (0.03), cover (0.02)	Miqueias 7:10 — Then she that is mine enemy shall see it, and shame shall cover her which said unto me, Where is the LORD thy God? mine eyes shall behold her: now sha
reedificados	1	decree (0.03), walls (0.02), removed (0.02), far (0.01)	Miqueias 7:11 — In the day that thy walls are to be built, in that day shall the decree be far removed.
antum	1	antum (1.00), shim (0.50), deposited (0.22), observed (0.11)	Mórmon 1:3 — Therefore, when ye are about twenty and four years old I would that ye should remember the things that ye have observed concerning this people; and wh
derrotamo-los	1	pursue (0.04), beat (0.03), weak (0.03), ourselves (0.03)	Mórmon 2:26 — And it came to pass that when they had fled we did pursue them with our armies, and did meet them again, and did beat them; nevertheless the strength 
ciente	1	preparing (0.07), sixty (0.05), epistle (0.04), making (0.04)	Mórmon 3:4 — And it came to pass that after this tenth year had passed away, making, in the whole, three hundred and sixty years from the coming of Christ, the kin
apoderassem	1	fortify (0.09), stop (0.07), force (0.05), possession (0.01)	Mórmon 3:6 — And there we did place our armies, that we might stop the armies of the Lamanites, that they might not get possession of any of our lands; therefore w
apoderarem	1	teancum (0.06), sixty (0.05), fourth (0.02), possession (0.01)	Mórmon 4:7 — And it came to pass in the three hundred and sixty and fourth year the Lamanites did come against the city Teancum, that they might take possession of
gidgidona	1	giddonah (0.50), gid (0.12), fallen (0.01), ten (0.01)	Mórmon 6:13 — And behold, the ten thousand of Gid– giddonah had fallen, and he also in the midst.
jeneum	1	lamah (1.00), limhah (1.00), jeneum (1.00), cumenihah (1.00)	Mórmon 6:14 — And Lamah had fallen with his ten thousand; and Gilgal had fallen with his ten thousand; and Limhah had fallen with his ten thousand; and Jeneum had f
cumeniá	1	lamah (1.00), limhah (1.00), jeneum (1.00), cumenihah (1.00)	Mórmon 6:14 — And Lamah had fallen with his ten thousand; and Gilgal had fallen with his ten thousand; and Limhah had fallen with his ten thousand; and Jeneum had f
impurezas	1	unshaken (0.40), firmness (0.22), probation (0.18), strip (0.18)	Mórmon 9:28 — Be wise in the days of your probation; strip yourselves of all uncleanness; ask not, that ye may consume it on your lusts, but ask with a firmness uns
inquebrantável	1	unshaken (0.40), firmness (0.22), probation (0.18), strip (0.18)	Mórmon 9:28 — Be wise in the days of your probation; strip yourselves of all uncleanness; ask not, that ye may consume it on your lusts, but ask with a firmness uns
conferi-lo-eis	1	apostles (0.02), prayer (0.01), ghost (0.01), call (0.01)	Morôni 2:2 — And he called them by name, saying: Ye shall call on the Father in my name, in mighty prayer; and after ye have done this ye shall have power that to 
arqueantus	1	archeantus (1.00), luram (1.00), emron (1.00), conquer (0.22)	Morôni 9:2 — For behold, I have had a sore battle with the Lamanites, in which we did not conquer; and Archeantus has fallen by the sword, and also Luram and Emron
lurã	1	archeantus (1.00), luram (1.00), emron (1.00), conquer (0.22)	Morôni 9:2 — For behold, I have had a sore battle with the Lamanites, in which we did not conquer; and Archeantus has fallen by the sword, and also Luram and Emron
enron	1	archeantus (1.00), luram (1.00), emron (1.00), conquer (0.22)	Morôni 9:2 — For behold, I have had a sore battle with the Lamanites, in which we did not conquer; and Archeantus has fallen by the sword, and also Luram and Emron
moriântum	1	moriantum (1.00), depriving (1.00), abomi (0.67), chastity (0.67)	Morôni 9:9 — And notwithstanding this great abomi– nation of the Lamanites, it doth not exceed that of our people in Moriantum. For behold, many of the daughters o
zênefi	1	zenephi (1.00), sherrizah (0.50), wander (0.10), widows (0.06)	Morôni 9:16 — And again, my son, there are many widows and their daughters who remain in Sherrizah; and that part of the provisions which the Lamanites did not carr
jareditas	1	jaredites (1.00), willfulness (1.00), revenge (0.18), seeking (0.06)	Morôni 9:23 — And if they perish it will be like unto the Jaredites, because of the willfulness of their hearts, seeking for blood and revenge.
triunfante	1	reunite (1.00), triumphant (1.00), paradise (0.18), farewell (0.13)	Morôni 10:34 — And now I bid unto all, farewell. I soon go to rest in the paradise of God, until my spirit and body shall again reunite, and I am brought forth trium
rastejantes	1	creeping (0.06), creature (0.04), kind (0.02), cattle (0.01)	Moisés 2:24 — And I, God, said: Let the earth bring forth the living creature after his kind, cattle, and creeping things, and beasts of the earth after their kind,
rastejante	1	creepeth (0.10), fishes (0.07), creeping (0.06), likeness (0.05)	Moisés 2:26 — And I, God, said unto mine Only Begotten , which was with me from the beginning : Let us make man in our image , after our likeness; and it was so. An
impoluta	1	undefiled (0.20), language (0.03), read (0.02), pure (0.01)	Moisés 6:6 — And by them their children were taught to read and write, having a language which was pure and undefiled.
sulon	1	shulon (1.00), cainan (0.13), enos (0.09), ninety (0.06)	Moisés 6:17 — And Enos lived ninety years, and begat Cainan . And Enos and the residue of the people of God came out from the land, which was called Shulon, and dwe
ensurdecidos	1	dull (0.40), hearing (0.05), waxed (0.04), fierce (0.03)	Moisés 6:27 — And he heard a voice from heaven, saying: Enoch , my son, prophesy unto this people, and say unto them—Repent, for thus saith the Lord: I am angry wit
maíja	1	mahijah (1.00), plainly (0.06), comest (0.06), whence (0.02)	Moisés 6:40 — And there came a man unto him, whose name was Mahijah, and said unto him: Tell us plainly who thou art, and from whence thou comest?
maúja	1	mahujah (1.00), journeying (0.13), simeon (0.04), enoch (0.03)	Moisés 7:2 — And from that time forth Enoch began to prophesy, saying unto the people, that: As I was journeying, and stood upon the place Mahujah, and cried unto 
saron	1	heni (1.00), haner (1.00), hanannihah (1.00), sharon (0.22)	Moisés 7:9 — And it came to pass that the Lord said unto me: Look; and I looked, and I beheld the land of Sharon, and the land of Enoch, and the land of Omner, and
heni	1	heni (1.00), haner (1.00), hanannihah (1.00), sharon (0.22)	Moisés 7:9 — And it came to pass that the Lord said unto me: Look; and I looked, and I beheld the land of Sharon, and the land of Enoch, and the land of Omner, and
haner	1	heni (1.00), haner (1.00), hanannihah (1.00), sharon (0.22)	Moisés 7:9 — And it came to pass that the Lord said unto me: Look; and I looked, and I beheld the land of Sharon, and the land of Enoch, and the land of Omner, and
descontentamento	1	displeasure (0.20), floods (0.06), hot (0.06), fierce (0.03)	Moisés 7:34 — And the fire of mine indignation is kindled against them; and in my hot displeasure will I send in the floods upon them, for my fierce anger is kindle
trespassá-las	1	creations (0.29), pierce (0.14), workmanship (0.08), stretch (0.03)	Moisés 7:36 — Wherefore, I can stretch forth mine hands and hold all the creations which I have made; and mine eye can pierce them also, and among all the workmansh
helorum	1	helorum (1.00), prophecies (0.05), mouths (0.05), helaman (0.03)	Mosias 1:2 — And it came to pass that he had three sons; and he called their names Mosiah, and Helorum, and Helaman. And he caused that they should be taught in al
corporais	1	pore (0.67), fatigue (0.29), temptations (0.09), anguish (0.07)	Mosias 3:7 — And lo, he shall suffer temptations, and pain of body, hunger, thirst, and fatigue, even more than man can suffer, except it be unto death; for behold
influxo	1	yields (1.00), enticings (0.67), submissive (0.50), inflict (0.50)	Mosias 3:19 — For the natural man is an enemy to God, and has been from the fall of Adam, and will be, forever and ever, unless he yields to the enticings of the Ho
desnudos	1	quarrel (0.33), transgress (0.07), hungry (0.05), naked (0.03)	Mosias 4:14 — And ye will not suffer your children that they go hungry, or naked; neither will ye suffer that they transgress the laws of God, and fight and quarrel
progênie	1	spiritually (0.12), changed (0.04), begotten (0.03), born (0.01)	Mosias 5:7 — And now, because of the covenant which ye have made ye shall be called the children of Christ, his sons, and his daughters; for behold, this day he ha
inamovíveis	1	abounding (0.33), immovable (0.29), omnipotent (0.25), steadfast (0.20)	Mosias 5:15 — Therefore, I would that ye should be steadfast and immovable, always abounding in good works, that Christ, the Lord God Omnipotent, may seal you his, 
desamarrados	1	questions (0.11), permitted (0.10), loosed (0.03), bands (0.03)	Mosias 7:8 — And it came to pass when they had been in prison two days they were again brought before the king, and their bands were loosed; and they stood before 
vendaval	1	poison (0.12), chaff (0.09), effect (0.08), filthiness (0.07)	Mosias 7:30 — And again, he saith: If my people shall sow filthiness they shall reap the chaff thereof in the whirlwind; and the effect thereof is poison.
tolerante	1	impenetrable (1.00), understandings (0.33), marvelous (0.03), rule (0.02)	Mosias 8:20 — O how marvelous are the works of the Lord, and how long doth he suffer with his people; yea, and how blind and impenetrable are the understandings of 
neas	1	neas (1.00), sheum (1.00), seeds (0.14), barley (0.05)	Mosias 9:9 — And we began to till the ground, yea, even with all manner of seeds, with seeds of corn, and of wheat, and of barley, and with neas, and with sheum, a
seum	1	neas (1.00), sheum (1.00), seeds (0.14), barley (0.05)	Mosias 9:9 — And we began to till the ground, yea, even with all manner of seeds, with seeds of corn, and of wheat, and of barley, and with neas, and with sheum, a
cinturão	1	leathern (0.67), shaved (0.33), cimeters (0.22), slings (0.20)	Mosias 10:8 — And it came to pass that they came up upon the north of the land of Shilom, with their numerous hosts, men armed with bows, and with arrows, and with 
desabrochada	1	pretendeth (1.00), blossoms (0.40), thistle (0.40), bloweth (0.29)	Mosias 12:12 — And again, he saith thou shalt be as the blossoms of a thistle, which, when it is fully ripe, if the wind bloweth, it is driven forth upon the face of
atreveu	1	luster (0.67), shone (0.17), abinadi (0.06), sinai (0.05)	Mosias 13:5 — Now it came to pass after Abinadi had spoken these words that the people of king Noah durst not lay their hands on him, for the Spirit of the Lord was
reputamo-lo	1	griefs (0.67), esteem (0.11), stricken (0.09), sorrows (0.07)	Mosias 14:4 — Surely he has borne our griefs, and carried our sorrows; yet we did esteem him stricken, smitten of God, and afflicted.
prefiguração	1	shadow (0.02), teach (0.01), law (0.00), moses (0.00)	Mosias 16:14 — Therefore, if ye teach the law of Moses, also teach that it is a shadow of those things which are to come—
entrelaçados	1	unity (0.40), knit (0.25), contention (0.05), baptism (0.03)	Mosias 18:21 — And he commanded them that there should be no contention one with another, but that they should look forward with one eye, having one faith and one ba
rastros	1	tracks (1.00), longer (0.04), pursued (0.04), lost (0.02)	Mosias 22:16 — And after they had pursued them two days, they could no longer follow their tracks; therefore they were lost in the wilderness.
amistosos	1	friendly (0.20), amulon (0.11), anything (0.06), abinadi (0.06)	Mosias 24:5 — And they were a people friendly one with another; nevertheless they knew not God; neither did the brethren of Amulon teach them anything concerning th
povoações	1	quarters (0.09), numerous (0.04), scatter (0.04), large (0.04)	Mosias 27:6 — And there began to be much peace again in the land; and the people began to be very numerous, and began to scatter abroad upon the face of the earth, 
elcosita	1	nahum (1.00), elkoshite (1.00), nineveh (0.11), burden (0.03)	Naum 1:1 — The burden of Nineveh. The book of the vision of Nahum the Elkoshite.
aparelhamento	1	torches (0.40), terribly (0.33), preparation (0.12), flaming (0.11)	Naum 2:3 — The shield of his mighty men is made red, the valiant men are in scarlet: the chariots shall be with flaming torches in the day of his preparation, an
brandidas	1	torches (0.40), terribly (0.33), preparation (0.12), flaming (0.11)	Naum 2:3 — The shield of his mighty men is made red, the valiant men are in scarlet: the chariots shall be with flaming torches in the day of his preparation, an
relampejante	1	horseman (0.67), corpses (0.50), glittering (0.29), lifteth (0.18)	Naum 3:3 — The horseman lifteth up both the bright sword and the glittering spear: and there is a multitude of slain, and a great number of carcases; and there i
nô-amom	1	populous (0.67), rampart (0.67), situate (0.50), rivers (0.03)	Naum 3:8 — Art thou better than populous No, that was situate among the rivers, that had the waters round about it, whose rampart was the sea, and her wall was f
esplanada	1	populous (0.67), rampart (0.67), situate (0.50), rivers (0.03)	Naum 3:8 — Art thou better than populous No, that was situate among the rivers, that had the waters round about it, whose rampart was the sea, and her wall was f
imri	1	imri (0.67), zaccur (0.22), builded (0.04), jericho (0.03)	Neemias 3:2 — And next unto him builded the men of Jericho. And next to them builded Zaccur the son of Imri.
hassenaá	1	hassenaah (1.00), beams (0.15), locks (0.13), bars (0.06)	Neemias 3:3 — But the fish gate did the sons of Hassenaah build, who also laid the beams thereof, and set up the doors thereof, the locks thereof, and the bars ther
besodias	1	besodeiah (1.00), paseah (0.50), beams (0.15), locks (0.13)	Neemias 3:6 — Moreover the old gate repaired Jehoiada the son of Paseah, and Meshullam the son of Besodeiah; they laid the beams thereof, and set up the doors there
melatias	1	melatiah (1.00), jadon (1.00), gibeonite (0.67), meronothite (0.67)	Neemias 3:7 — And next unto them repaired Melatiah the Gibeonite, and Jadon the Meronothite, the men of Gibeon, and of Mizpah, unto the throne of the governor on th
jadom	1	melatiah (1.00), jadon (1.00), gibeonite (0.67), meronothite (0.67)	Neemias 3:7 — And next unto them repaired Melatiah the Gibeonite, and Jadon the Meronothite, the men of Gibeon, and of Mizpah, unto the throne of the governor on th
haraías	1	harhaiah (1.00), apothecaries (1.00), goldsmiths (0.67), fortified (0.18)	Neemias 3:8 — Next unto him repaired Uzziel the son of Harhaiah, of the goldsmiths. Next unto him also repaired Hananiah the son of one of the apothecaries, and the
harumafe	1	harumaph (1.00), hashabniah (0.67), hattush (0.33), jedaiah (0.14)	Neemias 3:10 — And next unto them repaired Jedaiah the son of Harumaph, even over against his house. And next unto him repaired Hattush the son of Hashabniah.
col-hosé	1	shallun (1.00), siloah (1.00), col-hozeh (0.67), stairs (0.18)	Neemias 3:15 — But the gate of the fountain repaired Shallun the son of Col-hozeh, the ruler of part of Mizpah; he built it, and covered it, and set up the doors the
azbuque	1	azbuk (1.00), beth-zur (0.40), nehemiah (0.22), sepulchres (0.13)	Neemias 3:16 — After him repaired Nehemiah the son of Azbuk, the ruler of the half part of Beth-zur, unto the place over against the sepulchres of David, and to the 
bavai	1	bavai (1.00), henadad (0.40), keilah (0.12), repaired (0.05)	Neemias 3:18 — After him repaired their brethren, Bavai the son of Henadad, the ruler of the half part of Keilah.
palal	1	palal (1.00), uzai (1.00), parosh (0.33), pedaiah (0.22)	Neemias 3:25 — Palal the son of Uzai, over against the turning of the wall, and the tower which lieth out from the king's high house, that was by the court of the pr
uzai	1	palal (1.00), uzai (1.00), parosh (0.33), pedaiah (0.22)	Neemias 3:25 — Palal the son of Uzai, over against the turning of the wall, and the tower which lieth out from the king's high house, that was by the court of the pr
zalafe	1	zalaph (1.00), shelemiah (0.18), hanun (0.18), berechiah (0.18)	Neemias 3:30 — After him repaired Hananiah the son of Shelemiah, and Hanun the sixth son of Zalaph, another piece. After him repaired Meshullam the son of Berechiah 
mifcade	1	goldsmith's (1.00), miphkad (1.00), malchiah (0.20), nethinims (0.12)	Neemias 3:31 — After him repaired Malchiah the goldsmith's son unto the place of the Nethinims, and of the merchants, over against the gate Miphkad, and to the going
permitir-se-lhes-á	1	rubbish (0.67), revive (0.22), feeble (0.09), fortify (0.09)	Neemias 4:2 — And he spake before his brethren and the army of Samaria, and said, What do these feeble Jews? will they fortify themselves? will they sacrifice? will
centésimo	1	oliveyards (0.33), hundredth (0.20), exact (0.20), vineyards (0.04)	Neemias 5:11 — Restore, I pray you, to them, even this day, their lands, their vineyards, their oliveyards, and their houses, also the hundredth part of the money, a
restituir-lho-emos	1	require (0.05), sayest (0.04), restore (0.04), oath (0.02)	Neemias 5:12 — Then said they, We will restore them, and will require nothing of them; so will we do as thou sayest. Then I called the priests, and took an oath of t
noadia	1	noadiah (0.67), prophetess (0.20), sanballat (0.18), tobiah (0.13)	Neemias 6:14 — My God, think thou upon Tobiah and Sanballat according to these their works, and on the prophetess Noadiah, and the rest of the prophets, that would h
elul	1	elul (1.00), finished (0.03), fifth (0.02), fifty (0.01)	Neemias 6:15 — So the wall was finished in the twenty and fifth day of the month Elul, in fifty and two days.
raamias	1	raamiah (1.00), nahamani (1.00), mispereth (1.00), nehum (1.00)	Neemias 7:7 — Who came with Zerubbabel, Jeshua, Nehemiah, Azariah, Raamiah, Nahamani, Mordecai, Bilshan, Mispereth, Bigvai, Nehum, Baanah. The number, I say, of the
naamani	1	raamiah (1.00), nahamani (1.00), mispereth (1.00), nehum (1.00)	Neemias 7:7 — Who came with Zerubbabel, Jeshua, Nehemiah, Azariah, Raamiah, Nahamani, Mordecai, Bilshan, Mispereth, Bigvai, Nehum, Baanah. The number, I say, of the
misperete	1	raamiah (1.00), nahamani (1.00), mispereth (1.00), nehum (1.00)	Neemias 7:7 — Who came with Zerubbabel, Jeshua, Nehemiah, Azariah, Raamiah, Nahamani, Mordecai, Bilshan, Mispereth, Bigvai, Nehum, Baanah. The number, I say, of the
bete-azmavete	1	beth-azmaveth (1.00), forty (0.01), two (0.00), men (0.00)	Neemias 7:28 — The men of Beth-azmaveth, forty and two.
hodeva	1	hodevah (1.00), kadmiel (0.22), jeshua (0.06), seventy (0.02)	Neemias 7:43 — The Levites: the children of Jeshua, of Kadmiel, and of the children of Hodevah, seventy and four.
lebana	1	lebana (1.00), hagaba (1.00), shalmai (0.67), children (0.00)	Neemias 7:48 — The children of Lebana, the children of Hagaba, the children of Shalmai,
salmai	1	lebana (1.00), hagaba (1.00), shalmai (0.67), children (0.00)	Neemias 7:48 — The children of Lebana, the children of Hagaba, the children of Shalmai,
besai	1	meunim (1.00), nephishesim (1.00), besai (0.67), children (0.00)	Neemias 7:52 — The children of Besai, the children of Meunim, the children of Nephishesim,
meunim	1	meunim (1.00), nephishesim (1.00), besai (0.67), children (0.00)	Neemias 7:52 — The children of Besai, the children of Meunim, the children of Nephishesim,
nefussim	1	meunim (1.00), nephishesim (1.00), besai (0.67), children (0.00)	Neemias 7:52 — The children of Besai, the children of Meunim, the children of Nephishesim,
bazlite	1	bazlith (1.00), mehida (0.67), harsha (0.67), children (0.00)	Neemias 7:54 — The children of Bazlith, the children of Mehida, the children of Harsha,
tamá	1	tamah (1.00), barkos (0.67), sisera (0.10), children (0.00)	Neemias 7:55 — The children of Barkos, the children of Sisera, the children of Tamah,
nesia	1	neziah (0.67), hatipha (0.67), children (0.00)	Neemias 7:56 — The children of Neziah, the children of Hatipha.
perida	1	perida (1.00), sotai (0.67), sophereth (0.67), solomon's (0.07)	Neemias 7:57 — The children of Solomon's servants: the children of Sotai, the children of Sophereth, the children of Perida,
jaalá	1	jaala (1.00), darkon (0.67), giddel (0.40), children (0.00)	Neemias 7:58 — The children of Jaala, the children of Darkon, the children of Giddel,
adom	1	tel-haresha (1.00), addon (1.00), tel-melah (0.67), immer (0.18)	Neemias 7:61 — And these were they which went up also from Tel-melah, Tel-haresha, Cherub, Addon, and Immer: but they could not shew their father's house, nor their 
melquias	1	hashbadana (1.00), pulpit (0.67), anaiah (0.67), hashum (0.33)	Neemias 8:4 — And Ezra the scribe stood upon a pulpit of wood, which they had made for the purpose; and beside him stood Mattithiah, and Shema, and Anaiah, and Urij
hasbadana	1	hashbadana (1.00), pulpit (0.67), anaiah (0.67), hashum (0.33)	Neemias 8:4 — And Ezra the scribe stood upon a pulpit of wood, which they had made for the purpose; and beside him stood Mattithiah, and Shema, and Anaiah, and Urij
oliveiras-bravas	1	myrtle (0.29), booths (0.25), pine (0.22), publish (0.08)	Neemias 8:15 — And that they should publish and proclaim in all their cities, and in Jerusalem, saying, Go forth unto the mount, and fetch olive branches, and pine b
quenani	1	chenani (1.00), bunni (0.50), shebaniah (0.25), kadmiel (0.22)	Neemias 9:4 — Then stood up upon the stairs, of the Levites, Jeshua, and Bani, Kadmiel, Shebaniah, Bunni, Sherebiah, Bani, and Chenani, and cried with a loud voice 
bilgai	1	bilgai (1.00), maaziah (0.67), shemaiah (0.05), priests (0.00)	Neemias 10:8 — Maaziah, Bilgai, Shemaiah: these were the priests.
azanias	1	azaniah (1.00), henadad (0.40), binnui (0.25), kadmiel (0.22)	Neemias 10:9 — And the Levites: both Jeshua the son of Azaniah, Binnui of the sons of Henadad, Kadmiel;
beninu	1	beninu (1.00), hodijah (0.33), bani (0.13)	Neemias 10:13 — Hodijah, Bani, Beninu.
nebai	1	nebai (1.00), hariph (0.67), anathoth (0.11)	Neemias 10:19 — Hariph, Anathoth, Nebai,
magpias	1	magpiash (1.00), hezir (0.67), meshullam (0.08)	Neemias 10:20 — Magpiash, Meshullam, Hezir,
sobeque	1	hallohesh (1.00), pileha (1.00), shobek (1.00)	Neemias 10:24 — Hallohesh, Pileha, Shobek,
hasabná	1	hashabnah (1.00), rehum (0.22), maaseiah (0.08)	Neemias 10:25 — Rehum, Hashabnah, Maaseiah,
ataías	1	athaiah (1.00), perez (0.50), mahalaleel (0.17), shephatiah (0.15)	Neemias 11:4 — And at Jerusalem dwelt certain of the children of Judah, and of the children of Benjamin. Of the children of Judah; Athaiah the son of Uzziah, the son
col-hoze	1	hazaiah (1.00), shiloni (1.00), col-hozeh (0.67), joiarib (0.33)	Neemias 11:5 — And Maaseiah the son of Baruch, the son of Col-hozeh, the son of Hazaiah, the son of Adaiah, the son of Joiarib, the son of Zechariah, the son of Shil
hazaías	1	hazaiah (1.00), shiloni (1.00), col-hozeh (0.67), joiarib (0.33)	Neemias 11:5 — And Maaseiah the son of Baruch, the son of Col-hozeh, the son of Hazaiah, the son of Adaiah, the son of Joiarib, the son of Zechariah, the son of Shil
siloni	1	hazaiah (1.00), shiloni (1.00), col-hozeh (0.67), joiarib (0.33)	Neemias 11:5 — And Maaseiah the son of Baruch, the son of Col-hozeh, the son of Hazaiah, the son of Adaiah, the son of Joiarib, the son of Zechariah, the son of Shil
joede	1	joed (1.00), kolaiah (0.67), ithiel (0.67), jesaiah (0.67)	Neemias 11:7 — And these are the sons of Benjamin; Sallu the son of Meshullam, the son of Joed, the son of Pedaiah, the son of Kolaiah, the son of Maaseiah, the son 
senua	1	senuah (1.00), overseer (0.25), zichri (0.15), joel (0.09)	Neemias 11:9 — And Joel the son of Zichri was their overseer: and Judah the son of Senuah was second over the city.
pelalias	1	pelaliah (1.00), amzi (0.67), adaiah (0.20), malchiah (0.20)	Neemias 11:12 — And their brethren that did the work of the house were eight hundred twenty and two: and Adaiah the son of Jeroham, the son of Pelaliah, the son of Am
gedolim	1	zabdiel (0.67), overseer (0.25), valour (0.05), eight (0.02)	Neemias 11:14 — And their brethren, mighty men of valour, an hundred twenty and eight: and their overseer was Zabdiel, the son of one of the great men.
gispa	1	gispa (1.00), ziha (0.50), ophel (0.33), nethinims (0.12)	Neemias 11:21 — But the Nethinims dwelt in Ophel: and Ziha and Gispa were over the Nethinims.
jecabzeel	1	jekabzeel (1.00), kirjath-arba (0.29), dibon (0.20), villages (0.03)	Neemias 11:25 — And for the villages, with their fields, some of the children of Judah dwelt at Kirjath-arba, and in the villages thereof, and at Dibon, and in the vi
molada	1	beth-phelet (1.00), moladah (0.40), jeshua (0.06)	Neemias 11:26 — And at Jeshua, and at Moladah, and at Beth-phelet,
bete-pelete	1	beth-phelet (1.00), moladah (0.40), jeshua (0.06)	Neemias 11:26 — And at Jeshua, and at Moladah, and at Beth-phelet,
mecona	1	mekonah (1.00), ziklag (0.15), villages (0.03), thereof (0.00)	Neemias 11:28 — And at Ziklag, and at Mekonah, and in the villages thereof,
en-rimom	1	en-rimmon (1.00), zareah (1.00), jarmuth (0.25)	Neemias 11:29 — And at En-rimmon, and at Zareah, and at Jarmuth,
nebalate	1	neballat (1.00), hadid (0.50), zeboim (0.33)	Neemias 11:34 — Hadid, Zeboim, Neballat,
repartimentos	1	divisions (0.10), benjamin (0.01), levites (0.01), judah (0.00)	Neemias 11:36 — And of the Levites were divisions in Judah, and in Benjamin.
ginetoi	1	ginnetho (1.00), iddo (0.14), abijah (0.10)	Neemias 12:4 — Iddo, Ginnetho, Abijah,
maadias	1	maadiah (1.00), miamin (0.67), bilgah (0.50)	Neemias 12:5 — Miamin, Maadiah, Bilgah,
meraías	1	meraiah (1.00), joiakim (0.50), seraiah (0.11), hananiah (0.07)	Neemias 12:12 — And in the days of Joiakim were priests, the chief of the fathers: of Seraiah, Meraiah; of Jeremiah, Hananiah;
maluqui	1	melicu (1.00), shebaniah (0.25), jonathan (0.02), joseph (0.00)	Neemias 12:14 — Of Melicu, Jonathan; of Shebaniah, Joseph;
helcai	1	helkai (1.00), adna (0.67), meraioth (0.25), harim (0.17)	Neemias 12:15 — Of Harim, Adna; of Meraioth, Helkai;
moadias	1	moadiah (1.00), piltai (1.00), miniamin (0.50), zichri (0.15)	Neemias 12:17 — Of Abijah, Zichri; of Miniamin, of Moadiah, Piltai;
piltai	1	moadiah (1.00), piltai (1.00), miniamin (0.50), zichri (0.15)	Neemias 12:17 — Of Abijah, Zichri; of Miniamin, of Moadiah, Piltai;
serabias	1	sherebiah (0.22), kadmiel (0.22), hashabiah (0.13), ward (0.08)	Neemias 12:24 — And the chief of the Levites: Hashabiah, Sherebiah, and Jeshua the son of Kadmiel, with their brethren over against them, to praise and to give thanks
netofati	1	netophathi (1.00), singers (0.05), villages (0.03), plain (0.02)	Neemias 12:28 — And the sons of the singers gathered themselves together, both out of the plain country round about Jerusalem, and from the villages of Netophathi;
milalai	1	azarael (1.00), milalai (1.00), gilalai (1.00), maai (1.00)	Neemias 12:36 — And his brethren, Shemaiah, and Azarael, Milalai, Gilalai, Maai, Nethaneel, and Judah, Hanani, with the musical instruments of David the man of God, a
gilalai	1	azarael (1.00), milalai (1.00), gilalai (1.00), maai (1.00)	Neemias 12:36 — And his brethren, Shemaiah, and Azarael, Milalai, Gilalai, Maai, Nethaneel, and Judah, Hanani, with the musical instruments of David the man of God, a
maai	1	azarael (1.00), milalai (1.00), gilalai (1.00), maai (1.00)	Neemias 12:36 — And his brethren, Shemaiah, and Azarael, Milalai, Gilalai, Maai, Nethaneel, and Judah, Hanani, with the musical instruments of David the man of God, a
miniamin	1	miniamin (0.50), michaiah (0.25), elioenai (0.22), eliakim (0.13)	Neemias 12:41 — And the priests; Eliakim, Maaseiah, Miniamin, Michaiah, Elioenai, Zechariah, and Hananiah, with trumpets;
jezraías	1	jezrahiah (1.00), jehohanan (0.29), malchijah (0.29), overseer (0.25)	Neemias 12:42 — And Maaseiah, and Shemaiah, and Eleazar, and Uzzi, and Jehohanan, and Malchijah, and Elam, and Ezer. And the singers sang loud, with Jezrahiah their o
asdodita	1	jews' (0.13), ashdod (0.11), speech (0.03), language (0.03)	Neemias 13:24 — And their children spake half in the speech of Ashdod, and could not speak in the Jews' language, but according to the language of each people.
aíra	1	ahira (0.33), enan (0.33), naphtali (0.04), son (0.00)	Números 1:15 — Of Naphtali; Ahira the son of Enan.
amrão	1	izehar (1.00), amram (0.14), uzziel (0.12), kohath (0.07)	Números 3:19 — And the sons of Kohath by their families; Amram, and Izehar, Hebron, and Uzziel.
maeli	1	mushi (0.22), mahli (0.18), merari (0.05), families (0.01)	Números 3:20 — And the sons of Merari by their families; Mahli, and Mushi. These are the families of the Levites according to the house of their fathers.
simeítas	1	shimites (1.00), libnites (0.67), gershonites (0.20), gershon (0.11)	Números 3:21 — Of Gershon was the family of the Libnites, and the family of the Shimites: these are the families of the Gershonites.
lael	1	lael (1.00), eliasaph (0.29), gershonites (0.20), chief (0.01)	Números 3:24 — And the chief of the house of the father of the Gershonites shall be Eliasaph the son of Lael.
amramitas	1	izeharites (1.00), amramites (0.67), uzzielites (0.67), hebronites (0.33)	Números 3:27 — And of Kohath was the family of the Amramites, and the family of the Izeharites, and the family of the Hebronites, and the family of the Uzzielites: t
jizaritas	1	izeharites (1.00), amramites (0.67), uzzielites (0.67), hebronites (0.33)	Números 3:27 — And of Kohath was the family of the Amramites, and the family of the Izeharites, and the family of the Hebronites, and the family of the Uzzielites: t
superintendência	1	oversight (0.17), eleazar (0.03), charge (0.02), sanctuary (0.01)	Números 3:32 — And Eleazar the son of Aaron the priest shall be chief over the chief of the Levites, and have the oversight of them that keep the charge of the sanct
zuriel	1	zuriel (1.00), abihail (0.29), pitch (0.06), merari (0.05)	Números 3:35 — And the chief of the house of the father of the families of Merari was Zuriel the son of Abihail: these shall pitch on the side of the tabernacle nort
pôr-lhe-ão	1	badgers' (0.13), cloth (0.09), skins (0.07), wholly (0.06)	Números 4:6 — And shall put thereon the covering of badgers' skins, and shall spread over it a cloth wholly of blue, and shall put in the staves thereof.
amaldiçoantes	1	lain (0.29), uncleanness (0.05), causeth (0.05), instead (0.04)	Números 5:19 — And the priest shall charge her by an oath, and say unto the woman, If no man have lain with thee, and if thou hast not gone aside to uncleanness with
beberagem	1	moist (1.00), liquor (0.67), vinegar (0.17), grapes (0.05)	Números 6:3 — He shall separate himself from wine and strong drink, and shall drink no vinegar of wine, or vinegar of strong drink, neither shall he drink any liquo
populacho	1	mixt (1.00), lusting (1.00), wept (0.03), fell (0.01)	Números 11:4 — And the mixt multitude that was among them fell a lusting: and the children of Israel also wept again, and said, Who shall give us flesh to eat?
alho-poró	1	melons (1.00), leeks (1.00), onions (1.00), garlick (1.00)	Números 11:5 — We remember the fish, which we did eat in Egypt freely; the cucumbers, and the melons, and the leeks, and the onions, and the garlick:
gral	1	mills (1.00), mortar (0.67), baked (0.40), pans (0.40)	Números 11:8 — And the people went about, and gathered it, and ground it in mills, or beat it in a mortar, and baked it in pans, and made cakes of it: and the taste 
proíbe-lho	1	nun (0.07), forbid (0.05), joshua (0.01), young (0.01)	Números 11:28 — And Joshua the son of Nun, the servant of Moses, one of his young men, answered and said, My lord Moses, forbid them.
rafu	1	palti (1.00), raphu (1.00), benjamin (0.01), tribe (0.01)	Números 13:9 — Of the tribe of Benjamin, Palti the son of Raphu.
gadiel	1	gaddiel (1.00), sodi (1.00), zebulun (0.04), tribe (0.01)	Números 13:10 — Of the tribe of Zebulun, Gaddiel the son of Sodi.
sodi	1	gaddiel (1.00), sodi (1.00), zebulun (0.04), tribe (0.01)	Números 13:10 — Of the tribe of Zebulun, Gaddiel the son of Sodi.
susi	1	gaddi (1.00), susi (1.00), namely (0.06), manasseh (0.01)	Números 13:11 — Of the tribe of Joseph, namely, of the tribe of Manasseh, Gaddi the son of Susi.
gemali	1	gemalli (1.00), ammiel (0.29), dan (0.03), tribe (0.01)	Números 13:12 — Of the tribe of Dan, Ammiel the son of Gemalli.
setur	1	sethur (1.00), michael (0.08), asher (0.05), tribe (0.01)	Números 13:13 — Of the tribe of Asher, Sethur the son of Michael.
nabi	1	nahbi (1.00), vophsi (1.00), naphtali (0.04), tribe (0.01)	Números 13:14 — Of the tribe of Naphtali, Nahbi the son of Vophsi.
vofsi	1	nahbi (1.00), vophsi (1.00), naphtali (0.04), tribe (0.01)	Números 13:14 — Of the tribe of Naphtali, Nahbi the son of Vophsi.
geuel	1	geuel (1.00), machi (1.00), gad (0.03), tribe (0.01)	Números 13:15 — Of the tribe of Gad, Geuel the son of Machi.
maqui	1	geuel (1.00), machi (1.00), gad (0.03), tribe (0.01)	Números 13:15 — Of the tribe of Gad, Geuel the son of Machi.
ministerial	1	vail (0.06), priest's (0.04), office (0.02), gift (0.02)	Números 18:7 — Therefore thou and thy sons with thee shall keep your priest's office for every thing of the altar, and within the vail; and ye shall serve: I have gi
contar-se-vos-á	1	winepress (0.13), threshingfloor (0.11), reckoned (0.08), heave (0.08)	Números 18:27 — And this your heave offering shall be reckoned unto you, as though it were the corn of the threshingfloor, and as the fulness of the winepress.
zin	1	zin (0.20), miriam (0.14), kadesh (0.11), desert (0.04)	Números 20:1 — Then came the children of Israel, even the whole congregation, into the desert of Zin in the first month: and the people abode in Kadesh; and Miriam d
ije-abarim	1	ije-abarim (0.67), oboth (0.40), sunrising (0.18), journeyed (0.04)	Números 21:11 — And they journeyed from Oboth, and pitched at Ije-abarim, in the wilderness which is before Moab, toward the sunrising.
vaebe	1	brooks (0.13), arnon (0.08), red (0.03), wars (0.03)	Números 21:14 — Wherefore it is said in the book of the wars of the LORD, What he did in the Red sea, and in the brooks of Arnon,
sufá	1	brooks (0.13), arnon (0.08), red (0.03), wars (0.03)	Números 21:14 — Wherefore it is said in the book of the wars of the LORD, What he did in the Red sea, and in the brooks of Arnon,
nofá	1	nophah (1.00), medeba (0.33), dibon (0.20), reacheth (0.14)	Números 21:30 — We have shot at them; Heshbon is perished even unto Dibon, and we have laid them waste even unto Nophah, which reacheth unto Medeba.
quiriate-huzote	1	kirjath-huzoth (1.00), balak (0.05), balaam (0.03), went (0.00)	Números 22:39 — And Balaam went with Balak, and they came unto Kirjath-huzoth.
amaldiçoa-mo	1	utmost (0.14), balak (0.05), whence (0.02), mayest (0.02)	Números 23:13 — And Balak said unto him, Come, I pray thee, with me unto another place, from whence thou mayest see them: thou shalt see but the utmost part of them, 
zofim	1	zophim (1.00), pisgah (0.33), altars (0.04), ram (0.02)	Números 23:14 — And he brought him into the field of Zophim, to the top of Pisgah, and built seven altars, and offered a bullock and a ram on every altar.
quenitas	1	dwellingplace (0.50), kenites (0.25), puttest (0.25), nest (0.12)	Números 24:21 — And he looked on the Kenites, and took up his parable, and said, Strong is thy dwellingplace, and thou puttest thy nest in a rock.
quenita	1	kenite (0.33), asshur (0.22), wasted (0.09), captive (0.02)	Números 24:22 — Nevertheless the Kenite shall be wasted, until Asshur shall carry thee away captive.
enoquitas	1	hanochites (1.00), palluites (1.00), pallu (0.40), hanoch (0.33)	Números 26:5 — Reuben, the eldest son of Israel: the children of Reuben; Hanoch, of whom cometh the family of the Hanochites: of Pallu, the family of the Palluites:
paluítas	1	hanochites (1.00), palluites (1.00), pallu (0.40), hanoch (0.33)	Números 26:5 — Reuben, the eldest son of Israel: the children of Reuben; Hanoch, of whom cometh the family of the Hanochites: of Pallu, the family of the Palluites:
hezronitas	1	carmites (1.00), hezronites (0.67), carmi (0.22), hezron (0.11)	Números 26:6 — Of Hezron, the family of the Hezronites: of Carmi, the family of the Carmites.
carmitas	1	carmites (1.00), hezronites (0.67), carmi (0.22), hezron (0.11)	Números 26:6 — Of Hezron, the family of the Hezronites: of Carmi, the family of the Carmites.
nemuelitas	1	nemuelites (1.00), jaminites (1.00), jachinites (1.00), nemuel (0.50)	Números 26:12 — The sons of Simeon after their families: of Nemuel, the family of the Nemuelites: of Jamin, the family of the Jaminites: of Jachin, the family of the 
jaminitas	1	nemuelites (1.00), jaminites (1.00), jachinites (1.00), nemuel (0.50)	Números 26:12 — The sons of Simeon after their families: of Nemuel, the family of the Nemuelites: of Jamin, the family of the Jaminites: of Jachin, the family of the 
jaquinitas	1	nemuelites (1.00), jaminites (1.00), jachinites (1.00), nemuel (0.50)	Números 26:12 — The sons of Simeon after their families: of Nemuel, the family of the Nemuelites: of Jamin, the family of the Jaminites: of Jachin, the family of the 
saulitas	1	shaulites (1.00), zarhites (0.33), shaul (0.25), zerah (0.10)	Números 26:13 — Of Zerah, the family of the Zarhites: of Shaul, the family of the Shaulites.
zefom	1	zephon (1.00), zephonites (1.00), haggites (1.00), shunites (1.00)	Números 26:15 — The children of Gad after their families: of Zephon, the family of the Zephonites: of Haggi, the family of the Haggites: of Shuni, the family of the S
zefonitas	1	zephon (1.00), zephonites (1.00), haggites (1.00), shunites (1.00)	Números 26:15 — The children of Gad after their families: of Zephon, the family of the Zephonites: of Haggi, the family of the Haggites: of Shuni, the family of the S
hagitas	1	zephon (1.00), zephonites (1.00), haggites (1.00), shunites (1.00)	Números 26:15 — The children of Gad after their families: of Zephon, the family of the Zephonites: of Haggi, the family of the Haggites: of Shuni, the family of the S
sunitas	1	zephon (1.00), zephonites (1.00), haggites (1.00), shunites (1.00)	Números 26:15 — The children of Gad after their families: of Zephon, the family of the Zephonites: of Haggi, the family of the Haggites: of Shuni, the family of the S
ozni	1	ozni (1.00), oznites (1.00), erites (1.00), eri (0.67)	Números 26:16 — Of Ozni, the family of the Oznites: of Eri, the family of the Erites:
oznitas	1	ozni (1.00), oznites (1.00), erites (1.00), eri (0.67)	Números 26:16 — Of Ozni, the family of the Oznites: of Eri, the family of the Erites:
eritas	1	ozni (1.00), oznites (1.00), erites (1.00), eri (0.67)	Números 26:16 — Of Ozni, the family of the Oznites: of Eri, the family of the Erites:
arode	1	arod (1.00), arodites (1.00), arelites (1.00), areli (0.67)	Números 26:17 — Of Arod, the family of the Arodites: of Areli, the family of the Arelites.
aroditas	1	arod (1.00), arodites (1.00), arelites (1.00), areli (0.67)	Números 26:17 — Of Arod, the family of the Arodites: of Areli, the family of the Arelites.
arelitas	1	arod (1.00), arodites (1.00), arelites (1.00), areli (0.67)	Números 26:17 — Of Arod, the family of the Arodites: of Areli, the family of the Arelites.
selanitas	1	shelanites (1.00), pharzites (1.00), zarhites (0.33), shelah (0.18)	Números 26:20 — And the sons of Judah after their families were; of Shelah, the family of the Shelanites: of Pharez, the family of the Pharzites: of Zerah, the family
perezitas	1	shelanites (1.00), pharzites (1.00), zarhites (0.33), shelah (0.18)	Números 26:20 — And the sons of Judah after their families were; of Shelah, the family of the Shelanites: of Pharez, the family of the Pharzites: of Zerah, the family
hezromitas	1	hamulites (1.00), hezronites (0.67), hamul (0.50), pharez (0.18)	Números 26:21 — And the sons of Pharez were; of Hezron, the family of the Hezronites: of Hamul, the family of the Hamulites.
hamulitas	1	hamulites (1.00), hezronites (0.67), hamul (0.50), pharez (0.18)	Números 26:21 — And the sons of Pharez were; of Hezron, the family of the Hezronites: of Hamul, the family of the Hamulites.
tolaítas	1	tolaites (1.00), pua (1.00), punites (1.00), tola (0.33)	Números 26:23 — Of the sons of Issachar after their families: of Tola, the family of the Tolaites: of Pua, the family of the Punites:
puvitas	1	tolaites (1.00), pua (1.00), punites (1.00), tola (0.33)	Números 26:23 — Of the sons of Issachar after their families: of Tola, the family of the Tolaites: of Pua, the family of the Punites:
jasubitas	1	jashubites (1.00), shimronites (1.00), jashub (0.50), shimron (0.33)	Números 26:24 — Of Jashub, the family of the Jashubites: of Shimron, the family of the Shimronites.
sinronitas	1	jashubites (1.00), shimronites (1.00), jashub (0.50), shimron (0.33)	Números 26:24 — Of Jashub, the family of the Jashubites: of Shimron, the family of the Shimronites.
sereditas	1	sardites (1.00), elonites (1.00), jahleelites (1.00), sered (0.67)	Números 26:26 — Of the sons of Zebulun after their families: of Sered, the family of the Sardites: of Elon, the family of the Elonites: of Jahleel, the family of the 
elonitas	1	sardites (1.00), elonites (1.00), jahleelites (1.00), sered (0.67)	Números 26:26 — Of the sons of Zebulun after their families: of Sered, the family of the Sardites: of Elon, the family of the Elonites: of Jahleel, the family of the 
jaleelitas	1	sardites (1.00), elonites (1.00), jahleelites (1.00), sered (0.67)	Números 26:26 — Of the sons of Zebulun after their families: of Sered, the family of the Sardites: of Elon, the family of the Elonites: of Jahleel, the family of the 
zebulonitas	1	zebulunites (1.00), threescore (0.02), numbered (0.01), families (0.01)	Números 26:27 — These are the families of the Zebulunites according to those that were numbered of them, threescore thousand and five hundred.
maquiritas	1	machirites (1.00), gileadites (0.40), machir (0.10), gilead (0.02)	Números 26:29 — Of the sons of Manasseh: of Machir, the family of the Machirites: and Machir begat Gilead: of Gilead come the family of the Gileadites.
helequitas	1	jeezer (1.00), jeezerites (1.00), helekites (1.00), helek (0.67)	Números 26:30 — These are the sons of Gilead: of Jeezer, the family of the Jeezerites: of Helek, the family of the Helekites:
asrielitas	1	asrielites (1.00), shechemites (1.00), asriel (0.67), shechem (0.04)	Números 26:31 — And of Asriel, the family of the Asrielites: and of Shechem, the family of the Shechemites:
siquemitas	1	asrielites (1.00), shechemites (1.00), asriel (0.67), shechem (0.04)	Números 26:31 — And of Asriel, the family of the Asrielites: and of Shechem, the family of the Shechemites:
semidaítas	1	shemidaites (1.00), hepherites (1.00), shemida (0.67), hepher (0.20)	Números 26:32 — And of Shemida, the family of the Shemidaites: and of Hepher, the family of the Hepherites.
heferitas	1	shemidaites (1.00), hepherites (1.00), shemida (0.67), hepher (0.20)	Números 26:32 — And of Shemida, the family of the Shemidaites: and of Hepher, the family of the Hepherites.
sutelaítas	1	shuthalhites (1.00), bachrites (1.00), tahanites (1.00), tahan (0.67)	Números 26:35 — These are the sons of Ephraim after their families: of Shuthelah, the family of the Shuthalhites: of Becher, the family of the Bachrites: of Tahan, th
bequeritas	1	shuthalhites (1.00), bachrites (1.00), tahanites (1.00), tahan (0.67)	Números 26:35 — These are the sons of Ephraim after their families: of Shuthelah, the family of the Shuthalhites: of Becher, the family of the Bachrites: of Tahan, th
taanitas	1	shuthalhites (1.00), bachrites (1.00), tahanites (1.00), tahan (0.67)	Números 26:35 — These are the sons of Ephraim after their families: of Shuthelah, the family of the Shuthalhites: of Becher, the family of the Bachrites: of Tahan, th
erã	1	eran (1.00), eranites (1.00), shuthelah (0.40), family (0.02)	Números 26:36 — And these are the sons of Shuthelah: of Eran, the family of the Eranites.
eranitas	1	eran (1.00), eranites (1.00), shuthelah (0.40), family (0.02)	Números 26:36 — And these are the sons of Shuthelah: of Eran, the family of the Eranites.
belaítas	1	belaites (1.00), ashbelites (1.00), ahiram (1.00), ahiramites (1.00)	Números 26:38 — The sons of Benjamin after their families: of Bela, the family of the Belaites: of Ashbel, the family of the Ashbelites: of Ahiram, the family of the 
asbelitas	1	belaites (1.00), ashbelites (1.00), ahiram (1.00), ahiramites (1.00)	Números 26:38 — The sons of Benjamin after their families: of Bela, the family of the Belaites: of Ashbel, the family of the Ashbelites: of Ahiram, the family of the 
airã	1	belaites (1.00), ashbelites (1.00), ahiram (1.00), ahiramites (1.00)	Números 26:38 — The sons of Benjamin after their families: of Bela, the family of the Belaites: of Ashbel, the family of the Ashbelites: of Ahiram, the family of the 
airamitas	1	belaites (1.00), ashbelites (1.00), ahiram (1.00), ahiramites (1.00)	Números 26:38 — The sons of Benjamin after their families: of Bela, the family of the Belaites: of Ashbel, the family of the Ashbelites: of Ahiram, the family of the 
sufã	1	shupham (1.00), shuphamites (1.00), hupham (1.00), huphamites (1.00)	Números 26:39 — Of Shupham, the family of the Shuphamites: of Hupham, the family of the Huphamites.
sufamitas	1	shupham (1.00), shuphamites (1.00), hupham (1.00), huphamites (1.00)	Números 26:39 — Of Shupham, the family of the Shuphamites: of Hupham, the family of the Huphamites.
hufã	1	shupham (1.00), shuphamites (1.00), hupham (1.00), huphamites (1.00)	Números 26:39 — Of Shupham, the family of the Shuphamites: of Hupham, the family of the Huphamites.
hufamitas	1	shupham (1.00), shuphamites (1.00), hupham (1.00), huphamites (1.00)	Números 26:39 — Of Shupham, the family of the Shuphamites: of Hupham, the family of the Huphamites.
arditas	1	ardites (1.00), naamites (1.00), ard (0.67), bela (0.14)	Números 26:40 — And the sons of Bela were Ard and Naaman: of Ard, the family of the Ardites: and of Naaman, the family of the Naamites.
naamanitas	1	ardites (1.00), naamites (1.00), ard (0.67), bela (0.14)	Números 26:40 — And the sons of Bela were Ard and Naaman: of Ard, the family of the Ardites: and of Naaman, the family of the Naamites.
suã	1	shuham (1.00), shuhamites (0.67), dan (0.03), family (0.02)	Números 26:42 — These are the sons of Dan after their families: of Shuham, the family of the Shuhamites. These are the families of Dan after their families.
imnaítas	1	jimna (1.00), jimnites (1.00), jesui (1.00), jesuites (1.00)	Números 26:44 — Of the children of Asher after their families: of Jimna, the family of the Jimnites: of Jesui, the family of the Jesuites: of Beriah, the family of th
isvitas	1	jimna (1.00), jimnites (1.00), jesui (1.00), jesuites (1.00)	Números 26:44 — Of the children of Asher after their families: of Jimna, the family of the Jimnites: of Jesui, the family of the Jesuites: of Beriah, the family of th
beriítas	1	jimna (1.00), jimnites (1.00), jesui (1.00), jesuites (1.00)	Números 26:44 — Of the children of Asher after their families: of Jimna, the family of the Jimnites: of Jesui, the family of the Jesuites: of Beriah, the family of th
heberitas	1	heberites (1.00), malchielites (1.00), malchiel (0.50), beriah (0.18)	Números 26:45 — Of the sons of Beriah: of Heber, the family of the Heberites: of Malchiel, the family of the Malchielites.
malquielitas	1	heberites (1.00), malchielites (1.00), malchiel (0.50), beriah (0.18)	Números 26:45 — Of the sons of Beriah: of Heber, the family of the Heberites: of Malchiel, the family of the Malchielites.
jazeelitas	1	jahzeelites (1.00), gunites (1.00), jahzeel (0.67), guni (0.40)	Números 26:48 — Of the sons of Naphtali after their families: of Jahzeel, the family of the Jahzeelites: of Guni, the family of the Gunites:
gunitas	1	jahzeelites (1.00), gunites (1.00), jahzeel (0.67), guni (0.40)	Números 26:48 — Of the sons of Naphtali after their families: of Jahzeel, the family of the Jahzeelites: of Guni, the family of the Gunites:
silemitas	1	jezerites (1.00), shillemites (1.00), shillem (0.67), jezer (0.50)	Números 26:49 — Of Jezer, the family of the Jezerites: of Shillem, the family of the Shillemites.
meraritas	1	merarites (1.00), gershonites (0.20), kohathites (0.13), gershon (0.11)	Números 26:57 — And these are they that were numbered of the Levites after their families: of Gershon, the family of the Gershonites: of Kohath, the family of the Koh
servos-á	1	blowing (0.40), servile (0.15), convocation (0.13), trumpets (0.04)	Números 29:1 — And in the seventh month, on the first day of the month, ye shall have an holy convocation; ye shall do no servile work: it is a day of blowing the tr
sebã	1	shebam (1.00), beon (1.00), nimrah (0.50), ataroth (0.33)	Números 32:3 — Ataroth, and Dibon, and Jazer, and Nimrah, and Heshbon, and Elealeh, and Shebam, and Nebo, and Beon,
beom	1	shebam (1.00), beon (1.00), nimrah (0.50), ataroth (0.33)	Números 32:3 — Ataroth, and Dibon, and Jazer, and Nimrah, and Heshbon, and Elealeh, and Shebam, and Nebo, and Beon,
atarote-sofã	1	atroth (1.00), shophan (1.00), jaazer (0.67), jogbehah (0.67)	Números 32:35 — And Atroth, Shophan, and Jaazer, and Jogbehah,
bete-ninra	1	beth-haran (1.00), beth-nimrah (0.67), folds (0.33), fenced (0.05)	Números 32:36 — And Beth-nimrah, and Beth-haran, fenced cities: and folds for sheep.
bete-harã	1	beth-haran (1.00), beth-nimrah (0.67), folds (0.33), fenced (0.05)	Números 32:36 — And Beth-nimrah, and Beth-haran, fenced cities: and folds for sheep.
eleal	1	kirjathaim (0.50), elealeh (0.33), heshbon (0.05), reuben (0.03)	Números 32:37 — And the children of Reuben built Heshbon, and Elealeh, and Kirjathaim,
hairote	1	marah (0.50), pi-hahiroth (0.40), etham (0.40), days' (0.14)	Números 33:8 — And they departed from before Pi-hahiroth, and passed through the midst of the sea into the wilderness, and went three days' journey in the wilderness
abel-sitim	1	beth-jesimoth (1.00), abel-shittim (1.00), plains (0.06), pitched (0.02)	Números 33:49 — And they pitched by Jordan, from Beth-jesimoth even unto Abel-shittim in the plains of Moab.
hazar-adar	1	hazar-addar (1.00), akrabbim (0.67), azmon (0.50), ascent (0.40)	Números 34:4 — And your border shall turn from the south to the ascent of Akrabbim, and pass on to Zin: and the going forth thereof shall be from the south to Kadesh
zifrom	1	ziphron (1.00), hazar-enan (0.40), goings (0.08), border (0.02)	Números 34:9 — And the border shall go on to Ziphron, and the goings out of it shall be at Hazar-enan: this shall be your north border.
quislom	1	elidad (1.00), chislon (1.00), benjamin (0.01), tribe (0.01)	Números 34:21 — Of the tribe of Benjamin, Elidad the son of Chislon.
jogli	1	jogli (1.00), bukki (0.40), dan (0.03), prince (0.02)	Números 34:22 — And the prince of the tribe of the children of Dan, Bukki the son of Jogli.
siftã	1	shiphtan (1.00), kemuel (0.50), prince (0.02), ephraim (0.01)	Números 34:24 — And the prince of the tribe of the children of Ephraim, Kemuel the son of Shiphtan.
parnaque	1	parnach (1.00), elizaphan (0.40), zebulun (0.04), prince (0.02)	Números 34:25 — And the prince of the tribe of the children of Zebulun, Elizaphan the son of Parnach.
azã	1	paltiel (1.00), azzan (1.00), issachar (0.05), prince (0.02)	Números 34:26 — And the prince of the tribe of the children of Issachar, Paltiel the son of Azzan.
selomi	1	shelomi (1.00), ahihud (0.67), asher (0.05), prince (0.02)	Números 34:27 — And the prince of the tribe of the children of Asher, Ahihud the son of Shelomi.
pedael	1	pedahel (1.00), ammihud (0.18), naphtali (0.04), prince (0.02)	Números 34:28 — And the prince of the tribe of the children of Naphtali, Pedahel the son of Ammihud.
pedrada	1	throwing (0.40), murderer (0.10), wherewith (0.01), smite (0.01)	Números 35:17 — And if he smite him with throwing a stone, wherewith he may die, and he die, he is a murderer: the murderer shall surely be put to death.
esquadrinhadas	1	searched (0.07), hidden (0.07), esau (0.03), sought (0.01)	Obadias 1:6 — How are the things of Esau searched out! how are his hidden things sought up!
engulirão	1	swallow (0.08), drunk (0.06), continually (0.01), mountain (0.01)	Obadias 1:16 — For as ye have drunk upon my holy mountain, so shall all the heathen drink continually, yea, they shall drink, and they shall swallow down, and they s
sefarade	1	sepharad (1.00), zarephath (0.50), canaanites (0.04), possess (0.01)	Obadias 1:20 — And the captivity of this host of the children of Israel shall possess that of the Canaanites, even unto Zarephath; and the captivity of Jerusalem, wh
desavença	1	stiffnecked (0.06), leader (0.06), contention (0.05), zarahemla (0.01)	Ômni 1:28 — Wherefore, they went up into the wilderness. And their leader being a strong and mighty man, and a stiffnecked man, wherefore he caused a contention a
filemom	1	philemon (1.00), fellowlabourer (0.67), timothy (0.22), prisoner (0.13)	Filemom 1:1 — Paul, a prisoner of Jesus Christ, and Timothy our brother, unto Philemon our dearly beloved, and fellowlabourer,
áfia	1	apphia (1.00), archippus (0.67), fellowsoldier (0.67), beloved (0.01)	Filemom 1:2 — And to our beloved Apphia, and Archippus our fellowsoldier, and to the church in thy house:
pretoriana	1	bonds (0.05), palace (0.04), manifest (0.02), places (0.01)	Filipenses 1:13 — So that my bonds in Christ are manifest in all the palace, and in all other places;
confiantemente	1	waxing (1.00), confident (0.22), bold (0.14), bonds (0.05)	Filipenses 1:14 — And many of the brethren in the Lord, waxing confident by my bonds, are much more bold to speak the word without fear.
usurpação	1	robbery (0.20), equal (0.04), form (0.04), thought (0.02)	Filipenses 2:6 — Who, being in the form of God, thought it not robbery to be equal with God:
enviar-vo-lo	1	presently (0.33), soon (0.02), hope (0.01), send (0.01)	Filipenses 2:23 — Him therefore I hope to send presently, so soon as I shall see how it will go with me.
cidadania	1	conversation (0.09), saviour (0.05), whence (0.02), look (0.01)	Filipenses 3:20 — For our conversation is in heaven; from whence also we look for the Saviour, the Lord Jesus Christ:
evódia	1	euodias (1.00), syntyche (1.00), beseech (0.03), mind (0.01)	Filipenses 4:2 — I beseech Euodias, and beseech Syntyche, that they be of the same mind in the Lord.
síntique	1	euodias (1.00), syntyche (1.00), beseech (0.03), mind (0.01)	Filipenses 4:2 — I beseech Euodias, and beseech Syntyche, that they be of the same mind in the Lord.
filipenses	1	philippians (1.00), communicated (0.50), receiving (0.09), macedonia (0.08)	Filipenses 4:15 — Now ye Philippians know also, that in the beginning of the gospel, when I departed from Macedonia, no church communicated with me as concerning giving
vilipêndio	1	wiped (0.40), dishonour (0.17), wound (0.07), reproach (0.02)	Provérbios 6:33 — A wound and dishonour shall he get; and his reproach shall not be wiped away.
saquitel	1	bag (0.17), home (0.03), money (0.01), appointed (0.01)	Provérbios 7:20 — He hath taken a bag of money with him, and will come home at the day appointed.
trespassassem	1	foundations (0.05), decree (0.03), commandment (0.01), appointed (0.01)	Provérbios 8:29 — When he gave to the sea his decree, that the waters should not pass his commandment: when he appointed the foundations of the earth:
redargue	1	rebuketh (0.40), reproveth (0.33), getteth (0.20), scorner (0.14)	Provérbios 9:7 — He that reproveth a scorner getteth to himself shame: and he that rebuketh a wicked man getteth himself a blot.
displicente	1	slack (0.22), dealeth (0.18), becometh (0.08), diligent (0.05)	Provérbios 10:4 — He becometh poor that dealeth with a slack hand: but the hand of the diligent maketh rich.
apodrecimento	1	virtuous (0.29), rottenness (0.29), crown (0.02), bones (0.02)	Provérbios 12:4 — A virtuous woman is a crown to her husband: but she that maketh ashamed is as rottenness in his bones.
amigavelmente	1	sticketh (1.00), closer (1.00), friendly (0.20), friend (0.03)	Provérbios 18:24 — A man that hath friends must shew himself friendly: and there is a friend that sticketh closer than a brother.
apagar-se-lhe-á	1	obscure (0.50), curseth (0.15), lamp (0.14), whoso (0.02)	Provérbios 20:20 — Whoso curseth his father or his mother, his lamp shall be put out in obscure darkness.
vergões	1	blueness (1.00), cleanseth (0.50), stripes (0.11), wound (0.07)	Provérbios 20:30 — The blueness of a wound cleanseth away evil: so do stripes the inward parts of the belly.
frouxo	1	adversity (0.17), faint (0.04), small (0.01), strength (0.01)	Provérbios 24:10 — If thou faint in the day of adversity, thy strength is small.
gargantilhas	1	reprover (0.67), earring (0.33), ornament (0.20), obedient (0.06)	Provérbios 25:12 — As an earring of gold, and an ornament of fine gold, so is a wise reprover upon an obedient ear.
repreensor	1	reprover (0.67), earring (0.33), ornament (0.20), obedient (0.06)	Provérbios 25:12 — As an earring of gold, and an ornament of fine gold, so is a wise reprover upon an obedient ear.
frouxas	1	legs (0.09), lame (0.06), equal (0.04), fools (0.04)	Provérbios 26:7 — The legs of the lame are not equal: so is a parable in the mouth of fools.
pilão	1	pestle (1.00), bray (0.67), mortar (0.67), foolishness (0.08)	Provérbios 27:22 — Though thou shouldest bray a fool in a mortar among wheat with a pestle, yet will not his foolishness depart from him.
bramante	1	ranging (1.00), roaring (0.11), lion (0.02), ruler (0.02)	Provérbios 28:15 — As a roaring lion, and a ranging bear; so is a wicked ruler over the poor people.
vazão	1	uttereth (0.20), afterwards (0.10), keepeth (0.04), fool (0.03)	Provérbios 29:11 — A fool uttereth all his mind: but a wise man keepeth it in till afterwards.
agur	1	agur (1.00), jakeh (1.00), ucal (1.00), ithiel (0.67)	Provérbios 30:1 — The words of Agur the son of Jakeh, even the prophecy: the man spake unto Ithiel, even unto Ithiel and Ucal,
jaque	1	agur (1.00), jakeh (1.00), ucal (1.00), ithiel (0.67)	Provérbios 30:1 — The words of Agur the son of Jakeh, even the prophecy: the man spake unto Ithiel, even unto Ithiel and Ucal,
ucal	1	agur (1.00), jakeh (1.00), ucal (1.00), ithiel (0.67)	Provérbios 30:1 — The words of Agur the son of Jakeh, even the prophecy: the man spake unto Ithiel, even unto Ithiel and Ucal,
costumeira	1	convenient (0.18), poverty (0.08), remove (0.04), lies (0.03)	Provérbios 30:8 — Remove far from me vanity and lies: give me neither poverty nor riches; feed me with food convenient for me:
queixais	1	jaw (0.40), knives (0.33), teeth (0.04), needy (0.03)	Provérbios 30:14 — There is a generation, whose teeth are as swords, and their jaw teeth as knives, to devour the poor from off the earth, and the needy from among men.
higaiom	1	higgaion (1.00), executeth (0.18), snared (0.18), selah (0.03)	Salmos 9:16 — The LORD is known by the judgment which he executeth: the wicked is snared in the work of his own hands. Higgaion. Selah.
imprecações	1	fraud (0.25), cursing (0.07), deceit (0.06), mischief (0.04)	Salmos 10:7 — His mouth is full of cursing and deceit and fraud: under his tongue is mischief and vanity.
réprobo	1	changeth (0.50), contemned (0.40), honoureth (0.22), sweareth (0.17)	Salmos 15:4 — In whose eyes a vile person is contemned; but he honoureth them that fear the LORD. He that sweareth to his own hurt, and changeth not.
permanence	1	enduring (0.50), altogether (0.05), clean (0.01), judgments (0.01)	Salmos 19:9 — The fear of the LORD is clean, enduring for ever: the judgments of the LORD are true and righteous altogether.
pôr-me-á	1	pavilion (0.29), hide (0.02), trouble (0.02), rock (0.01)	Salmos 27:5 — For in the time of trouble he shall hide me in his pavilion: in the secret of his tabernacle shall he hide me; he shall set me up upon a rock.
desaforos	1	pavilion (0.29), secretly (0.08), strife (0.04), tongues (0.03)	Salmos 31:20 — Thou shalt hide them in the secret of thy presence from the pride of man: thou shalt keep them secretly in a pavilion from the strife of tongues.
encobri-los-ás	1	pavilion (0.29), secretly (0.08), strife (0.04), tongues (0.03)	Salmos 31:20 — Thou shalt hide them in the secret of thy presence from the pride of man: thou shalt keep them secretly in a pavilion from the strife of tongues.
cabresto	1	bit (0.50), mule (0.25), bridle (0.18), horse (0.05)	Salmos 32:9 — Be ye not as the horse, or as the mule, which have no understanding: whose mouth must be held in with bit and bridle, lest they come near unto thee.
falaz	1	safety (0.05), horse (0.05), vain (0.01), strength (0.01)	Salmos 33:17 — An horse is a vain thing for safety: neither shall he deliver any by his great strength.
abjetos	1	abjects (1.00), adversity (0.17), tear (0.13), ceased (0.04)	Salmos 35:15 — But in mine adversity they rejoiced, and gathered themselves together: yea, the abjects gathered themselves together against me, and I knew it not; th
sobrepassam	1	heavy (0.04), too (0.03), burden (0.03), iniquities (0.01)	Salmos 38:4 — For mine iniquities are gone over mine head: as an heavy burden they are too heavy for me.
charco	1	miry (0.40), horrible (0.22), goings (0.08), clay (0.06)	Salmos 40:2 — He brought me up also out of an horrible pit, out of the miry clay, and set my feet upon a rock, and established my goings.
hermonitas	1	hermonites (1.00), mizar (1.00), hill (0.02), jordan (0.01)	Salmos 42:6 — O my God, my soul is cast down within me: therefore will I remember thee from the land of Jordan, and of the Hermonites, from the hill Mizar.
catadupas	1	waterspouts (1.00), billows (0.67), calleth (0.06), waves (0.05)	Salmos 42:7 — Deep calleth unto deep at the noise of thy waterspouts: all thy waves and thy billows are gone over me.
amolada	1	mischiefs (0.40), deviseth (0.22), razor (0.22), deceitfully (0.17)	Salmos 52:2 — Thy tongue deviseth mischiefs; like a sharp razor, working deceitfully.
fraudulenta	1	devouring (0.20), lovest (0.14), deceitful (0.09), tongue (0.01)	Salmos 52:4 — Thou lovest all devouring words, O thou deceitful tongue.
desembainhadas	1	softer (1.00), smoother (0.67), butter (0.15), drawn (0.05)	Salmos 55:21 — The words of his mouth were smoother than butter, but war was in his heart: his words were softer than oil, yet were they drawn swords.
vagueações	1	tellest (1.00), wanderings (1.00), bottle (0.13), tears (0.05)	Salmos 56:8 — Thou tellest my wanderings: put thou my tears into thy bottle: are they not in thy book?
molares	1	lions (0.05), teeth (0.04), break (0.01), young (0.01)	Salmos 58:6 — Break their teeth, O God, in their mouth: break out the great teeth of the young lions, O LORD.
gordurosos	1	fatlings (0.22), bullocks (0.04), rams (0.03), selah (0.03)	Salmos 66:15 — I will offer unto thee burnt sacrifices of fatlings, with the incense of rams; I will offer bullocks with goats. Selah.
dávidas	1	ascended (0.06), rebellious (0.04), gifts (0.03), captive (0.02)	Salmos 68:18 — Thou hast ascended on high, thou hast led captivity captive: thou hast received gifts for men; yea, for the rebellious also, that the LORD God might d
aguaceiros	1	mown (1.00), showers (0.20), grass (0.03), rain (0.02)	Salmos 72:6 — He shall come down like rain upon the mown grass: as showers that water the earth.
maldosamente	1	loftily (1.00), oppression (0.06), wickedly (0.06), corrupt (0.04)	Salmos 73:8 — They are corrupt, and speak wickedly concerning oppression: they speak loftily.
pontadas	1	pricked (0.67), reins (0.11), grieved (0.04), heart (0.00)	Salmos 73:21 — Thus my heart was grieved, and I was pricked in my reins.
nô-los	1	told (0.01), known (0.01), fathers (0.00), heard (0.00)	Salmos 78:3 — Which we have heard and known, and our fathers have told us.
prenhes	1	ewes (0.50), following (0.03), feed (0.02), inheritance (0.01)	Salmos 78:71 — From following the ewes great with young he brought him to feed Jacob his people, and Israel his inheritance.
perícia	1	skilfulness (1.00), guided (0.25), integrity (0.11), fed (0.06)	Salmos 78:72 — So he fed them according to the integrity of his heart; and guided them by the skilfulness of his hands.
ter-se-lhe-iam	1	haters (0.67), submitted (0.50), endured (0.17), ever (0.00)	Salmos 81:15 — The haters of the LORD should have submitted themselves unto him: but their time should have endured for ever.
agarenos	1	hagarenes (1.00), ishmaelites (0.22), tabernacles (0.06), edom (0.02)	Salmos 83:6 — The tabernacles of Edom, and the Ishmaelites; of Moab, and the Hagarenes;
endor	1	en-dor (0.50), dung (0.07), perished (0.05), became (0.01)	Salmos 83:10 — Which perished at En-dor: they became as dung for the earth.
zebá	1	zeeb (0.50), oreb (0.33), zebah (0.20), zalmunna (0.20)	Salmos 83:11 — Make their nobles like Oreb, and like Zeeb: yea, all their princes as Zebah, and as Zalmunna:
zalmuna	1	zeeb (0.50), oreb (0.33), zebah (0.20), zalmunna (0.20)	Salmos 83:11 — Make their nobles like Oreb, and like Zeeb: yea, all their princes as Zebah, and as Zalmunna:
retalhado	1	terrors (0.13), fierce (0.03), goeth (0.01), wrath (0.01)	Salmos 88:16 — Thy fierce wrath goeth over me; thy terrors have cut me off.
viçosos	1	flourishing (0.67), age (0.03), fat (0.02), still (0.01)	Salmos 92:14 — They shall still bring forth fruit in old age; they shall be fat and flourishing;
florescentes	1	flourishing (0.67), age (0.03), fat (0.02), still (0.01)	Salmos 92:14 — They shall still bring forth fruit in old age; they shall be fat and flourishing;
cornetas	1	cornet (0.25), joyful (0.07), trumpets (0.04), noise (0.03)	Salmos 98:6 — With trumpets and sound of cornet make a joyful noise before the LORD, the King.
dando-lho	1	openest (0.67), givest (0.15), gather (0.01), filled (0.01)	Salmos 104:28 — That thou givest them they gather: thou openest thine hand, they are filled with good.
figueirais	1	vines (0.15), fig (0.04), coasts (0.04), brake (0.03)	Salmos 105:33 — He smote their vines also and their fig trees; and brake the trees of their coasts.
imprudentemente	1	unadvisedly (1.00), provoked (0.06), lips (0.02), spake (0.00)	Salmos 106:33 — Because they provoked his spirit, so that he spake unadvisedly with his lips.
lagoa	1	watersprings (0.67), turneth (0.06), dry (0.02), standing (0.02)	Salmos 107:35 — He turneth the wilderness into a standing water, and dry ground into watersprings.
inescrutável	1	unsearchable (0.29), praised (0.07), greatness (0.03), greatly (0.02)	Salmos 145:3 — Great is the LORD, and greatly to be praised; and his greatness is unsearchable.
altissonantes	1	sounding (0.18), cymbals (0.13), loud (0.02), praise (0.01)	Salmos 150:5 — Praise him upon the loud cymbals: praise him upon the high sounding cymbals.
patmos	1	patmos (1.00), isle (0.25), companion (0.13), tribulation (0.05)	Apocalipse 1:9 — I John, who also am your brother, and companion in tribulation, and in the kingdom and patience of Jesus Christ, was in the isle that is called Patmos
colírio	1	eyesalve (1.00), tried (0.07), anoint (0.05), nakedness (0.04)	Apocalipse 3:18 — I counsel thee to buy of me gold tried in the fire, that thou mayest be rich; and white raiment, that thou mayest be clothed, and that the shame of th
abadom	1	abaddon (1.00), apollyon (1.00), bottomless (0.25), greek (0.15)	Apocalipse 9:11 — And they had a king over them, which is the angel of the bottomless pit, whose name in the Hebrew tongue is Abaddon, but in the Greek tongue hath his 
apoliom	1	abaddon (1.00), apollyon (1.00), bottomless (0.25), greek (0.15)	Apocalipse 9:11 — And they had a king over them, which is the angel of the bottomless pit, whose name in the Hebrew tongue is Abaddon, but in the Greek tongue hath his 
armagedom	1	armageddon (1.00), hebrew (0.07), tongue (0.01), gathered (0.01)	Apocalipse 16:16 — And he gathered them together into a place called in the Hebrew tongue Armageddon.
odorífera	1	thyine (1.00), marble (0.40), silk (0.33), pearls (0.17)	Apocalipse 18:12 — The merchandise of gold, and silver, and precious stones, and of pearls, and fine linen, and purple, and silk, and scarlet, and all thyine wood, and a
olíbano	1	cinnamon (0.40), ointments (0.33), odours (0.25), slaves (0.25)	Apocalipse 18:13 — And cinnamon, and odours, and ointments, and frankincense, and wine, and oil, and fine flour, and wheat, and beasts, and sheep, and horses, and chario
trombeteiros	1	musicians (1.00), pipers (1.00), harpers (0.67), craftsman (0.67)	Apocalipse 18:22 — And the voice of harpers, and musicians, and of pipers, and trumpeters, shall be heard no more at all in thee; and no craftsman, of whatsoever craft h
calcedônia	1	chalcedony (1.00), garnished (0.33), emerald (0.33), jasper (0.25)	Apocalipse 21:19 — And the foundations of the wall of the city were garnished with all manner of precious stones. The first foundation was jasper; the second, sapphire; 
crisólito	1	sardonyx (1.00), chrysolite (1.00), chrysoprasus (1.00), jacinth (0.67)	Apocalipse 21:20 — The fifth, sardonyx; the sixth, sardius; the seventh, chrysolite; the eighth, beryl; the ninth, a topaz; the tenth, a chrysoprasus; the eleventh, a ja
crisópraso	1	sardonyx (1.00), chrysolite (1.00), chrysoprasus (1.00), jacinth (0.67)	Apocalipse 21:20 — The fifth, sardonyx; the sixth, sardius; the seventh, chrysolite; the eighth, beryl; the ninth, a topaz; the tenth, a chrysoprasus; the eleventh, a ja
inescusáveis	1	godhead (0.50), invisible (0.33), clearly (0.22), excuse (0.15)	Romanos 1:20 — For the invisible things of him from the creation of the world are clearly seen, being understood by the things that are made, even his eternal power 
detratores	1	backbiters (1.00), inventors (1.00), haters (0.67), boasters (0.67)	Romanos 1:30 — Backbiters, haters of God, despiteful, proud, boasters, inventors of evil things, disobedient to parents,
inescusável	1	inexcusable (1.00), condemnest (1.00), judgest (0.29), doest (0.04)	Romanos 2:1 — Therefore thou art inexcusable, O man, whosoever thou art that judgest: for wherein thou judgest another, thou condemnest thyself; for thou that judge
impenitente	1	treasurest (1.00), impenitent (0.50), hardness (0.06), revelation (0.03)	Romanos 2:5 — But after thy hardness and impenitent heart treasurest up unto thyself wrath against the day of wrath and revelation of the righteous judgment of God;
sacrilégio	1	sacrilege (1.00), abhorrest (0.50), sayest (0.04), dost (0.04)	Romanos 2:22 — Thou that sayest a man should not commit adultery, dost thou commit adultery? thou that abhorrest idols, dost thou commit sacrilege?
amortecimento	1	sara's (1.00), deadness (0.67), considered (0.09), weak (0.03)	Romanos 4:19 — And being not weak in faith, he considered not his own body now dead, when he was about an hundred years old, neither yet the deadness of Sara's womb:
atreve	1	bold (0.14), esaias (0.08), manifest (0.02), asked (0.02)	Romanos 10:20 — But Esaias is very bold, and saith, I was found of them that sought me not; I was made manifest unto them that asked not after me.
contradizente	1	gainsaying (0.40), disobedient (0.12), stretched (0.02), long (0.01)	Romanos 10:21 — But to Israel he saith, All day long I have stretched forth my hands unto a disobedient and gainsaying people.
rejeição	1	reconciling (0.50), receiving (0.09), casting (0.07), dead (0.00)	Romanos 11:15 — For if the casting away of them be the reconciling of the world, what shall the receiving of them be, but life from the dead?
endurecimento	1	conceits (0.67), blindness (0.11), ignorant (0.10), happened (0.07)	Romanos 11:25 — For I would not, brethren, that ye should be ignorant of this mystery, lest ye should be wise in your own conceits; that blindness in part is happened
inescrutáveis	1	unsearchable (0.29), finding (0.14), depth (0.11), past (0.03)	Romanos 11:33 — O the depth of the riches both of the wisdom and knowledge of God! how unsearchable are his judgments, and his ways past finding out!
impudícias	1	rioting (1.00), chambering (1.00), wantonness (0.67), honestly (0.40)	Romanos 13:13 — Let us walk honestly, as in the day; not in rioting and drunkenness, not in chambering and wantonness, not in strife and envying.
ilírico	1	illyricum (1.00), fully (0.06), wonders (0.03), preached (0.02)	Romanos 15:19 — Through mighty signs and wonders, by the power of the Spirit of God; so that from Jerusalem, and round about unto Illyricum, I have fully preached the
febe	1	phebe (1.00), cenchrea (0.67), commend (0.22), sister (0.02)	Romanos 16:1 — I commend unto you Phebe our sister, which is a servant of the church which is at Cenchrea:
epêneto	1	epaenetus (1.00), wellbeloved (0.33), achaia (0.17), greet (0.13)	Romanos 16:5 — Likewise greet the church that is in their house. Salute my wellbeloved Epaenetus, who is the firstfruits of Achaia unto Christ.
andrônico	1	andronicus (1.00), junia (1.00), fellowprisoners (1.00), note (0.50)	Romanos 16:7 — Salute Andronicus and Junia, my kinsmen, and my fellowprisoners, who are of note among the apostles, who also were in Christ before me.
júnia	1	andronicus (1.00), junia (1.00), fellowprisoners (1.00), note (0.50)	Romanos 16:7 — Salute Andronicus and Junia, my kinsmen, and my fellowprisoners, who are of note among the apostles, who also were in Christ before me.
amplíato	1	amplias (1.00), greet (0.13), beloved (0.01), lord (0.00)	Romanos 16:8 — Greet Amplias my beloved in the Lord.
estáquis	1	urbane (1.00), stachys (1.00), helper (0.20), salute (0.05)	Romanos 16:9 — Salute Urbane, our helper in Christ, and Stachys my beloved.
aristóbulo	1	apelles (1.00), aristobulus' (1.00), approved (0.17), salute (0.05)	Romanos 16:10 — Salute Apelles approved in Christ. Salute them which are of Aristobulus' household.
herodião	1	herodion (1.00), narcissus (1.00), kinsman (0.14), greet (0.13)	Romanos 16:11 — Salute Herodion my kinsman. Greet them that be of the household of Narcissus, which are in the Lord.
narciso	1	herodion (1.00), narcissus (1.00), kinsman (0.14), greet (0.13)	Romanos 16:11 — Salute Herodion my kinsman. Greet them that be of the household of Narcissus, which are in the Lord.
trifena	1	tryphena (1.00), tryphosa (1.00), persis (1.00), laboured (0.10)	Romanos 16:12 — Salute Tryphena and Tryphosa, who labour in the Lord. Salute the beloved Persis, which laboured much in the Lord.
trifosa	1	tryphena (1.00), tryphosa (1.00), persis (1.00), laboured (0.10)	Romanos 16:12 — Salute Tryphena and Tryphosa, who labour in the Lord. Salute the beloved Persis, which laboured much in the Lord.
pérside	1	tryphena (1.00), tryphosa (1.00), persis (1.00), laboured (0.10)	Romanos 16:12 — Salute Tryphena and Tryphosa, who labour in the Lord. Salute the beloved Persis, which laboured much in the Lord.
asíncrito	1	asyncritus (1.00), phlegon (1.00), hermas (1.00), patrobas (1.00)	Romanos 16:14 — Salute Asyncritus, Phlegon, Hermas, Patrobas, Hermes, and the brethren which are with them.
flegonte	1	asyncritus (1.00), phlegon (1.00), hermas (1.00), patrobas (1.00)	Romanos 16:14 — Salute Asyncritus, Phlegon, Hermas, Patrobas, Hermes, and the brethren which are with them.
hermas	1	asyncritus (1.00), phlegon (1.00), hermas (1.00), patrobas (1.00)	Romanos 16:14 — Salute Asyncritus, Phlegon, Hermas, Patrobas, Hermes, and the brethren which are with them.
pátrobas	1	asyncritus (1.00), phlegon (1.00), hermas (1.00), patrobas (1.00)	Romanos 16:14 — Salute Asyncritus, Phlegon, Hermas, Patrobas, Hermes, and the brethren which are with them.
hermes	1	asyncritus (1.00), phlegon (1.00), hermas (1.00), patrobas (1.00)	Romanos 16:14 — Salute Asyncritus, Phlegon, Hermas, Patrobas, Hermes, and the brethren which are with them.
filólogo	1	philologus (1.00), julia (1.00), nereus (1.00), olympas (1.00)	Romanos 16:15 — Salute Philologus, and Julia, Nereus, and his sister, and Olympas, and all the saints which are with them.
júlia	1	philologus (1.00), julia (1.00), nereus (1.00), olympas (1.00)	Romanos 16:15 — Salute Philologus, and Julia, Nereus, and his sister, and Olympas, and all the saints which are with them.
nereu	1	philologus (1.00), julia (1.00), nereus (1.00), olympas (1.00)	Romanos 16:15 — Salute Philologus, and Julia, Nereus, and his sister, and Olympas, and all the saints which are with them.
sosípatro	1	workfellow (1.00), sosipater (1.00), lucius (0.67), jason (0.33)	Romanos 16:21 — Timotheus my workfellow, and Lucius, and Jason, and Sosipater, my kinsmen, salute you.
tércio	1	tertius (1.00), salute (0.05), epistle (0.04), wrote (0.02)	Romanos 16:22 — I Tertius, who wrote this epistle, salute you in the Lord.
efrateus	1	ephrathites (1.00), chilion (0.67), mahlon (0.50), elimelech (0.40)	Rute 1:2 — And the name of the man was Elimelech, and the name of his wife Naomi, and the name of his two sons Mahlon and Chilion, Ephrathites of Beth-lehem-juda
fulano	1	kinsman (0.14), boaz (0.08), aside (0.02), sit (0.01)	Rute 4:1 — Then went Boaz up to the gate, and sat him down there: and, behold, the kinsman of whom Boaz spake came by; unto whom he said, Ho, such a one! turn as
declara-mo	1	advertise (0.67), buy (0.03), redeem (0.03), thought (0.02)	Rute 4:4 — And I thought to advertise thee, saying, Buy it before the inhabitants, and before the elders of my people. If thou wilt redeem it, redeem it: but if 
incrustações	1	studs (1.00), borders (0.02), silver (0.01), gold (0.00)	Cantares de Salomão 1:11 — We will make thee borders of gold with studs of silver.
varandas	1	rafters (1.00), beams (0.15), fir (0.09), cedar (0.04)	Cantares de Salomão 1:17 — The beams of our house are cedar, and our rafters of fir.
figuinhos	1	grape (0.20), vines (0.15), smell (0.10), figs (0.08)	Cantares de Salomão 2:13 — The fig tree putteth forth her green figs, and the vines with the tender grape give a good smell. Arise, my love, my fair one, and come away.
beter	1	bether (1.00), shadows (0.40), roe (0.22), hart (0.20)	Cantares de Salomão 2:17 — Until the day break, and the shadows flee away, turn, my beloved, and be thou like a roe or a young hart upon the mountains of Bether.
amana	1	amana (1.00), shenir (0.67), leopards (0.67), lions' (0.50)	Cantares de Salomão 4:8 — Come with me from Lebanon, my spouse, with me from Lebanon: look from the top of Amana, from the top of Shenir and Hermon, from the lions' dens, from 
açafrão	1	saffron (1.00), calamus (0.50), cinnamon (0.40), spikenard (0.33)	Cantares de Salomão 4:14 — Spikenard and saffron; calamus and cinnamon, with all trees of frankincense; myrrh and aloes, with all the chief spices:
crespos	1	bushy (1.00), raven (0.29), locks (0.13), black (0.09)	Cantares de Salomão 5:11 — His head is as the most fine gold, his locks are bushy, and black as a raven.
canteiro	1	dropping (0.50), smelling (0.50), cheeks (0.17), lilies (0.15)	Cantares de Salomão 5:13 — His cheeks are as a bed of spices, as sweet flowers: his lips like lilies, dropping sweet smelling myrrh.
destilante	1	dropping (0.50), smelling (0.50), cheeks (0.17), lilies (0.15)	Cantares de Salomão 5:13 — His cheeks are as a bed of spices, as sweet flowers: his lips like lilies, dropping sweet smelling myrrh.
bate-rabim	1	fishpools (1.00), bath-rabbim (1.00), ivory (0.14), nose (0.14)	Cantares de Salomão 7:4 — Thy neck is as a tower of ivory; thine eyes like the fishpools in Heshbon, by the gate of Bath-rabbim: thy nose is as the tower of Lebanon which looke
baal-hamom	1	baal-hamon (1.00), keepers (0.09), pieces (0.02), vineyard (0.01)	Cantares de Salomão 8:11 — Solomon had a vineyard at Baal-hamon; he let out the vineyard unto keepers; every one for the fruit thereof was to bring a thousand pieces of silver.
faze-ma	1	gardens (0.14), dwellest (0.09), companions (0.09), hearken (0.01)	Cantares de Salomão 8:13 — Thou that dwellest in the gardens, the companions hearken to thy voice: cause me to hear it.
contradizentes	1	gainsayers (1.00), convince (0.20), holding (0.11), exhort (0.05)	Tito 1:9 — Holding fast the faithful word as he hath been taught, that he may be able by sound doctrine both to exhort and to convince the gainsayers.
insubordinados	1	talkers (0.67), unruly (0.40), deceivers (0.40), specially (0.29)	Tito 1:10 — For there are many unruly and vain talkers and deceivers, specially they of the circumcision:
respeitabilidade	1	uncorruptness (1.00), gravity (0.67), sincerity (0.14), shewing (0.13)	Tito 2:7 — In all things shewing thyself a pattern of good works: in doctrine shewing uncorruptness, gravity, sincerity,
mundanas	1	soberly (0.67), worldly (0.50), ungodliness (0.33), denying (0.17)	Tito 2:12 — Teaching us that, denying ungodliness and worldly lusts, we should live soberly, righteously, and godly, in this present world;
artemas	1	artemas (1.00), nicopolis (1.00), tychicus (0.33), winter (0.13)	Tito 3:12 — When I shall send Artemas unto thee, or Tychicus, be diligent to come unto me to Nicopolis: for I have determined there to winter.
nicópolis	1	artemas (1.00), nicopolis (1.00), tychicus (0.33), winter (0.13)	Tito 3:12 — When I shall send Artemas unto thee, or Tychicus, be diligent to come unto me to Nicopolis: for I have determined there to winter.
zenas	1	zenas (1.00), lawyer (0.40), wanting (0.25), apollos (0.17)	Tito 3:13 — Bring Zenas the lawyer and Apollos on their journey diligently, that nothing be wanting unto them.
infrutíferos	1	uses (1.00), unfruitful (0.22), our's (0.15), necessary (0.06)	Tito 3:14 — And let our's also learn to maintain good works for necessary uses, that they be not unfruitful.
pô-las-ei	1	prophesyings (0.50), contain (0.08), choice (0.04), revelations (0.04)	Palavras de Mórmon 1:6 — But behold, I shall take these plates, which contain these prophesyings and revelations, and put them with the remainder of my record, for they are ch
tenção	1	dealt (0.03), doings (0.03), thought (0.02), statutes (0.01)	Zacarias 1:6 — But my words and my statutes, which I commanded my servants the prophets, did they not take hold of your fathers? and they returned and said, Like as 
sebate	1	sebat (1.00), berechiah (0.18), iddo (0.14), darius (0.08)	Zacarias 1:7 — Upon the four and twentieth day of the eleventh month, which is the month Sebat, in the second year of Darius, came the word of the LORD unto Zecharia
portentosos	1	fellows (0.13), wondered (0.10), branch (0.03), sit (0.01)	Zacarias 3:8 — Hear now, O Joshua the high priest, thou, and thy fellows that sit before thee: for they are men wondered at: for, behold, I will bring forth my serva
régem-meleque	1	sherezer (1.00), regem-melech (1.00), pray (0.01), sent (0.00)	Zacarias 7:2 — When they had sent unto the house of God Sherezer and Regem-melech, and their men, to pray before the LORD,
hadraque	1	hadrach (1.00), damascus (0.03), burden (0.03), tribes (0.01)	Zacarias 9:1 — The burden of the word of the LORD in the land of Hadrach, and Damascus shall be the rest thereof: when the eyes of man, as of all the tribes of Israe
pôr-te-ei	1	greece (0.67), bent (0.17), raised (0.02), bow (0.02)	Zacarias 9:13 — When I have bent Judah for me, filled the bow with Ephraim, and raised up thy sons, O Zion, against thy sons, O Greece, and made thee as the sword of 
hadade-rimom	1	hadadrimmon (1.00), megiddon (1.00), mourning (0.03), valley (0.01)	Zacarias 12:11 — In that day shall there be a great mourning in Jerusalem, as the mourning of Hadadrimmon in the valley of Megiddon.
mactés	1	maktesh (1.00), merchant (0.14), howl (0.06), inhabitants (0.01)	Sofonias 1:11 — Howl, ye inhabitants of Maktesh, for all the merchant people are cut down; all they that bear silver are cut off.
bramantes	1	gnaw (1.00), wolves (0.18), roaring (0.11), lions (0.05)	Sofonias 3:3 — Her princes within her are roaring lions; her judges are evening wolves; they gnaw not the bones till the morrow.